Strain	Rhizobium_anhuiense_QUR0004	Rhizobium_anhuiense_QUR0010	Rhizobium_anhuiense_QUR0012	Rhizobium_anhuiense_QUR0013	Rhizobium_anhuiense_QUR0014	Rhizobium_anhuiense_QUR0015	Rhizobium_anhuiense_QUR0020	Rhizobium_anhuiense_QUR0021	Rhizobium_anhuiense_QUR0022	Rhizobium_anhuiense_QUR0023	Rhizobium_anhuiense_QUR0040	Rhizobium_anhuiense_QUR0041	Rhizobium_anhuiense_QUR0072	Rhizobium_anhuiense_QUR0074	Rhizobium_anhuiense_QUR0094	Rhizobium_anhuiense_QUR0096	Rhizobium_anhuiense_QUR0109	Rhizobium_anhuiense_QUR0123	Rhizobium_anhuiense_QUR0194	Rhizobium_anhuiense_QUR0195	Rhizobium_anhuiense_QUR0196	Rhizobium_anhuiense_QUR0203	Rhizobium_anhuiense_QUR0204	Rhizobium_anhuiense_QUR0205	Rhizobium_anhuiense_QUR0207	Rhizobium_anhuiense_QUR0209	Rhizobium_binxianense_QUR0024	Rhizobium_binxianense_QUR0068	Rhizobium_binxianense_QUR0135	Rhizobium_binxianense_QUR0170	Rhizobium_binxianense_QUR0191	Rhizobium_binxianense_QUR0206	Rhizobium_croatiense_QUR0011	Rhizobium_croatiense_QUR0016	Rhizobium_croatiense_QUR0017	Rhizobium_croatiense_QUR0018	Rhizobium_croatiense_QUR0019	Rhizobium_croatiense_QUR0032	Rhizobium_croatiense_QUR0033	Rhizobium_croatiense_QUR0034	Rhizobium_croatiense_QUR0036	Rhizobium_croatiense_QUR0037	Rhizobium_croatiense_QUR0038	Rhizobium_croatiense_QUR0039	Rhizobium_croatiense_QUR0043	Rhizobium_croatiense_QUR0045	Rhizobium_croatiense_QUR0046	Rhizobium_croatiense_QUR0048	Rhizobium_croatiense_QUR0053	Rhizobium_croatiense_QUR0054	Rhizobium_croatiense_QUR0055	Rhizobium_croatiense_QUR0057	Rhizobium_croatiense_QUR0058	Rhizobium_croatiense_QUR0076	Rhizobium_croatiense_QUR0077	Rhizobium_croatiense_QUR0078	Rhizobium_croatiense_QUR0079	Rhizobium_croatiense_QUR0081	Rhizobium_croatiense_QUR0082	Rhizobium_croatiense_QUR0083	Rhizobium_croatiense_QUR0084	Rhizobium_croatiense_QUR0085	Rhizobium_croatiense_QUR0086	Rhizobium_croatiense_QUR0087	Rhizobium_croatiense_QUR0088	Rhizobium_croatiense_QUR0089	Rhizobium_croatiense_QUR0090	Rhizobium_croatiense_QUR0103	Rhizobium_croatiense_QUR0106	Rhizobium_croatiense_QUR0111	Rhizobium_croatiense_QUR0113	Rhizobium_croatiense_QUR0114	Rhizobium_croatiense_QUR0115	Rhizobium_croatiense_QUR0116	Rhizobium_croatiense_QUR0117	Rhizobium_croatiense_QUR0126	Rhizobium_croatiense_QUR0130	Rhizobium_croatiense_QUR0132	Rhizobium_croatiense_QUR0133	Rhizobium_croatiense_QUR0134	Rhizobium_croatiense_QUR0137	Rhizobium_croatiense_QUR0149	Rhizobium_croatiense_QUR0150	Rhizobium_croatiense_QUR0151	Rhizobium_croatiense_QUR0152	Rhizobium_croatiense_QUR0153	Rhizobium_croatiense_QUR0154	Rhizobium_croatiense_QUR0155	Rhizobium_croatiense_QUR0156	Rhizobium_croatiense_QUR0158	Rhizobium_croatiense_QUR0160	Rhizobium_croatiense_QUR0161	Rhizobium_croatiense_QUR0162	Rhizobium_croatiense_QUR0163	Rhizobium_croatiense_QUR0165	Rhizobium_croatiense_QUR0166	Rhizobium_croatiense_QUR0167	Rhizobium_croatiense_QUR0168	Rhizobium_croatiense_QUR0171	Rhizobium_croatiense_QUR0173	Rhizobium_croatiense_QUR0174	Rhizobium_croatiense_QUR0181	Rhizobium_croatiense_QUR0183	Rhizobium_croatiense_QUR0184	Rhizobium_croatiense_QUR0185	Rhizobium_croatiense_QUR0190	Rhizobium_croatiense_QUR0227	Rhizobium_croatiense_QUR0228	Rhizobium_croatiense_QUR0257	Rhizobium_croatiense_QUR0258	Rhizobium_croatiense_QUR0261	Rhizobium_croatiense_QUR0266	Rhizobium_croatiense_QUR0267	Rhizobium_croatiense_QUR0268	Rhizobium_hidalgonense_QUR0172	Rhizobium_johnstonii_QUR0049	Rhizobium_johnstonii_QUR0061	Rhizobium_johnstonii_QUR0064	Rhizobium_johnstonii_QUR0065	Rhizobium_johnstonii_QUR0098	Rhizobium_johnstonii_QUR0099	Rhizobium_johnstonii_QUR0100	Rhizobium_johnstonii_QUR0101	Rhizobium_johnstonii_QUR0102	Rhizobium_johnstonii_QUR0128	Rhizobium_johnstonii_QUR0140	Rhizobium_johnstonii_QUR0141	Rhizobium_johnstonii_QUR0142	Rhizobium_johnstonii_QUR0143	Rhizobium_johnstonii_QUR0144	Rhizobium_johnstonii_QUR0145	Rhizobium_johnstonii_QUR0175	Rhizobium_johnstonii_QUR0176	Rhizobium_johnstonii_QUR0178	Rhizobium_johnstonii_QUR0179	Rhizobium_johnstonii_QUR0180	Rhizobium_johnstonii_QUR0263	Rhizobium_johnstonii_QUR0264	Rhizobium_laguerreae_QUR0112	Rhizobium_laguerreae_QUR0159	Rhizobium_laguerreae_QUR0226	Rhizobium_leguminosarum_QUR0028	Rhizobium_leguminosarum_QUR0030	Rhizobium_leguminosarum_QUR0031	Rhizobium_leguminosarum_QUR0035	Rhizobium_leguminosarum_QUR0050	Rhizobium_leguminosarum_QUR0051	Rhizobium_leguminosarum_QUR0062	Rhizobium_leguminosarum_QUR0104	Rhizobium_leguminosarum_QUR0105	Rhizobium_leguminosarum_QUR0110	Rhizobium_leguminosarum_QUR0120	Rhizobium_leguminosarum_QUR0121	Rhizobium_leguminosarum_QUR0122	Rhizobium_leguminosarum_QUR0129	Rhizobium_leguminosarum_QUR0136	Rhizobium_leguminosarum_QUR0138	Rhizobium_leguminosarum_QUR0139	Rhizobium_leguminosarum_QUR0157	Rhizobium_leguminosarum_QUR0169	Rhizobium_leguminosarum_QUR0177	Rhizobium_leguminosarum_QUR0186	Rhizobium_leguminosarum_QUR0210	Rhizobium_leguminosarum_QUR0211	Rhizobium_leguminosarum_QUR0213	Rhizobium_leguminosarum_QUR0214	Rhizobium_mongolense_QUR0056	Rhizobium_mongolense_QUR0080	Rhizobium_mongolense_QUR0164	Rhizobium_mongolense_QUR0187	Rhizobium_sophoriradicis_QUR0001	Rhizobium_sophoriradicis_QUR0002	Rhizobium_sophoriradicis_QUR0003	Rhizobium_sophoriradicis_QUR0005	Rhizobium_sophoriradicis_QUR0006	Rhizobium_sophoriradicis_QUR0007	Rhizobium_sophoriradicis_QUR0009	Rhizobium_sophoriradicis_QUR0052	Rhizobium_sophoriradicis_QUR0059	Rhizobium_sophoriradicis_QUR0060	Rhizobium_sophoriradicis_QUR0067	Rhizobium_sophoriradicis_QUR0069	Rhizobium_sophoriradicis_QUR0091	Rhizobium_sophoriradicis_QUR0095	Rhizobium_sophoriradicis_QUR0119	Rhizobium_sophoriradicis_QUR0125	Rhizobium_sophoriradicis_QUR0131	Rhizobium_sophoriradicis_QUR0189	Rhizobium_sophoriradicis_QUR0192	Rhizobium_sophoriradicis_QUR0197	Rhizobium_sophoriradicis_QUR0198	Rhizobium_sophoriradicis_QUR0199	Rhizobium_sophoriradicis_QUR0200	Rhizobium_sophoriradicis_QUR0201	Rhizobium_sophoriradicis_QUR0202	Rhizobium_sophoriradicis_QUR0212	Rhizobium_sophoriradicis_QUR0259	Rhizobium_sophoriradicis_QUR0260	Rhizobium_sophoriradicis_QUR0262	Rhizobium_sophoriradicis_QUR0265	Rhizobium_sp_QUR0029	Rhizobium_sp_QUR0042	Rhizobium_sp_QUR0044	Rhizobium_sp_QUR0047	Rhizobium_sp_QUR0063	Rhizobium_sp_QUR0070	Rhizobium_sp_QUR0071	Rhizobium_sp_QUR0073	Rhizobium_sp_QUR0075	Rhizobium_sp_QUR0092	Rhizobium_sp_QUR0093	Rhizobium_sp_QUR0107	Rhizobium_sp_QUR0108	Rhizobium_sp_QUR0188	Rhizobium_sp_QUR0208	Rhizobium_sp_QUR0225
Rhizobium_anhuiense_QUR0004	100	99.1496	99.99305	99.99	99.98345	99.99075	99.9916	99.98835	99.98935	99.99125	99.99085	99.9897	99.9225	99.1	99.9916	99.17315	99.99	99.98945	99.9954	99.9922	99.9942	99.993	99.9896	99.98745	99.99	99.99005	91.494	91.50465	91.47745	91.42245	91.50145	91.4609	89.0842	89.27865	89.31535	89.30825	89.3374	89.3091	89.12875	88.98915	89.0571	88.99575	88.9547	89.333	89.2808	89.3152	89.0315	89.2998	89.26875	89.2772	89.28535	89.31645	89.3161	89.28025	89.0537	88.93555	89.2586	89.284	89.23305	89.2312	89.29385	88.99955	89.0082	89.06305	89.3148	89.2727	88.9624	88.945	89.3366	89.29	88.997	89.32335	89.2672	89.31085	89.2994	88.9557	89.03305	89.2995	89.32635	88.9685	88.992	89.24365	89.3192	89.2911	89.3055	89.0086	89.26615	88.96815	89.27275	88.8848	89.0265	88.9586	88.91805	89.32675	89.2673	89.31445	89.27095	89.3014	89.0402	89.1755	89.18885	89.2477	88.94825	89.2908	89.29915	89.0262	89.29275	89.2644	89.29705	89.30325	89.41295	89.28975	89.3269	89.33265	89.9978	91.8473	91.85485	91.8392	91.83285	91.8119	91.8538	91.85855	91.81555	91.7987	91.8126	91.8287	91.8085	91.8112	91.82805	91.8605	91.88025	91.80885	91.83555	91.8313	91.8446	91.8166	91.8398	91.8449	91.51345	91.51355	91.5134	92.23235	92.21585	92.17625	92.2242	92.00875	92.18375	91.94845	92.21315	92.2059	92.1769	92.20065	92.20505	92.20975	92.21155	92.0713	92.21405	92.1985	92.20015	92.1999	92.21865	92.1982	92.22195	92.20965	92.208	92.19515	81.83075	81.83185	81.8985	81.85585	88.65885	88.67035	88.65	88.65195	88.7169	88.64405	88.68135	88.65935	88.63885	88.7182	88.6537	88.66375	88.68365	88.6669	88.6441	88.63815	88.6431	88.66425	88.65645	88.6485	88.6725	88.67455	88.6756	88.65705	88.67785	88.6502	88.69155	88.66825	88.6781	88.6247	90.0336	90.2064	91.6454	91.5942	90.12575	90.20305	90.03245	90.20425	90.19285	90.04135	90.05755	91.62275	90.22755	91.58875	90.2156	91.5332
Rhizobium_anhuiense_QUR0010	99.1496	100	99.1581	99.1373	99.14985	99.1354	99.1516	99.1561	99.1669	99.15375	99.15285	99.14735	99.089	99.9728	99.13065	99.98215	99.14805	99.14255	99.1382	99.14545	99.1484	99.1715	99.1616	99.15975	99.1602	99.1439	91.58875	91.61285	91.5742	91.54105	91.59305	91.59015	89.0758	89.4313	89.4253	89.3877	89.42155	89.3654	89.20235	89.1004	89.106	89.1348	89.114	89.3577	89.3732	89.3972	89.0962	89.4063	89.39605	89.38705	89.38605	89.4028	89.36975	89.38605	89.1246	89.0886	89.32145	89.34475	89.3464	89.37415	89.38305	89.07975	89.1038	89.1768	89.3549	89.3597	89.0853	89.1043	89.37655	89.39105	89.0338	89.36085	89.369	89.3774	89.3584	89.04285	89.1102	89.38435	89.38275	89.08345	89.1289	89.34075	89.3395	89.3933	89.3734	89.08525	89.38365	89.13045	89.32165	89.06695	89.11755	89.05215	89.1166	89.39315	89.3476	89.4246	89.42335	89.35885	89.11655	89.1613	89.1809	89.3572	89.073	89.3221	89.3508	89.103	89.33605	89.41515	89.4443	89.3821	89.5006	89.3852	89.3676	89.3927	90.12095	91.9156	91.88505	91.90835	91.89355	91.89525	91.8652	91.91635	91.9032	91.87185	91.9011	91.9121	91.8786	91.9008	91.89065	91.88385	91.92195	91.88505	91.8839	91.9011	91.90645	91.9006	91.905	91.92835	91.62085	91.62875	91.64655	92.23905	92.2581	92.2649	92.25555	92.0938	92.23065	91.99355	92.2819	92.24155	92.25485	92.25865	92.2726	92.2597	92.2567	92.0961	92.277	92.269	92.25825	92.24835	92.3163	92.21835	92.24805	92.2662	92.295	92.26575	81.84565	81.80615	81.8594	81.82025	88.76485	88.8529	88.81515	88.82185	88.79135	88.82555	88.8476	88.8007	88.74775	88.7933	88.81055	88.8098	88.84225	88.8277	88.7578	88.71875	88.7552	88.70915	88.83135	88.8455	88.8385	88.826	88.86245	88.86965	88.87555	88.8317	88.8586	88.83525	88.8524	88.68335	90.107	90.28975	91.6339	91.6572	90.17025	90.325	90.13545	90.3495	90.34465	90.12015	90.11785	91.61155	90.3377	91.6244	90.3644	91.6012
Rhizobium_anhuiense_QUR0012	99.99305	99.1581	100	99.9948	99.99055	99.9898	99.99315	99.97455	99.98695	99.9893	99.9875	99.9872	99.91065	99.148	99.99345	99.1606	99.9936	99.99125	99.9879	99.98875	99.99315	99.98035	99.9802	99.98545	99.9836	99.99355	91.64475	91.6813	91.6351	91.60025	91.67995	91.6784	89.0272	89.2257	89.27105	89.2729	89.2704	89.3029	89.1398	89.2839	89.0581	89.03925	88.95945	89.2698	89.2601	89.2424	89.04365	89.28765	89.2659	89.25045	89.25835	89.28255	89.2682	89.287	89.05515	89.24715	89.26925	89.29505	89.24855	89.2581	89.26395	88.99465	89.0175	89.0647	89.3106	89.26645	88.96205	88.9496	89.30385	89.28625	88.97695	89.2837	89.27295	89.3152	89.3037	89.2246	89.04445	89.26045	89.2697	88.9909	89.2633	89.24165	89.29905	89.31645	89.2556	89.0299	89.25485	88.9797	89.26985	88.9516	89.06925	89.2353	88.95985	89.3119	89.25995	89.2816	89.2488	89.288	89.05165	89.14895	89.1761	89.26705	89.20965	89.32585	89.2935	89.05065	89.2484	89.24755	89.28485	89.2918	89.39945	89.2471	89.26475	89.3073	89.9919	91.82475	91.88025	91.82665	91.82985	91.8109	91.86405	91.87525	91.81765	91.80645	91.8338	91.8235	91.84095	91.82675	91.8287	91.8597	91.8526	91.79005	91.82525	91.79845	91.83805	91.8137	91.8241	91.81675	91.5135	91.5197	91.5212	92.168	92.1836	92.17105	92.1842	91.9873	92.15355	91.935	92.19955	92.19125	92.1655	92.18885	92.1932	92.17445	92.15785	92.07315	92.20585	92.1726	92.1744	92.1754	92.221	92.1351	92.1918	92.1772	92.18425	92.1665	81.8231	81.79365	81.87335	81.85205	88.9878	88.97915	88.9477	88.94565	89.0032	88.94315	88.97295	88.9867	88.9351	89.0209	88.97165	88.9734	88.9631	88.96545	88.9653	89.05315	88.95715	89.08165	88.94635	88.93895	88.9665	88.96615	88.96695	88.9838	88.96915	88.9487	88.9654	88.9771	88.9826	89.06	90.075	90.1757	91.62925	91.6163	90.1185	90.20565	90.0923	90.21365	90.2056	90.0477	90.07445	91.6205	90.2261	91.5899	90.2121	91.53125
Rhizobium_anhuiense_QUR0013	99.99	99.1373	99.9948	100	99.99385	99.9463	99.9911	99.98075	99.98375	99.98435	99.99155	99.99015	99.91745	99.1412	99.99575	99.1475	99.99075	99.99495	99.99455	99.99165	99.99075	99.9711	99.9698	99.97915	99.9809	99.99505	91.6756	91.63155	91.62655	91.59605	91.66825	91.6777	88.99845	89.27575	89.2781	89.25065	89.28025	89.3112	89.1365	89.206	89.0174	89.04445	89.00025	89.2729	89.28285	89.27285	88.9949	89.30165	89.29375	89.27635	89.22435	89.2476	89.2626	89.31585	88.9699	89.22515	89.2731	89.2898	89.2629	89.2334	89.2598	88.957	88.9767	89.0252	89.29545	89.28735	88.96665	88.9934	89.3094	89.24645	88.9451	89.2598	89.29495	89.2786	89.28555	89.1745	88.9563	89.2855	89.28645	89.02985	89.20525	89.2575	89.28545	89.32615	89.2057	88.9626	89.2371	88.9977	89.26495	88.94755	89.03065	89.2109	88.9884	89.2397	89.30915	89.30825	89.29755	89.306	89.05135	89.1436	89.0781	89.2775	89.18285	89.2834	89.28365	89.00445	89.2315	89.26875	89.29255	89.31255	89.39975	89.2806	89.2559	89.2472	89.9702	91.87285	91.8821	91.86455	91.859	91.8726	91.86205	91.88605	91.86205	91.8406	91.87095	91.8556	91.86495	91.8467	91.87615	91.8728	91.8927	91.8506	91.86965	91.85235	91.872	91.8698	91.8316	91.8267	91.51735	91.54045	91.49235	92.1372	92.16315	92.1429	92.18435	92.00895	92.1081	91.9363	92.188	92.13395	92.1537	92.1656	92.14785	92.1656	92.1558	92.0406	92.1378	92.1142	92.16935	92.1801	92.21615	92.115	92.1639	92.1497	92.1603	92.16375	81.7787	81.77	81.8103	81.8234	88.9513	88.92465	88.97205	88.8916	88.95615	88.8936	88.93545	88.92535	88.93615	88.94785	88.92605	88.9389	88.90145	88.90635	88.9449	89.02935	88.9832	89.0026	88.9148	88.9138	88.9195	88.9265	88.9259	88.90535	88.91145	88.9023	88.91085	88.8978	88.9252	89.0233	90.0672	90.191	91.62865	91.59785	90.09955	90.1576	90.0676	90.20575	90.1608	90.0495	90.0496	91.60525	90.18745	91.5893	90.2006	91.5757
Rhizobium_anhuiense_QUR0014	99.98345	99.14985	99.99055	99.99385	100	99.9462	99.9823	99.97885	99.9817	99.98905	99.98655	99.9825	99.9097	99.1285	99.9937	99.15415	99.98585	99.99335	99.98795	99.98515	99.98335	99.9836	99.9821	99.98575	99.9806	99.9939	91.69035	91.6815	91.64145	91.58575	91.70495	91.6781	89.0261	89.2929	89.33965	89.29485	89.34305	89.3501	89.19705	89.2799	89.0772	89.09625	89.0596	89.3306	89.32545	89.3374	89.07935	89.37825	89.35695	89.34885	89.31965	89.31255	89.3067	89.3472	89.0752	89.28945	89.3315	89.3558	89.3048	89.29675	89.3006	89.0016	89.0471	89.09755	89.34525	89.3335	89.05825	89.04725	89.37385	89.3151	89.00965	89.3137	89.34665	89.34305	89.33105	89.24125	89.02685	89.33075	89.32485	89.08425	89.2739	89.3261	89.31305	89.37715	89.2772	89.0414	89.2795	89.0792	89.3326	88.98525	89.08335	89.2543	89.0339	89.30855	89.357	89.34795	89.3369	89.35215	89.09025	89.2086	89.1247	89.336	89.24795	89.3412	89.34395	89.05615	89.26935	89.32465	89.37415	89.35335	89.44445	89.3081	89.2841	89.3184	90.0339	91.9003	91.8975	91.9089	91.8978	91.8833	91.89235	91.9067	91.884	91.87415	91.89235	91.88085	91.8916	91.872	91.89315	91.90415	91.90945	91.86595	91.89325	91.89305	91.89455	91.8988	91.87025	91.8512	91.5762	91.56545	91.5492	92.1653	92.21885	92.1907	92.1958	92.05515	92.12415	91.9701	92.22715	92.1656	92.2016	92.1892	92.18225	92.1733	92.1528	92.0481	92.17705	92.1338	92.1724	92.1943	92.25605	92.14795	92.1833	92.1542	92.1969	92.1752	81.7982	81.79315	81.8426	81.8464	89.00035	88.9638	88.9718	88.9569	88.99205	88.946	88.9646	89.02005	88.99105	88.9735	89.00875	88.99085	88.9746	88.97565	88.9778	89.07475	89.0313	89.07685	88.9517	88.96085	88.9717	88.9524	88.96045	88.99085	88.9897	88.97655	88.9834	88.95625	88.98595	89.0978	90.093	90.225	91.6495	91.6367	90.1507	90.20985	90.13775	90.248	90.243	90.12445	90.1026	91.64065	90.218	91.6202	90.24015	91.62035
Rhizobium_anhuiense_QUR0015	99.99075	99.1354	99.9898	99.9463	99.9462	100	99.98905	99.99065	99.99005	99.99105	99.9856	99.986	99.9122	99.1389	99.94935	99.1579	99.98755	99.9466	99.9876	99.9861	99.9885	99.99155	99.99005	99.9885	99.99175	99.94705	91.6948	91.7024	91.66405	91.6373	91.7123	91.7241	89.02685	89.3309	89.37505	89.294	89.3185	89.361	89.2286	89.2447	89.08185	89.0424	89.04115	89.32345	89.3001	89.31385	89.0771	89.3884	89.34205	89.3414	89.2957	89.32225	89.28405	89.33295	89.07705	89.31255	89.3271	89.32835	89.3129	89.3017	89.29365	89.0562	89.02875	89.0786	89.3273	89.31835	89.05225	89.0685	89.35845	89.3297	89.0753	89.28215	89.33675	89.3351	89.3793	89.2716	89.0505	89.3242	89.31195	89.059	89.2572	89.318	89.3102	89.35005	89.31055	89.06325	89.2814	89.0153	89.3206	89.0142	89.0743	89.2979	89.04225	89.33385	89.37395	89.3356	89.37295	89.33025	89.10375	89.1781	89.1676	89.31875	89.2703	89.2994	89.3324	89.0621	89.35005	89.35265	89.34725	89.31265	89.42965	89.3166	89.3236	89.3077	90.07755	91.8559	91.87475	91.859	91.8771	91.85655	91.87085	91.8904	91.8634	91.8405	91.8757	91.86595	91.869	91.86445	91.86685	91.8667	91.8724	91.82485	91.8623	91.8438	91.86095	91.8717	91.85995	91.86345	91.5407	91.5288	91.5566	92.19775	92.2494	92.23525	92.22785	92.0444	92.1475	91.9711	92.23495	92.217	92.22295	92.20625	92.25735	92.19085	92.18905	92.09745	92.24915	92.2002	92.2048	92.222	92.25315	92.1552	92.23225	92.2435	92.2235	92.2192	81.81815	81.82495	81.8795	81.8513	89.02525	88.9951	89.01165	89.0092	89.01845	88.98865	89.02575	88.9881	88.96265	89.01895	88.96575	88.97885	88.9825	89.0025	89.00665	89.10185	88.95665	89.06315	88.9823	89.0103	89.024	89.0193	89.02695	89.01905	89.0274	89.01205	89.0369	88.981	89.02055	89.0684	90.08225	90.2357	91.63505	91.6378	90.10065	90.24145	90.0881	90.254	90.2167	90.0942	90.086	91.63855	90.2393	91.61895	90.2409	91.58735
Rhizobium_anhuiense_QUR0020	99.9916	99.1516	99.99315	99.9911	99.9823	99.98905	100	99.99365	99.993	99.9945	99.99415	99.99055	99.92775	99.10125	99.9916	99.16765	99.9944	99.9869	99.99025	99.99025	99.9905	99.99395	99.9947	99.9913	99.99295	99.9885	91.50155	91.53215	91.4839	91.4102	91.5357	91.5054	89.03535	89.2698	89.3431	89.2661	89.289	89.32085	89.12865	88.93675	89.02615	88.9842	89.00615	89.2776	89.2413	89.2933	89.0448	89.34385	89.33405	89.2999	89.2849	89.3071	89.25745	89.30095	89.0184	88.96565	89.28785	89.28945	89.2636	89.2365	89.2519	88.98825	88.958	89.0188	89.3028	89.29205	88.99325	89	89.32855	89.26365	88.98005	89.2425	89.3062	89.293	89.32485	88.92315	89.0138	89.3121	89.28795	89.01785	88.94535	89.26995	89.27975	89.3202	89.27615	89.0112	89.26325	88.9911	89.23625	88.9105	89.0168	88.92325	88.9797	89.3128	89.29855	89.3145	89.36005	89.29975	89.03195	89.12295	89.1022	89.25825	88.9245	89.2802	89.29195	89.00465	89.32975	89.33325	89.2941	89.2928	89.3587	89.30625	89.30245	89.2818	89.96735	91.8335	91.8174	91.82165	91.828	91.81475	91.8285	91.8346	91.82475	91.78865	91.8106	91.81125	91.8064	91.81695	91.82405	91.83915	91.8362	91.7854	91.8238	91.814	91.83105	91.8204	91.83535	91.85185	91.4995	91.52075	91.531	92.1628	92.17	92.17575	92.2164	92.04165	92.1004	91.94825	92.2043	92.1737	92.17415	92.1817	92.22395	92.15565	92.13275	92.06715	92.2254	92.1974	92.16545	92.2065	92.2093	92.1483	92.18365	92.21045	92.19205	92.1906	81.84425	81.8449	81.8595	81.8613	88.68365	88.647	88.6532	88.6661	88.6825	88.65435	88.6765	88.6475	88.67635	88.68035	88.6268	88.6443	88.64195	88.65985	88.6797	88.65455	88.64185	88.66325	88.64165	88.6627	88.66775	88.67935	88.69395	88.6871	88.69495	88.65175	88.67805	88.6773	88.68485	88.66705	90.04375	90.1984	91.6381	91.6094	90.10785	90.18755	90.0827	90.21735	90.1962	90.0721	90.0864	91.6011	90.1895	91.64135	90.2113	91.55995
Rhizobium_anhuiense_QUR0021	99.98835	99.1561	99.97455	99.98075	99.97885	99.99065	99.99365	100	99.99285	99.9916	99.9934	99.9895	99.92025	99.0912	99.98645	99.18005	99.9932	99.9816	99.989	99.9884	99.98915	99.9929	99.9927	99.9908	99.9928	99.9832	91.51925	91.49455	91.4821	91.46345	91.52255	91.52005	89.07365	89.3207	89.3785	89.3605	89.3704	89.36345	89.1461	88.9841	89.06155	89.04805	88.9729	89.3672	89.30125	89.33815	89.0798	89.3602	89.33585	89.3548	89.35065	89.3638	89.37305	89.35965	89.04695	89.02555	89.3206	89.3641	89.30725	89.3159	89.3698	89.04585	89.0163	89.0953	89.3871	89.31395	89.01085	88.9784	89.36895	89.34225	89.0176	89.35745	89.3326	89.36665	89.3989	88.96165	89.0415	89.39005	89.35165	89.0263	89.00025	89.3216	89.38665	89.34535	89.34905	89.0497	89.3314	88.97635	89.3293	88.96015	89.0833	88.9579	88.9854	89.37495	89.3516	89.3647	89.33935	89.3536	89.083	89.14105	89.1843	89.3432	88.9331	89.37635	89.36195	89.0412	89.34025	89.3361	89.35315	89.3596	89.46925	89.32425	89.33395	89.3473	90.0396	91.8515	91.8904	91.84355	91.8692	91.8144	91.9011	91.90325	91.84205	91.80795	91.8344	91.84515	91.8457	91.83255	91.84825	91.91105	91.9163	91.82085	91.8335	91.83845	91.8778	91.82115	91.84625	91.8611	91.56155	91.5019	91.55725	92.22315	92.23785	92.2098	92.22685	92.03035	92.21605	91.97035	92.2143	92.2298	92.1876	92.23735	92.23805	92.2353	92.2424	92.10585	92.22775	92.2137	92.2282	92.20775	92.2849	92.2296	92.25765	92.2174	92.2404	92.2438	81.804	81.8247	81.8346	81.8095	88.6967	88.67445	88.7019	88.67015	88.6959	88.6662	88.70395	88.69085	88.6583	88.7037	88.6786	88.6985	88.6746	88.69155	88.6937	88.67165	88.6521	88.6462	88.6719	88.683	88.7047	88.70685	88.7152	88.68505	88.7091	88.69115	88.69395	88.63865	88.68615	88.6602	90.07575	90.2317	91.67195	91.64085	90.1517	90.2712	90.07385	90.24495	90.2802	90.09035	90.09085	91.66945	90.27265	91.64485	90.25565	91.5989
Rhizobium_anhuiense_QUR0022	99.98935	99.1669	99.98695	99.98375	99.9817	99.99005	99.993	99.99285	100	99.99425	99.9945	99.99115	99.9256	99.1193	99.9851	99.1828	99.9937	99.9841	99.9906	99.99145	99.98855	99.99465	99.99445	99.992	99.9922	99.9843	91.5522	91.57285	91.51695	91.50945	91.5789	91.55595	89.11275	89.34805	89.4154	89.3668	89.38245	89.40365	89.21455	89.02025	89.1054	89.07445	89.0423	89.3935	89.3578	89.37225	89.0788	89.40225	89.39755	89.38405	89.38515	89.37425	89.3847	89.35825	89.07985	88.98765	89.34555	89.34695	89.30875	89.29625	89.3648	89.0089	89.00405	89.1081	89.3768	89.3405	89.0352	89.02495	89.39825	89.36745	89.0073	89.35935	89.35845	89.3529	89.38135	89.02215	89.0458	89.3417	89.35095	89.07	89.01155	89.3349	89.35465	89.40115	89.3929	89.02835	89.3509	89.03905	89.3185	88.9866	89.07385	88.9824	89.0144	89.3977	89.33755	89.42055	89.4141	89.392	89.0932	89.1949	89.23075	89.33915	88.99165	89.35415	89.3718	89.05745	89.3635	89.40415	89.39835	89.34825	89.4775	89.3997	89.402	89.36555	90.06665	91.88795	91.8956	91.8804	91.90035	91.8584	91.876	91.89825	91.88925	91.8639	91.8577	91.86745	91.8677	91.8714	91.8766	91.8996	91.91415	91.85545	91.8862	91.8686	91.87245	91.88325	91.8846	91.87545	91.5859	91.59995	91.5735	92.2087	92.2331	92.2018	92.24085	92.0327	92.22005	91.97775	92.25215	92.20835	92.20075	92.23525	92.23485	92.1858	92.20615	92.0951	92.25225	92.21615	92.2032	92.2377	92.26815	92.21365	92.2155	92.2471	92.24475	92.2324	81.86215	81.8488	81.89315	81.87195	88.72335	88.7272	88.7054	88.7555	88.75215	88.7006	88.73305	88.7381	88.7353	88.7351	88.7408	88.7509	88.72805	88.70275	88.7115	88.70685	88.73115	88.7086	88.69305	88.6975	88.72125	88.7237	88.74115	88.7612	88.75655	88.7127	88.7388	88.7402	88.74325	88.7102	90.1165	90.2558	91.65705	91.6404	90.17575	90.28325	90.14015	90.27495	90.22925	90.07795	90.1318	91.64495	90.29775	91.60795	90.2518	91.58245
Rhizobium_anhuiense_QUR0023	99.99125	99.15375	99.9893	99.98435	99.98905	99.99105	99.9945	99.9916	99.99425	100	99.992	99.9889	99.92585	99.1112	99.9891	99.1679	99.9945	99.98935	99.9889	99.9883	99.989	99.9934	99.9935	99.9935	99.9915	99.9881	91.53635	91.51635	91.48535	91.46405	91.5602	91.50375	89.05305	89.30905	89.36895	89.3085	89.3216	89.3387	89.15305	89.01615	89.06475	89.07555	89.01565	89.3315	89.31795	89.31405	89.0481	89.35265	89.3609	89.34365	89.2933	89.3188	89.32275	89.3379	89.04405	88.96975	89.2923	89.31565	89.2699	89.2539	89.3072	89.0366	89.0199	89.0994	89.31985	89.2816	89.00545	89.04405	89.37775	89.3128	89.03475	89.30155	89.32725	89.30065	89.3465	88.98105	89.04715	89.32445	89.3011	89.07035	88.9938	89.2733	89.29395	89.37235	89.31585	89.04405	89.3045	89.0176	89.23695	88.9917	89.07675	88.98285	89.04505	89.31965	89.3158	89.3377	89.35025	89.32405	89.08915	89.1438	89.1553	89.2706	89.00035	89.29055	89.32875	89.0484	89.3235	89.3447	89.3542	89.32825	89.42555	89.3391	89.3242	89.3171	90.03785	91.8426	91.87455	91.8427	91.8453	91.83135	91.8494	91.86965	91.8486	91.8311	91.8393	91.8206	91.82975	91.8129	91.84105	91.8658	91.90055	91.8222	91.8487	91.83785	91.84905	91.8283	91.88615	91.87445	91.54085	91.54665	91.53345	92.2066	92.2198	92.2168	92.23115	92.0482	92.1509	91.98815	92.25495	92.19605	92.19985	92.2069	92.23785	92.19315	92.1854	92.05345	92.27225	92.2378	92.2105	92.22465	92.2342	92.18025	92.2401	92.23125	92.21275	92.2179	81.86425	81.8474	81.9132	81.85775	88.70705	88.67315	88.68825	88.66845	88.73945	88.66385	88.70045	88.64615	88.6546	88.7278	88.63805	88.6627	88.6736	88.69155	88.7086	88.67565	88.66335	88.6805	88.6592	88.68695	88.7022	88.686	88.6886	88.67835	88.6954	88.67835	88.7094	88.67285	88.677	88.6795	90.10755	90.2278	91.6548	91.6306	90.1274	90.24105	90.13855	90.26075	90.22675	90.09185	90.1271	91.6426	90.24175	91.6655	90.2474	91.5962
Rhizobium_anhuiense_QUR0040	99.99085	99.15285	99.9875	99.99155	99.98655	99.9856	99.99415	99.9934	99.9945	99.992	100	99.9927	99.9297	99.09515	99.9909	99.16205	99.9957	99.98605	99.9904	99.99075	99.98905	99.9953	99.99405	99.9935	99.99605	99.9804	91.51845	91.5118	91.48845	91.4215	91.5306	91.4817	89.03355	89.2803	89.33105	89.28375	89.2788	89.27555	89.1476	88.94	89.0183	89.00215	89.0016	89.28015	89.283	89.2902	89.0241	89.3209	89.318	89.3177	89.30275	89.34315	89.27575	89.31195	89.0253	88.97355	89.27515	89.29565	89.25945	89.25575	89.27665	89.0146	88.9924	89.03415	89.2856	89.29525	88.99375	88.9965	89.35035	89.26255	88.99105	89.2777	89.2806	89.30535	89.3226	88.9548	89.012	89.30795	89.28855	89.05885	88.9464	89.2686	89.2817	89.33195	89.30175	89.0171	89.2916	89.0269	89.2774	88.9529	89.0351	88.93215	89.0127	89.33385	89.2582	89.30755	89.3513	89.3044	89.0589	89.12975	89.1237	89.26675	88.96375	89.30735	89.29665	89.031	89.275	89.32435	89.32715	89.30195	89.383	89.3031	89.3151	89.3202	89.9892	91.82995	91.8129	91.83705	91.81295	91.8275	91.8231	91.83505	91.833	91.8148	91.8406	91.8156	91.8139	91.8359	91.835	91.8328	91.838	91.8085	91.81795	91.8148	91.82335	91.8282	91.86935	91.88675	91.50905	91.5136	91.50795	92.1651	92.2009	92.19025	92.224	92.0492	92.09445	91.96115	92.2113	92.17685	92.17355	92.20075	92.21415	92.17185	92.1502	92.0382	92.21305	92.1736	92.16215	92.2142	92.25055	92.10285	92.2011	92.2052	92.2075	92.18625	81.8545	81.8481	81.87795	81.896	88.7029	88.64655	88.65545	88.6812	88.70065	88.63965	88.68935	88.6553	88.66615	88.689	88.63855	88.65525	88.65175	88.6825	88.69405	88.64955	88.62815	88.62955	88.6351	88.67725	88.69035	88.67995	88.6643	88.65765	88.6937	88.6793	88.68745	88.69025	88.6763	88.65835	90.0824	90.2248	91.60195	91.618	90.14295	90.2023	90.0948	90.24565	90.21365	90.05765	90.07445	91.58855	90.21215	91.6093	90.22415	91.55025
Rhizobium_anhuiense_QUR0041	99.9897	99.14735	99.9872	99.99015	99.9825	99.986	99.99055	99.9895	99.99115	99.9889	99.9927	100	99.927	99.0988	99.98935	99.1714	99.9933	99.9877	99.9891	99.9901	99.98745	99.99125	99.9908	99.99045	99.9926	99.98975	91.5391	91.5122	91.48085	91.4557	91.57455	91.5098	89.03875	89.27005	89.3602	89.312	89.29925	89.3283	89.13415	88.97035	89.04465	89.0513	89.00745	89.28995	89.2935	89.29295	89.03915	89.3346	89.3197	89.31795	89.2679	89.27915	89.3215	89.31795	89.03455	88.9912	89.2693	89.29715	89.24605	89.2433	89.2901	89.00245	88.99225	89.0604	89.28775	89.29405	89.004	89.02485	89.3506	89.2731	89.0184	89.26755	89.30445	89.3035	89.3192	88.9729	89.02915	89.29315	89.2637	89.06675	88.95385	89.25465	89.305	89.3022	89.27605	89.009	89.2554	89.0048	89.2034	89.0122	89.06005	88.96125	89.0352	89.29085	89.29505	89.3235	89.3432	89.303	89.0304	89.13305	89.136	89.2468	88.96555	89.28795	89.29185	89.02115	89.31895	89.32095	89.33385	89.3013	89.36985	89.3277	89.285	89.2686	89.96275	91.7999	91.84555	91.78675	91.82085	91.80375	91.8249	91.838	91.80275	91.8065	91.7938	91.7819	91.78505	91.7841	91.8146	91.82675	91.8503	91.8012	91.8105	91.78415	91.78985	91.79935	91.8614	91.84745	91.49585	91.4892	91.51195	92.17925	92.1973	92.1991	92.1981	92.031	92.13375	91.9706	92.2111	92.1708	92.1625	92.18265	92.2302	92.15735	92.15615	92.064	92.22815	92.1973	92.17085	92.20345	92.18935	92.15245	92.20025	92.20465	92.1922	92.2061	81.8451	81.81175	81.8685	81.81015	88.7143	88.6566	88.6636	88.66065	88.7133	88.6465	88.68235	88.65855	88.65225	88.72405	88.64455	88.6395	88.63715	88.6844	88.6902	88.65455	88.64795	88.6584	88.6511	88.66055	88.7017	88.68655	88.6901	88.6709	88.69015	88.66755	88.6773	88.6735	88.67245	88.67635	90.0944	90.21065	91.61545	91.60845	90.09655	90.2059	90.1143	90.25535	90.21245	90.07385	90.10465	91.626	90.21785	91.6137	90.2264	91.54035
Rhizobium_anhuiense_QUR0072	99.9225	99.089	99.91065	99.91745	99.9097	99.9122	99.92775	99.92025	99.9256	99.92585	99.9297	99.927	100	99.0131	99.917	99.09465	99.9244	99.9143	99.9277	99.9295	99.9232	99.9282	99.92715	99.9224	99.92175	99.9164	91.62915	91.5773	91.6136	91.50385	91.6319	91.60725	89.33325	89.14105	89.18475	89.1317	89.15415	89.105	89.2135	88.9952	89.0532	89.04215	89.00315	89.1219	89.13255	89.15175	89.06025	89.15465	89.11645	89.1453	89.1284	89.1127	89.1475	89.11705	89.051	88.98855	89.1027	89.13245	89.0667	89.0855	89.1496	89.0231	89.04575	89.12995	89.10355	89.1126	88.98885	89.0115	89.1733	89.14905	89.04215	89.17225	89.11305	89.1446	89.16885	88.9863	89.01875	89.1478	89.18635	89.0315	88.9908	89.1045	89.1202	89.1286	89.1054	89.0362	89.14645	89.01795	89.14495	88.9627	89.04525	89.0233	88.99365	89.13015	89.0891	89.2071	89.19035	89.15715	89.15215	89.182	89.21495	89.07385	89.01085	89.1241	89.15635	89.04905	89.1064	89.1584	89.17785	89.1407	89.2602	89.16055	89.14555	89.1334	89.8408	91.72885	91.7577	91.72525	91.7166	91.6973	91.74405	91.76405	91.7092	91.68815	91.7188	91.7289	91.7227	91.72985	91.7213	91.7535	91.7758	91.6813	91.71055	91.70755	91.72665	91.71945	91.6909	91.70295	91.34485	91.3872	91.4061	92.0667	92.09475	92.06815	92.09855	92.0996	92.03325	92.02565	92.10325	92.0808	92.0661	92.07225	92.0918	92.08085	92.06245	92.16685	92.12915	92.068	92.06885	92.09565	92.0817	92.0331	92.0761	92.09335	92.08065	92.0639	81.87195	81.8291	81.8735	81.8529	88.8419	88.7939	88.7809	88.78625	88.81175	88.77475	88.8232	88.7965	88.7542	88.821	88.7889	88.7867	88.7857	88.80315	88.83175	88.69815	88.7527	88.7158	88.74945	88.79415	88.8088	88.8137	88.80075	88.8154	88.80895	88.76765	88.8093	88.80075	88.80295	88.74545	90.2066	90.1412	91.7118	91.70785	90.23615	90.13365	90.2078	90.14595	90.1289	90.17475	90.20665	91.72635	90.13615	91.7111	90.13955	91.6776
Rhizobium_anhuiense_QUR0074	99.1	99.9728	99.148	99.1412	99.1285	99.1389	99.10125	99.0912	99.1193	99.1112	99.09515	99.0988	99.0131	100	99.1294	99.95925	99.10105	99.13405	99.10645	99.0851	99.09925	99.11305	99.10185	99.11675	99.10705	99.135	91.6639	91.6685	91.66705	91.5874	91.6512	91.7016	89.0789	89.3049	89.3169	89.31515	89.3142	89.3318	89.18365	89.28005	89.2017	89.07795	89.0501	89.30265	89.3143	89.3224	89.08475	89.3237	89.312	89.28095	89.2869	89.25965	89.30955	89.3209	89.10295	89.33485	89.32785	89.28765	89.28795	89.3479	89.3239	89.03665	89.1695	88.99385	89.2879	89.2629	89.0395	89.0394	89.30745	89.28775	89.0629	89.31325	89.3163	89.29835	89.3315	89.3895	89.05255	89.2916	89.27715	89.05635	89.2909	89.3101	89.2781	89.3343	89.28165	89.05965	89.36895	89.0351	89.30255	89.0433	89.0939	89.33575	88.9947	89.2817	89.28035	89.3285	89.3267	89.35445	89.14815	89.22855	89.1911	89.30835	89.27205	89.2998	89.3186	89.17395	89.283	89.3457	89.3518	89.2879	89.41445	89.293	89.32465	89.2898	90.0335	91.86195	91.8616	91.8677	91.87355	91.86035	91.89115	91.86735	91.85995	91.8324	91.85415	91.8681	91.844	91.8303	91.8812	91.8896	91.87065	91.8497	91.86495	91.85265	91.84695	91.8746	91.87995	91.86195	91.56555	91.55775	91.5795	92.12705	92.21605	92.1991	92.1901	92.07155	92.0306	91.9944	92.2673	92.2098	92.1882	92.145	92.1234	92.21355	92.22115	92.05505	92.21025	92.12695	92.22955	92.18715	92.2592	92.2058	92.11735	92.13645	92.1543	92.12105	81.75415	81.7772	81.8128	82.0089	88.97665	88.98555	88.97855	88.9578	89.00515	88.92385	88.98585	88.95145	88.9488	88.9992	88.9633	88.9734	88.96095	88.96335	88.97685	89.0756	88.92995	89.06495	88.9443	89.0074	88.97295	88.9559	88.98745	88.9985	89.0005	88.97425	88.96415	88.9664	88.98775	89.1129	90.12105	90.2129	91.63185	91.65645	90.1486	90.20555	90.1205	90.2255	90.2525	90.0941	90.13735	91.6331	90.2072	91.58285	90.23575	91.52265
Rhizobium_anhuiense_QUR0094	99.9916	99.13065	99.99345	99.99575	99.9937	99.94935	99.9916	99.98645	99.9851	99.9891	99.9909	99.98935	99.917	99.1294	100	99.1528	99.99205	99.9948	99.99265	99.99075	99.98945	99.97865	99.9784	99.98425	99.98655	99.9945	91.68735	91.69375	91.6175	91.6052	91.7486	91.6932	88.95975	89.2531	89.334	89.2692	89.28305	89.3412	89.1516	89.2588	89.08475	89.0454	89.0123	89.3008	89.2372	89.26905	89.08475	89.30475	89.3407	89.31415	89.24995	89.2647	89.2728	89.3297	89.04655	89.25235	89.31015	89.3005	89.29355	89.2413	89.25485	88.97715	89.00045	89.0452	89.30415	89.31305	88.98135	88.99645	89.30045	89.2889	88.9629	89.2901	89.311	89.33745	89.34365	89.18795	89.04275	89.3175	89.2975	89.03315	89.2711	89.30225	89.2937	89.3464	89.25085	89.0119	89.2478	88.9881	89.2734	88.97035	89.0794	89.2237	88.962	89.27035	89.33755	89.32165	89.2891	89.2819	89.04515	89.15525	89.1319	89.3035	89.18505	89.2769	89.33635	89.05925	89.31015	89.2624	89.2861	89.2828	89.39535	89.2787	89.28095	89.25315	89.96535	91.80975	91.84665	91.81585	91.8289	91.82135	91.8407	91.85705	91.79385	91.7808	91.78305	91.79005	91.8056	91.8	91.83045	91.843	91.8527	91.7936	91.81035	91.7874	91.8033	91.79585	91.7953	91.8126	91.5268	91.51735	91.5498	92.166	92.19315	92.1604	92.18675	92.03975	92.13195	91.96235	92.20735	92.16705	92.1692	92.18225	92.1857	92.20015	92.1888	92.06825	92.18165	92.15695	92.1566	92.18485	92.2092	92.1467	92.1883	92.1811	92.18275	92.18625	81.7716	81.7491	81.7977	81.78685	88.97665	88.9962	89.0157	88.94595	88.99535	88.9379	88.9914	88.97835	88.9957	88.9861	88.9869	88.9719	88.9657	88.95035	88.94725	89.0709	88.99085	89.0473	88.93885	88.95775	88.965	88.95675	88.9648	88.98065	89.0037	88.9387	88.9828	88.9618	88.9925	89.08165	90.0637	90.2313	91.6072	91.62995	90.1173	90.19175	90.1002	90.18855	90.23855	90.04635	90.08565	91.6253	90.21175	91.5959	90.2258	91.5826
Rhizobium_anhuiense_QUR0096	99.17315	99.98215	99.1606	99.1475	99.15415	99.1579	99.16765	99.18005	99.1828	99.1679	99.16205	99.1714	99.09465	99.95925	99.1528	100	99.168	99.158	99.15925	99.16795	99.17085	99.17765	99.17815	99.16515	99.1875	99.1533	91.58675	91.60145	91.55115	91.55225	91.62025	91.593	89.0529	89.3938	89.417	89.39055	89.42165	89.4251	89.182	89.09235	89.1157	89.0801	89.00645	89.39105	89.3692	89.4073	89.084	89.4108	89.3587	89.38065	89.34895	89.3514	89.3831	89.38975	89.06995	89.029	89.3787	89.3835	89.37085	89.36025	89.4163	89.0657	89.052	89.1011	89.3575	89.36785	89.02675	89.00025	89.40305	89.40035	88.97515	89.381	89.3901	89.3818	89.40165	88.9785	89.04645	89.37115	89.4127	89.0363	89.0766	89.36195	89.3747	89.3639	89.3701	89.07745	89.3441	89.00035	89.3767	89.0162	89.098	89.0254	89.0243	89.43	89.37675	89.397	89.3903	89.3931	89.0772	89.22135	89.1683	89.3835	89.04275	89.32255	89.39205	89.0631	89.4008	89.40715	89.4017	89.37815	89.47165	89.3802	89.42365	89.3382	90.06955	91.89	91.85555	91.8875	91.88175	91.8718	91.859	91.86075	91.88295	91.84685	91.8731	91.87855	91.87155	91.8636	91.8691	91.8821	91.8814	91.8737	91.88335	91.8766	91.88255	91.8856	91.8779	91.86695	91.5742	91.5657	91.61105	92.2353	92.25325	92.2338	92.2742	92.10455	92.21585	91.97625	92.28	92.2512	92.2708	92.2632	92.2298	92.2454	92.2499	92.0782	92.28755	92.25	92.25845	92.2748	92.30095	92.25235	92.2395	92.2144	92.26655	92.2474	81.76815	81.7566	81.7969	81.78935	88.8045	88.76455	88.7724	88.79145	88.7918	88.778	88.75325	88.77465	88.72075	88.8117	88.7766	88.76115	88.7408	88.77165	88.7819	88.685	88.76475	88.65485	88.7685	88.78375	88.75945	88.7762	88.80665	88.79085	88.7922	88.7825	88.7806	88.7639	88.7751	88.6762	90.1024	90.2973	91.63945	91.6302	90.1872	90.33555	90.12805	90.32135	90.2947	90.13175	90.12715	91.6432	90.34995	91.6146	90.3076	91.5873
Rhizobium_anhuiense_QUR0109	99.99	99.14805	99.9936	99.99075	99.98585	99.98755	99.9944	99.9932	99.9937	99.9945	99.9957	99.9933	99.9244	99.10105	99.99205	99.168	100	99.9873	99.9892	99.99195	99.9886	99.99615	99.9951	99.99265	99.9948	99.98825	91.5099	91.5095	91.4848	91.44035	91.5205	91.49	89.02375	89.24785	89.2942	89.2558	89.286	89.28535	89.1421	88.94355	89.0017	89.00185	88.99475	89.27555	89.26515	89.27975	89.0133	89.3098	89.3106	89.29385	89.29985	89.32405	89.2558	89.30355	89.00745	88.94675	89.2694	89.28655	89.2459	89.24735	89.2565	88.9967	88.9573	89.0469	89.2847	89.24075	88.97135	88.99865	89.3419	89.26515	88.94295	89.2497	89.28235	89.28795	89.31495	88.94125	88.98175	89.30535	89.25805	89.02775	88.94495	89.25245	89.24765	89.33855	89.31145	89.00625	89.2821	89.0051	89.2473	88.92695	89.00205	88.8986	88.9937	89.31555	89.26345	89.27955	89.31865	89.29915	89.08625	89.13515	89.1277	89.2624	88.92095	89.2909	89.2913	89.0029	89.2773	89.3079	89.30065	89.29475	89.37105	89.2817	89.29715	89.308	90.0076	91.8188	91.83875	91.80905	91.8216	91.8224	91.8319	91.83425	91.82945	91.79805	91.8435	91.8104	91.84085	91.81995	91.83675	91.8553	91.86245	91.8016	91.82025	91.80595	91.84265	91.8352	91.8718	91.8586	91.54025	91.5276	91.52325	92.1673	92.1798	92.187	92.20025	92.0335	92.09885	91.95835	92.20275	92.171	92.16295	92.17805	92.214	92.15665	92.13575	92.0748	92.22835	92.1899	92.1666	92.2029	92.23005	92.15705	92.2103	92.201	92.19745	92.19285	81.83645	81.8634	81.88935	81.89015	88.70665	88.65065	88.65615	88.6441	88.6857	88.6464	88.6972	88.65995	88.6758	88.6612	88.64965	88.6429	88.6537	88.6609	88.68955	88.636	88.64735	88.64555	88.6439	88.6693	88.67205	88.67515	88.67385	88.67605	88.6841	88.65315	88.67595	88.6611	88.67985	88.65475	90.08905	90.21885	91.63605	91.6271	90.1404	90.2099	90.1172	90.23505	90.20845	90.10515	90.0963	91.60295	90.20545	91.6414	90.2468	91.56955
Rhizobium_anhuiense_QUR0123	99.98945	99.14255	99.99125	99.99495	99.99335	99.9466	99.9869	99.9816	99.9841	99.98935	99.98605	99.9877	99.9143	99.13405	99.9948	99.158	99.9873	100	99.9918	99.98835	99.99105	99.97935	99.97685	99.9866	99.97855	99.99585	91.6817	91.638	91.62305	91.5978	91.6628	91.6754	89.0227	89.2869	89.3105	89.2718	89.312	89.31995	89.1435	89.22215	89.0453	89.06065	89.04645	89.3034	89.3025	89.3062	89.0246	89.3474	89.3261	89.30115	89.2723	89.27955	89.309	89.31255	89.0226	89.24355	89.28765	89.3001	89.2581	89.25945	89.2877	88.9739	89.03135	89.0192	89.326	89.28935	89.0322	89.01905	89.3271	89.28795	88.96635	89.2718	89.3023	89.28125	89.2863	89.208	88.9951	89.2691	89.3016	89.0499	89.2156	89.28315	89.27175	89.3458	89.2455	88.98265	89.27285	89.01515	89.28475	88.9378	89.0511	89.24325	88.98815	89.25855	89.3011	89.3471	89.325	89.327	89.0632	89.1639	89.09885	89.30955	89.22625	89.2859	89.29765	89.04335	89.2243	89.31655	89.32705	89.3143	89.40715	89.3047	89.2886	89.27285	89.96625	91.8824	91.88685	91.87285	91.8644	91.87115	91.8759	91.8838	91.86725	91.8418	91.86655	91.8603	91.8583	91.8679	91.88325	91.8885	91.90715	91.84575	91.87435	91.85605	91.87655	91.87135	91.8509	91.82725	91.54705	91.5634	91.50525	92.14915	92.16635	92.17345	92.1928	91.99175	92.1151	91.9579	92.2105	92.15565	92.1591	92.18755	92.15195	92.1711	92.17815	92.0483	92.1671	92.1457	92.18675	92.18375	92.2426	92.14555	92.1706	92.1797	92.18335	92.1821	81.8085	81.8015	81.8531	81.8429	88.9356	88.91865	88.9424	88.9081	88.94315	88.87245	88.92155	88.93785	88.9417	88.93635	88.9227	88.9419	88.9112	88.8955	88.9133	89.0125	88.98485	88.99185	88.8934	88.8876	88.9011	88.9077	88.92015	88.926	88.9271	88.89195	88.91935	88.9162	88.91325	89.0194	90.08335	90.1959	91.65175	91.64005	90.1196	90.17995	90.0714	90.19835	90.20885	90.03915	90.06615	91.65285	90.1806	91.6161	90.20325	91.612
Rhizobium_anhuiense_QUR0194	99.9954	99.1382	99.9879	99.99455	99.98795	99.9876	99.99025	99.989	99.9906	99.9889	99.9904	99.9891	99.9277	99.10645	99.99265	99.15925	99.9892	99.9918	100	99.9949	99.99535	99.9881	99.98665	99.99115	99.9906	99.99335	91.54635	91.5447	91.47125	91.48595	91.55625	91.51895	89.06125	89.29265	89.34705	89.28465	89.31235	89.3001	89.12205	88.9488	89.04025	89.01145	88.9597	89.2657	89.2934	89.3195	89.04495	89.31175	89.32825	89.31335	89.27935	89.29335	89.34145	89.31495	89.03325	88.9619	89.29705	89.27185	89.259	89.2482	89.27025	88.9812	88.98135	88.9965	89.2579	89.2591	88.95635	88.9663	89.3363	89.27745	88.9698	89.2581	89.2887	89.2937	89.3504	88.9203	89.02975	89.3155	89.29675	89.0017	88.9651	89.2867	89.29035	89.31875	89.2367	88.97705	89.24835	88.9664	89.2221	88.94375	89.05175	88.9443	88.99115	89.31835	89.2741	89.3309	89.35655	89.27845	89.0635	89.1069	89.13645	89.27065	88.9158	89.2695	89.2487	89.027	89.2918	89.3318	89.3217	89.2729	89.3943	89.34135	89.31495	89.2613	89.9562	91.81675	91.81955	91.80185	91.81425	91.805	91.84525	91.8378	91.8137	91.8022	91.80575	91.8087	91.78055	91.81355	91.80975	91.85165	91.85685	91.78675	91.8082	91.7965	91.8081	91.80605	91.84285	91.8374	91.52455	91.51125	91.5293	92.1565	92.17875	92.19495	92.18435	92.01755	92.12315	91.9863	92.2071	92.17165	92.14625	92.1757	92.2379	92.15565	92.1432	92.058	92.2221	92.20995	92.1588	92.1891	92.19615	92.1536	92.17075	92.2166	92.1748	92.1862	81.85075	81.8498	81.8642	81.82225	88.71185	88.68775	88.6724	88.6951	88.71205	88.6732	88.7008	88.6804	88.68925	88.7116	88.67015	88.68055	88.6727	88.67605	88.7019	88.6528	88.67885	88.62735	88.6583	88.66095	88.67305	88.68195	88.7177	88.6883	88.70445	88.66765	88.68915	88.69535	88.69635	88.65075	90.0871	90.20035	91.61845	91.61575	90.07855	90.19515	90.1191	90.22125	90.18165	90.05545	90.09385	91.634	90.2011	91.63455	90.2094	91.5674
Rhizobium_anhuiense_QUR0195	99.9922	99.14545	99.98875	99.99165	99.98515	99.9861	99.99025	99.9884	99.99145	99.9883	99.99075	99.9901	99.9295	99.0851	99.99075	99.16795	99.99195	99.98835	99.9949	100	99.9951	99.99035	99.99015	99.98785	99.99125	99.98475	91.5119	91.51135	91.47	91.39815	91.4758	91.5006	89.04255	89.2895	89.3026	89.31115	89.36325	89.27005	89.1319	88.9505	89.01545	89.016	88.93965	89.30975	89.291	89.33905	89.00745	89.305	89.2671	89.30485	89.3034	89.36385	89.33595	89.27165	89.01475	89.01045	89.26665	89.25305	89.25345	89.2557	89.31895	89.00865	88.9754	89.03085	89.2749	89.25695	88.96685	88.95515	89.36825	89.2676	88.9854	89.32005	89.2504	89.2966	89.28185	88.9439	88.99665	89.2851	89.3158	89.0008	88.93795	89.25565	89.2897	89.28015	89.298	89.00965	89.2233	88.9633	89.2639	88.93255	89.0396	88.9563	88.9454	89.34605	89.2577	89.3019	89.26385	89.27575	89.0472	89.127	89.14405	89.281	88.92815	89.26885	89.2814	89.01765	89.237	89.29255	89.30125	89.25785	89.40595	89.28355	89.3254	89.314	90.00345	91.8234	91.8581	91.8146	91.8244	91.8074	91.8662	91.8771	91.81375	91.79635	91.80055	91.8094	91.8155	91.8035	91.80555	91.87305	91.89345	91.78485	91.81	91.7989	91.82705	91.8123	91.83485	91.8248	91.51805	91.50945	91.5255	92.21205	92.2141	92.19965	92.18735	92.017	92.1749	91.9499	92.20635	92.19755	92.18305	92.2116	92.21375	92.21205	92.2087	92.10075	92.2157	92.1868	92.20415	92.17465	92.25395	92.17865	92.23605	92.20095	92.21665	92.2192	81.7765	81.77165	81.83085	81.79575	88.67765	88.6915	88.6866	88.6582	88.6537	88.651	88.70025	88.68205	88.636	88.6686	88.6684	88.6726	88.69215	88.67385	88.6705	88.62145	88.65495	88.61955	88.66115	88.6419	88.66535	88.6726	88.69385	88.7206	88.6885	88.65495	88.7068	88.66455	88.69615	88.5887	90.0686	90.18	91.64255	91.62985	90.0896	90.2383	90.0673	90.24985	90.22965	90.06895	90.0484	91.6257	90.2567	91.6044	90.2237	91.5569
Rhizobium_anhuiense_QUR0196	99.9942	99.1484	99.99315	99.99075	99.98335	99.9885	99.9905	99.98915	99.98855	99.989	99.98905	99.98745	99.9232	99.09925	99.98945	99.17085	99.9886	99.99105	99.99535	99.9951	100	99.9904	99.9893	99.9882	99.988	99.99195	91.5007	91.5066	91.45015	91.38745	91.5004	91.4544	89.05675	89.2542	89.3107	89.2783	89.31115	89.30285	89.13415	88.9423	89.0115	89.0194	88.95595	89.30225	89.26425	89.30115	89.0291	89.329	89.2899	89.29855	89.25995	89.31675	89.30785	89.2601	88.9943	88.97455	89.27325	89.26835	89.26005	89.2319	89.24665	88.9708	88.9965	89.07525	89.26285	89.2657	89.01665	88.97365	89.31365	89.2859	88.9864	89.26195	89.2449	89.2544	89.2778	88.9212	88.9771	89.27225	89.28175	88.98275	88.9547	89.26735	89.27955	89.30915	89.27495	88.9904	89.2457	88.96705	89.2328	88.93545	89.0363	88.934	88.9759	89.30695	89.2549	89.3077	89.31115	89.27145	89.0325	89.14765	89.1354	89.26845	88.9235	89.26375	89.30235	88.98095	89.27995	89.289	89.3101	89.2633	89.3845	89.31665	89.3206	89.28995	89.98045	91.8652	91.8627	91.86055	91.87895	91.83705	91.8494	91.8792	91.85185	91.81905	91.86665	91.8534	91.8761	91.86455	91.8504	91.8655	91.88025	91.8187	91.8631	91.8387	91.8792	91.85735	91.83085	91.84755	91.51085	91.49755	91.5101	92.17885	92.20675	92.2031	92.2193	92.01015	92.169	91.97505	92.2231	92.18015	92.19745	92.19985	92.21495	92.1955	92.1848	92.08505	92.23345	92.21045	92.19085	92.21285	92.2298	92.1803	92.21585	92.22105	92.21435	92.2015	81.7835	81.798	81.8594	81.8239	88.72855	88.65975	88.6872	88.64285	88.6869	88.63685	88.6804	88.64795	88.6419	88.6706	88.6629	88.658	88.6479	88.64715	88.70865	88.61195	88.69145	88.584	88.63835	88.6638	88.66395	88.685	88.66985	88.6534	88.66	88.6454	88.6562	88.63255	88.668	88.60125	90.0831	90.18635	91.65005	91.6439	90.13695	90.22545	90.07355	90.23135	90.21545	90.0639	90.0445	91.6316	90.2468	91.615	90.21965	91.5916
Rhizobium_anhuiense_QUR0203	99.993	99.1715	99.98035	99.9711	99.9836	99.99155	99.99395	99.9929	99.99465	99.9934	99.9953	99.99125	99.9282	99.11305	99.97865	99.17765	99.99615	99.97935	99.9881	99.99035	99.9904	100	99.99595	99.99155	99.9956	99.97795	91.53505	91.5429	91.51885	91.4558	91.578	91.52115	89.1154	89.3543	89.40595	89.3639	89.37725	89.3975	89.17155	89.02555	89.07755	89.1001	89.01735	89.38715	89.36005	89.3611	89.07165	89.35975	89.3801	89.3885	89.3863	89.40155	89.35815	89.35575	89.0617	88.9948	89.32985	89.36465	89.3157	89.3136	89.3726	88.9936	89.00755	89.1169	89.3494	89.34035	89.0311	89.0285	89.38045	89.3697	89.00415	89.37085	89.35025	89.36305	89.372	89.004	89.0149	89.33365	89.35595	89.0726	89.02835	89.33235	89.34985	89.3919	89.37765	89.03115	89.33465	89.034	89.32345	89.01125	89.0656	88.99205	89.0482	89.40695	89.3468	89.41875	89.3756	89.3759	89.0884	89.14915	89.1768	89.33015	88.9958	89.36565	89.3719	89.0292	89.3301	89.38715	89.39395	89.35975	89.4966	89.36585	89.3939	89.38945	90.0802	91.8937	91.9068	91.9028	91.9079	91.88445	91.897	91.91575	91.90125	91.85755	91.89385	91.87825	91.88825	91.86035	91.8972	91.91515	91.9065	91.863	91.897	91.8819	91.8874	91.88325	91.89145	91.8825	91.59705	91.61205	91.58955	92.2095	92.23435	92.21255	92.234	92.0579	92.2124	91.9763	92.27345	92.199	92.21725	92.2289	92.24795	92.20225	92.19265	92.0759	92.24185	92.20025	92.22215	92.23785	92.2554	92.19795	92.23355	92.21275	92.2386	92.2307	81.83845	81.82895	81.88285	81.8685	88.75405	88.7145	88.69495	88.7195	88.77065	88.69575	88.7374	88.73835	88.7215	88.7427	88.7243	88.71505	88.70455	88.7246	88.731	88.69075	88.7277	88.737	88.71435	88.722	88.74345	88.71145	88.7517	88.75485	88.72275	88.70785	88.7149	88.69185	88.75005	88.68165	90.0889	90.2803	91.66715	91.63145	90.17485	90.29975	90.14665	90.30125	90.24985	90.0955	90.12465	91.63585	90.313	91.63495	90.2541	91.54895
Rhizobium_anhuiense_QUR0204	99.9896	99.1616	99.9802	99.9698	99.9821	99.99005	99.9947	99.9927	99.99445	99.9935	99.99405	99.9908	99.92715	99.10185	99.9784	99.17815	99.9951	99.97685	99.98665	99.99015	99.9893	99.99595	100	99.99235	99.9952	99.9775	91.53255	91.49745	91.51265	91.46275	91.5629	91.5445	89.1105	89.33575	89.37805	89.33215	89.3425	89.35215	89.17725	88.96015	89.0557	89.0311	89.05535	89.32165	89.3267	89.34295	89.0473	89.3829	89.38055	89.35465	89.33335	89.36655	89.34075	89.3607	89.05375	88.9844	89.32565	89.35285	89.30245	89.30015	89.3344	89.0508	89.02035	89.075	89.3432	89.3506	89.0332	89.0512	89.37395	89.35315	89.0037	89.31775	89.35195	89.3661	89.3691	88.9739	89.03545	89.3672	89.3567	89.0555	88.98555	89.3271	89.33595	89.4055	89.33745	89.04485	89.3474	89.03615	89.31375	88.96765	89.0521	88.9623	89.03305	89.3794	89.36065	89.3636	89.4044	89.35975	89.11875	89.1647	89.14875	89.3106	88.9605	89.34305	89.3612	89.0377	89.3522	89.37995	89.37275	89.35075	89.4511	89.34115	89.3831	89.35735	90.0455	91.8553	91.8671	91.8489	91.86265	91.8541	91.8749	91.8734	91.8404	91.8147	91.8378	91.84905	91.854	91.84705	91.8719	91.8867	91.9035	91.83145	91.83315	91.84905	91.8686	91.8333	91.8751	91.8741	91.5545	91.57525	91.5414	92.22125	92.2238	92.2309	92.25465	92.07435	92.1705	91.98045	92.24965	92.2315	92.2151	92.2191	92.2535	92.20635	92.20635	92.09725	92.24925	92.24385	92.2183	92.24545	92.25365	92.1892	92.23015	92.24055	92.22865	92.21405	81.863	81.8582	81.88995	81.89265	88.7347	88.70405	88.69645	88.689	88.73785	88.67955	88.70625	88.67075	88.70455	88.71475	88.66045	88.65585	88.6718	88.70585	88.71505	88.66485	88.68725	88.6927	88.69495	88.6993	88.71365	88.71905	88.7175	88.71055	88.6971	88.68865	88.68445	88.6891	88.70575	88.7132	90.11535	90.2728	91.6778	91.65725	90.17605	90.25405	90.13345	90.289	90.293	90.12755	90.11635	91.6533	90.2742	91.68475	90.2964	91.6042
Rhizobium_anhuiense_QUR0205	99.98745	99.15975	99.98545	99.97915	99.98575	99.9885	99.9913	99.9908	99.992	99.9935	99.9935	99.99045	99.9224	99.11675	99.98425	99.16515	99.99265	99.9866	99.99115	99.98785	99.9882	99.99155	99.99235	100	99.9906	99.98425	91.5657	91.54445	91.53595	91.4087	91.5104	91.50485	89.1234	89.37285	89.42795	89.3809	89.3934	89.3648	89.2052	88.98465	89.04795	89.0927	89.03025	89.39805	89.3763	89.39155	89.08675	89.3897	89.36285	89.4043	89.40875	89.3899	89.3515	89.36555	89.07265	89.05495	89.35975	89.3568	89.30025	89.32805	89.3809	89.0082	89.04395	89.0911	89.35355	89.35425	89.04615	89.02185	89.44105	89.34845	89.01795	89.38595	89.3656	89.36495	89.3691	88.9818	89.0247	89.3833	89.39055	89.1001	88.9972	89.35345	89.37565	89.38825	89.3514	89.0212	89.32005	89.06705	89.39155	89.0091	89.09375	89.0145	89.0305	89.41675	89.3789	89.3921	89.387	89.3582	89.1202	89.2263	89.2085	89.3358	89.00405	89.3744	89.34875	89.06935	89.3631	89.3844	89.44485	89.3769	89.5076	89.3908	89.37385	89.40635	90.0713	91.9004	91.8923	91.8974	91.89715	91.9051	91.9086	91.9103	91.9012	91.8794	91.8898	91.8835	91.88475	91.88085	91.90755	91.9134	91.92815	91.88415	91.90325	91.88715	91.92855	91.8891	91.88445	91.89305	91.57585	91.56435	91.5686	92.23715	92.28415	92.2475	92.2557	92.08065	92.18385	91.9918	92.2688	92.2384	92.24295	92.2249	92.2672	92.2453	92.2415	92.0957	92.2566	92.2142	92.2028	92.23985	92.27325	92.22525	92.2341	92.23195	92.2363	92.21605	81.81855	81.83415	81.8593	81.8464	88.7194	88.7315	88.71485	88.773	88.693	88.74015	88.7477	88.7619	88.76185	88.67315	88.75495	88.75465	88.75755	88.74775	88.7166	88.6734	88.77825	88.69795	88.734	88.7482	88.7513	88.7483	88.7692	88.7489	88.75175	88.7626	88.72515	88.72465	88.74915	88.68745	90.1539	90.24705	91.70095	91.6958	90.1758	90.2363	90.1568	90.2637	90.25055	90.17175	90.1217	91.6534	90.24745	91.6583	90.2533	91.63625
Rhizobium_anhuiense_QUR0207	99.99	99.1602	99.9836	99.9809	99.9806	99.99175	99.99295	99.9928	99.9922	99.9915	99.99605	99.9926	99.92175	99.10705	99.98655	99.1875	99.9948	99.97855	99.9906	99.99125	99.988	99.9956	99.9952	99.9906	100	99.9836	91.59515	91.53425	91.56625	91.45485	91.57015	91.544	89.1027	89.3422	89.3791	89.35465	89.3403	89.4028	89.2168	89.02055	89.0847	89.0526	89.0342	89.38595	89.35415	89.34145	89.0685	89.40855	89.39165	89.36565	89.39225	89.37495	89.3169	89.41455	89.0713	89.03755	89.36105	89.38625	89.3349	89.3179	89.3388	89.0246	89.03875	89.09015	89.37925	89.35085	89.0686	89.04665	89.37845	89.36075	89.0381	89.35815	89.3837	89.324	89.38735	88.9927	89.06085	89.39285	89.35785	89.0901	89.0139	89.35365	89.3428	89.37995	89.36345	89.02715	89.2945	89.05215	89.31455	89.0003	89.10505	88.9785	89.06705	89.3867	89.38135	89.36305	89.3871	89.3816	89.06815	89.22185	89.19485	89.34725	88.9877	89.3484	89.3478	89.05365	89.3575	89.3637	89.3911	89.38385	89.4571	89.3544	89.36055	89.37225	90.078	91.92385	91.88655	91.91305	91.89485	91.9027	91.87745	91.9028	91.90395	91.87205	91.8929	91.88825	91.87345	91.8881	91.91195	91.88275	91.91515	91.8967	91.9239	91.89735	91.9044	91.9003	91.88205	91.88695	91.59155	91.55815	91.54425	92.23335	92.25885	92.2707	92.26945	92.0596	92.19285	91.9838	92.272	92.23635	92.2312	92.23495	92.27925	92.24195	92.24835	92.0988	92.2661	92.2432	92.2511	92.2568	92.2865	92.2159	92.26495	92.26265	92.2486	92.23855	81.81415	81.7665	81.8605	81.82335	88.71005	88.6969	88.68585	88.73345	88.73615	88.69915	88.70375	88.7326	88.7088	88.70995	88.71635	88.71625	88.70795	88.70225	88.69485	88.69175	88.75195	88.6968	88.6848	88.70075	88.70855	88.70495	88.71845	88.72225	88.7379	88.72965	88.71755	88.7146	88.7243	88.67445	90.1205	90.25255	91.69075	91.64045	90.1879	90.2682	90.1714	90.2844	90.2739	90.15815	90.15285	91.6595	90.2742	91.65065	90.2741	91.6177
Rhizobium_anhuiense_QUR0209	99.99005	99.1439	99.99355	99.99505	99.9939	99.94705	99.9885	99.9832	99.9843	99.9881	99.9804	99.98975	99.9164	99.135	99.9945	99.1533	99.98825	99.99585	99.99335	99.98475	99.99195	99.97795	99.9775	99.98425	99.9836	100	91.6541	91.6339	91.6066	91.5707	91.66575	91.6482	88.9986	89.2708	89.2842	89.2516	89.2801	89.2909	89.1422	89.1875	89.0278	89.0314	88.99445	89.2745	89.27	89.27825	89.01135	89.32045	89.2942	89.27565	89.22685	89.2524	89.258	89.2826	89.00055	89.2331	89.25875	89.2917	89.2388	89.20495	89.2621	88.9773	89.0015	89.0108	89.2895	89.3007	88.99035	88.99525	89.29905	89.24035	88.9637	89.26005	89.298	89.26815	89.26185	89.1745	88.97825	89.24675	89.2825	89.0346	89.20805	89.268	89.28735	89.30375	89.20615	88.97895	89.2413	88.99155	89.2663	88.93585	89.0132	89.2176	88.988	89.23	89.305	89.3125	89.2979	89.2945	89.0198	89.124	89.04975	89.24785	89.18815	89.2602	89.2974	89.0064	89.2171	89.28075	89.3025	89.28495	89.39175	89.2783	89.27945	89.2505	89.95875	91.87315	91.8785	91.8758	91.8582	91.86325	91.8727	91.87505	91.8606	91.84205	91.8592	91.8492	91.8429	91.84	91.8638	91.8743	91.8859	91.84	91.8766	91.8576	91.8701	91.86665	91.81735	91.82995	91.5273	91.52445	91.496	92.15625	92.18965	92.19255	92.19345	92.0225	92.1241	91.9666	92.22365	92.16905	92.1704	92.18045	92.15865	92.1772	92.1671	92.06305	92.17305	92.14655	92.18305	92.18645	92.2183	92.1499	92.1618	92.17445	92.1764	92.15985	81.7908	81.7823	81.86465	81.80565	88.9096	88.9086	88.90035	88.87945	88.9121	88.87855	88.9078	88.9128	88.90105	88.89715	88.9054	88.90865	88.8949	88.8748	88.8975	89.01575	88.9612	88.98725	88.8822	88.8688	88.8767	88.9016	88.9146	88.88115	88.89405	88.8942	88.89735	88.8937	88.90265	89.01785	90.06655	90.17895	91.6356	91.6169	90.102	90.16805	90.06765	90.1873	90.1575	90.0526	90.06165	91.61785	90.1807	91.5904	90.18245	91.5729
Rhizobium_binxianense_QUR0024	91.494	91.58875	91.64475	91.6756	91.69035	91.6948	91.50155	91.51925	91.5522	91.53635	91.51845	91.5391	91.62915	91.6639	91.68735	91.58675	91.5099	91.6817	91.54635	91.5119	91.5007	91.53505	91.53255	91.5657	91.59515	91.6541	100	99.6257	99.9489	99.5166	99.6177	99.6495	89.4172	89.3296	89.3545	89.3531	89.3034	89.33075	89.4714	89.47115	89.29745	89.2558	89.27235	89.32315	89.3025	89.329	89.29815	89.3355	89.30495	89.3113	89.3035	89.26265	89.308	89.33505	89.31785	89.44795	89.32375	89.34735	89.2885	89.37025	89.2845	89.2724	89.2865	89.39265	89.32775	89.3229	89.2881	89.25415	89.3001	89.3079	89.2169	89.3402	89.3431	89.34335	89.341	89.43595	89.2969	89.34405	89.32325	89.2659	89.46565	89.308	89.3141	89.32315	89.29405	89.29795	89.3091	89.30335	89.3287	89.3323	89.2692	89.4425	89.30095	89.3044	89.35135	89.27595	89.287	89.3362	89.4391	89.43625	89.4389	89.31095	89.4144	89.33385	89.29095	89.2722	89.31555	89.2853	89.2871	89.3388	89.3671	89.3217	89.3117	89.31085	90.7448	90.8961	90.85665	90.91	90.8407	90.90045	90.88155	90.87605	90.9028	90.8771	90.8992	90.9028	90.9132	90.8909	90.88995	90.8805	90.87615	90.8982	90.9033	90.9062	90.90585	90.8965	90.8524	90.8842	90.76795	90.76325	90.717	91.01715	91.0549	91.0096	91.00925	91.2183	91.03855	91.0392	91.0352	91.06585	91.0155	91.049	91.0269	91.03625	91.0299	91.2094	91.0075	90.9946	90.99165	91.0006	91.058	90.9976	90.99335	91.0172	91.025	91.0444	81.72915	81.7317	81.74725	81.69075	89.32135	89.32665	89.34015	89.2818	89.3079	89.30165	89.33275	89.31565	89.33875	89.32805	89.3161	89.31065	89.29735	89.3066	89.3528	89.13795	89.31625	89.11785	89.31325	89.30585	89.3117	89.30575	89.3285	89.35855	89.3218	89.3068	89.3247	89.27175	89.3269	89.1653	90.76305	90.79605	91.00405	91.00805	90.90755	90.7594	90.76	90.7599	90.7566	90.74425	90.7445	90.999	90.75095	91.02645	90.78625	90.9064
Rhizobium_binxianense_QUR0068	91.50465	91.61285	91.6813	91.63155	91.6815	91.7024	91.53215	91.49455	91.57285	91.51635	91.5118	91.5122	91.5773	91.6685	91.69375	91.60145	91.5095	91.638	91.5447	91.51135	91.5066	91.5429	91.49745	91.54445	91.53425	91.6339	99.6257	100	99.6477	99.68	99.9095	99.97145	89.3943	89.35345	89.33975	89.308	89.31395	89.3437	89.51715	89.48385	89.2988	89.23475	89.2315	89.30165	89.302	89.3243	89.2901	89.3462	89.32445	89.302	89.28655	89.28875	89.3294	89.32255	89.3007	89.46465	89.34615	89.3161	89.3417	89.3425	89.2937	89.23355	89.26515	89.4036	89.2994	89.36855	89.25045	89.26755	89.3032	89.312	89.2191	89.3292	89.33835	89.32565	89.3481	89.416	89.2582	89.3458	89.31955	89.2122	89.48025	89.3374	89.3318	89.3369	89.30355	89.26185	89.2776	89.21435	89.32715	89.24045	89.2517	89.4469	89.2568	89.33865	89.3173	89.32745	89.32925	89.31165	89.41125	89.4591	89.48525	89.33615	89.4521	89.29875	89.27235	89.25135	89.34285	89.31415	89.3392	89.303	89.35345	89.3122	89.31025	89.30235	90.7254	90.8778	90.85595	90.8757	90.8209	90.8506	90.88795	90.8561	90.88715	90.86375	90.857	90.8619	90.8693	90.8293	90.86165	90.87435	90.8734	90.8446	90.88815	90.8824	90.8537	90.87135	90.83085	90.844	90.72605	90.74035	90.67385	91.05285	91.04625	91.00755	91.05285	91.2223	91.03145	91.026	91.03885	91.0298	90.98785	91.0625	91.0401	91.0099	91.01565	91.2328	91.01815	91.0517	91.0249	91.005	91.0778	91.038	91.0394	91.0316	91.05525	91.0243	81.7615	81.75825	81.7542	81.75225	89.31035	89.28105	89.3441	89.31565	89.2532	89.3041	89.2939	89.30575	89.29585	89.25535	89.30865	89.31805	89.2714	89.293	89.33525	89.16325	89.3202	89.106	89.3246	89.2931	89.2906	89.2983	89.35305	89.31985	89.2995	89.3164	89.3069	89.2656	89.30575	89.1376	90.8076	90.8012	91.06205	91.0317	90.89715	90.8005	90.73635	90.78585	90.8131	90.7963	90.7813	90.9972	90.7967	90.9867	90.8165	90.9482
Rhizobium_binxianense_QUR0135	91.47745	91.5742	91.6351	91.62655	91.64145	91.66405	91.4839	91.4821	91.51695	91.48535	91.48845	91.48085	91.6136	91.66705	91.6175	91.55115	91.4848	91.62305	91.47125	91.47	91.45015	91.51885	91.51265	91.53595	91.56625	91.6066	99.9489	99.6477	100	99.52195	99.6283	99.66025	89.3934	89.32025	89.32515	89.29095	89.3067	89.3056	89.43705	89.43855	89.27685	89.2471	89.2575	89.31145	89.2781	89.3113	89.2644	89.33065	89.34285	89.3238	89.29015	89.27765	89.28375	89.2769	89.28985	89.4444	89.31415	89.3397	89.30515	89.37135	89.2951	89.22875	89.24925	89.3714	89.35245	89.35805	89.2919	89.2451	89.27045	89.34455	89.19435	89.31795	89.25855	89.3459	89.29005	89.3955	89.2737	89.335	89.3279	89.29265	89.442	89.2885	89.28505	89.3618	89.299	89.2515	89.2841	89.24035	89.31955	89.31605	89.2815	89.42195	89.32555	89.30425	89.2903	89.3123	89.3107	89.2854	89.4202	89.4605	89.46015	89.30115	89.4273	89.2939	89.29065	89.2816	89.32705	89.29695	89.30375	89.29595	89.3427	89.2649	89.31125	89.2821	90.68075	90.8833	90.87305	90.9115	90.8524	90.86775	90.90095	90.89355	90.9103	90.88405	90.89355	90.89565	90.90445	90.8662	90.87195	90.89985	90.9041	90.8827	90.89875	90.9201	90.9091	90.8982	90.8481	90.90355	90.73525	90.76195	90.7348	91.0304	91.0583	91.04875	91.00755	91.21215	90.99185	91.0747	91.0756	91.05405	91.02835	91.0307	91.0348	91.0368	91.02325	91.24725	91.0099	90.97965	91.04715	91.02265	91.03425	90.98675	90.99985	91.04445	91.00135	91.03515	81.6994	81.7263	81.7333	81.70475	89.34935	89.3077	89.3011	89.29355	89.28795	89.3067	89.2979	89.33135	89.3466	89.2988	89.3281	89.29955	89.2723	89.2983	89.33545	89.17515	89.30545	89.1374	89.3102	89.28245	89.296	89.2874	89.31955	89.3177	89.3027	89.286	89.26995	89.2887	89.30305	89.1704	90.73195	90.75925	91.0234	91.00165	90.87405	90.7421	90.71	90.77085	90.76565	90.71325	90.7152	90.99675	90.7419	91.0177	90.8057	90.91525
Rhizobium_binxianense_QUR0170	91.42245	91.54105	91.60025	91.59605	91.58575	91.6373	91.4102	91.46345	91.50945	91.46405	91.4215	91.4557	91.50385	91.5874	91.6052	91.55225	91.44035	91.5978	91.48595	91.39815	91.38745	91.4558	91.46275	91.4087	91.45485	91.5707	99.5166	99.68	99.52195	100	99.6357	99.67245	89.29195	89.2538	89.2572	89.2085	89.23095	89.25795	89.32965	89.833	89.6273	89.607	89.6396	89.2088	89.19185	89.23945	89.61925	89.26905	89.2413	89.20035	89.2339	89.2013	89.2886	89.2683	89.64515	89.82935	89.2205	89.2512	89.2159	89.27215	89.2197	89.6058	89.6182	89.26	89.2487	89.273	89.6337	89.6051	89.25855	89.2271	89.55685	89.2484	89.2617	89.26345	89.28145	89.78805	89.58455	89.2296	89.2314	89.62535	89.80945	89.2313	89.19135	89.2645	89.2094	89.61145	89.20265	89.6136	89.2596	89.59975	89.65555	89.8176	89.6681	89.23225	89.24105	89.2346	89.2546	89.21215	89.2402	89.2838	89.36375	89.2315	89.7609	89.19345	89.2687	89.6008	89.2379	89.22535	89.26885	89.23895	89.2638	89.2309	89.1991	89.20275	90.68975	90.8253	90.831	90.82545	90.81195	90.8481	90.8571	90.83395	90.83095	90.8227	90.8402	90.847	90.8404	90.81605	90.83325	90.8274	90.84365	90.8335	90.82435	90.8459	90.83215	90.8369	90.77395	90.7865	90.68545	90.67935	90.5976	90.9743	91.02805	91.0136	90.9905	91.1117	90.9878	91.36115	90.99935	91.0337	90.9866	90.9875	90.95265	90.97325	90.99135	91.06895	90.96575	90.9763	90.9876	90.98215	91.00465	90.9505	90.99565	90.94345	91.00885	90.97535	81.7435	81.7471	81.79355	81.7379	89.2445	89.2063	89.2241	89.2049	89.24365	89.1991	89.2185	89.18685	89.22465	89.2476	89.18975	89.1889	89.18165	89.2203	89.2447	89.5627	89.22465	89.49465	89.22215	89.2239	89.2274	89.2267	89.243	89.2426	89.21785	89.20705	89.20055	89.1654	89.21285	89.4942	90.798	90.7324	90.82935	90.8121	90.74375	90.72505	90.752	90.71835	90.70755	90.77515	90.77745	90.807	90.7307	90.8282	90.7394	90.74625
Rhizobium_binxianense_QUR0191	91.50145	91.59305	91.67995	91.66825	91.70495	91.7123	91.5357	91.52255	91.5789	91.5602	91.5306	91.57455	91.6319	91.6512	91.7486	91.62025	91.5205	91.6628	91.55625	91.4758	91.5004	91.578	91.5629	91.5104	91.57015	91.66575	99.6177	99.9095	99.6283	99.6357	100	99.9285	89.4569	89.3889	89.4174	89.3601	89.37005	89.3994	89.487	89.5612	89.33725	89.27745	89.30585	89.34465	89.38355	89.38795	89.3486	89.40075	89.3868	89.37675	89.3359	89.3073	89.3517	89.3753	89.3675	89.5493	89.39765	89.39975	89.36195	89.37935	89.3538	89.305	89.3344	89.4323	89.35955	89.4197	89.31875	89.27105	89.33305	89.36725	89.2466	89.39325	89.3752	89.3989	89.3864	89.4826	89.33375	89.3773	89.4088	89.31895	89.55735	89.38425	89.33575	89.39865	89.3584	89.35015	89.3162	89.3355	89.33425	89.2834	89.33095	89.49895	89.3436	89.3994	89.36795	89.40645	89.35745	89.32855	89.4676	89.52455	89.5315	89.39905	89.45705	89.34695	89.31245	89.35755	89.3687	89.38855	89.32865	89.34575	89.39535	89.37385	89.35675	89.3434	90.7608	90.9393	90.88035	90.93495	90.90985	90.91365	90.9321	90.88225	90.9622	90.9224	90.9176	90.95685	90.92915	90.89955	90.8966	90.92945	90.9291	90.9183	90.9478	90.96715	90.937	90.93975	90.8777	90.88625	90.78325	90.80975	90.72655	91.11395	91.1346	91.1323	91.09195	91.309	91.0615	91.08855	91.139	91.10445	91.09835	91.1078	91.07785	91.06995	91.09215	91.28095	91.10035	91.1113	91.123	91.1152	91.12595	91.10445	91.1219	91.1024	91.10495	91.095	81.7539	81.7601	81.7695	81.7533	89.32125	89.35675	89.34965	89.34395	89.32325	89.3346	89.3201	89.318	89.32365	89.3337	89.32755	89.3161	89.3456	89.3439	89.32855	89.2181	89.3037	89.14965	89.3181	89.32025	89.3205	89.3211	89.32715	89.4027	89.36855	89.33355	89.38535	89.32555	89.36955	89.25505	90.8176	90.78105	91.00405	91.0389	90.9399	90.813	90.77705	90.7955	90.7645	90.81945	90.8319	91.04035	90.80185	91.05015	90.7446	90.97825
Rhizobium_binxianense_QUR0206	91.4609	91.59015	91.6784	91.6777	91.6781	91.7241	91.5054	91.52005	91.55595	91.50375	91.4817	91.5098	91.60725	91.7016	91.6932	91.593	91.49	91.6754	91.51895	91.5006	91.4544	91.52115	91.5445	91.50485	91.544	91.6482	99.6495	99.97145	99.66025	99.67245	99.9285	100	89.45325	89.3725	89.3921	89.36315	89.34935	89.40725	89.49445	89.50045	89.29965	89.29525	89.2866	89.3218	89.3485	89.36285	89.3076	89.38415	89.3771	89.33515	89.34405	89.36175	89.3699	89.3977	89.34325	89.53065	89.3992	89.37945	89.38145	89.392	89.3314	89.2898	89.3238	89.4719	89.4042	89.4564	89.31645	89.275	89.34135	89.36375	89.23035	89.36325	89.3985	89.4164	89.3823	89.52195	89.31145	89.372	89.3549	89.30215	89.5258	89.399	89.36055	89.3731	89.34325	89.30035	89.358	89.2636	89.39075	89.29235	89.31515	89.53425	89.3119	89.3808	89.37515	89.379	89.38065	89.37215	89.47195	89.4866	89.5176	89.39565	89.50445	89.3779	89.4057	89.30785	89.34255	89.38185	89.4019	89.3564	89.42895	89.3766	89.32435	89.3321	90.81445	90.86795	90.8895	90.86255	90.82355	90.84815	90.8652	90.88025	90.844	90.8446	90.87175	90.87325	90.8705	90.8691	90.8425	90.8611	90.8816	90.82245	90.84745	90.83665	90.8304	90.87845	90.8814	90.8699	90.6806	90.6907	90.65505	91.056	91.10705	91.073	91.0009	91.25845	91.0506	91.03575	91.0017	91.1009	91.0449	91.0673	91.0327	91.0724	91.0531	91.2564	91.0369	91.0222	91.04585	91.04115	91.09665	91.03235	91.04615	91.0176	91.05325	91.06315	81.7974	81.8028	81.7644	81.77155	89.4135	89.38395	89.39575	89.3998	89.33755	89.39995	89.39575	89.3461	89.3796	89.36835	89.34025	89.34075	89.3635	89.4052	89.4132	89.1804	89.40245	89.2161	89.41225	89.3842	89.3853	89.40505	89.44595	89.42015	89.38945	89.3944	89.3869	89.2903	89.3932	89.17395	90.8003	90.8338	91.03435	91.06295	90.9035	90.8158	90.7834	90.8539	90.82165	90.8044	90.79285	91.05645	90.81845	91.0687	90.82305	91.0044
Rhizobium_croatiense_QUR0011	89.0842	89.0758	89.0272	88.99845	89.0261	89.02685	89.03535	89.07365	89.11275	89.05305	89.03355	89.03875	89.33325	89.0789	88.95975	89.0529	89.02375	89.0227	89.06125	89.04255	89.05675	89.1154	89.1105	89.1234	89.1027	88.9986	89.4172	89.3943	89.3934	89.29195	89.4569	89.45325	100	95.7378	95.74485	95.73075	95.713	95.77715	98.3355	95.85945	95.89105	95.9078	95.8894	95.72205	95.7666	95.7208	95.90765	95.79315	95.7706	95.73165	95.7483	95.7392	95.7458	95.78215	95.9101	95.82615	95.8081	95.80815	95.7971	95.87285	95.74755	95.886	95.9248	95.8744	95.79805	95.7673	95.8829	95.8885	95.7306	95.8276	95.78255	95.7306	95.7892	95.79515	95.7977	95.74475	95.90705	95.7395	95.7184	95.8754	95.8509	95.79675	95.7935	95.7576	95.71815	95.89465	95.77175	95.894	95.79795	95.8744	95.87405	95.77965	95.88425	95.69875	95.7849	95.75115	95.74025	95.7739	96.39785	98.3376	98.2913	95.78775	95.7888	95.8262	95.83655	95.9087	95.7487	95.71015	95.68635	95.82265	95.79765	95.76035	95.7592	95.7206	89.1985	89.088	89.08685	89.06495	89.07295	89.10595	89.0969	89.09285	89.0751	89.0715	89.10595	89.11265	89.0597	89.0973	89.08475	89.0873	89.06935	89.10515	89.0926	89.0866	89.09805	89.07015	89.07055	89.0683	88.9873	88.99055	89.01605	88.9525	88.99685	89.03285	89.0125	89.0073	88.87655	88.8053	89.01515	88.95025	89.04155	89.04985	89.0565	88.99235	88.96145	88.9774	88.9614	88.9258	88.93935	89.02955	88.90485	88.8697	89.04475	89.0269	89.05075	89.03705	81.715	81.7329	81.68365	81.7314	93.69225	93.6864	93.6639	93.6808	93.69315	93.69125	93.6876	93.67575	93.7037	93.6908	93.6814	93.66455	93.679	93.66315	93.6857	93.44445	93.67915	93.45775	93.6947	93.6737	93.65745	93.67975	93.67385	93.6742	93.6724	93.70155	93.6671	93.676	93.6821	93.47375	90.52935	90.47795	89.0672	89.00215	90.5245	90.49425	90.50375	90.47055	90.48035	90.51965	90.52115	89.0104	90.45965	89.0821	90.5027	89.0126
Rhizobium_croatiense_QUR0016	89.27865	89.4313	89.2257	89.27575	89.2929	89.3309	89.2698	89.3207	89.34805	89.30905	89.2803	89.27005	89.14105	89.3049	89.2531	89.3938	89.24785	89.2869	89.29265	89.2895	89.2542	89.3543	89.33575	89.37285	89.3422	89.2708	89.3296	89.35345	89.32025	89.2538	89.3889	89.3725	95.7378	100	99.9951	99.9894	99.98915	99.4625	96.01965	97.7305	97.74255	97.76425	97.74325	99.9874	99.99415	99.9869	97.73385	99.3355	99.40775	99.9934	99.98775	99.9863	99.97605	99.44735	97.75425	97.73345	99.41085	99.4072	99.41925	99.3077	99.9877	97.74235	97.7817	97.74345	99.4528	99.4039	97.7303	97.7496	99.9885	99.30145	97.71085	99.98845	99.4534	99.40445	99.4592	97.68895	97.74075	99.3915	99.98555	97.7485	97.71415	99.4102	99.40595	99.4159	99.98275	97.7375	99.50365	97.7398	99.30075	97.68695	97.74455	97.6775	97.7286	99.98285	99.45935	99.99245	99.9918	99.509	96.4269	95.9759	95.9684	99.4082	97.69895	99.4138	99.3102	97.74705	99.4064	99.9945	99.9873	99.3244	99.9865	99.9927	99.9918	99.98715	89.3926	89.30515	89.28475	89.3043	89.30985	89.31345	89.29685	89.27865	89.2869	89.28275	89.3157	89.305	89.31615	89.3089	89.3154	89.28825	89.2911	89.3239	89.29825	89.2835	89.2963	89.283	89.25975	89.27695	89.2543	89.2688	89.27	89.2123	89.2013	89.1315	89.1926	88.99525	89.18325	88.84205	89.18715	89.1916	89.14305	89.2152	89.13965	89.1996	89.2013	88.93455	89.1774	89.2102	89.1731	89.2113	89.15875	89.1153	89.226	89.1698	89.2202	89.21785	81.6148	81.62515	81.5617	81.57045	93.66615	93.6685	93.6805	93.677	93.66955	93.6639	93.6924	93.7039	93.6588	93.66865	93.69795	93.6963	93.66445	93.6684	93.6685	93.5652	93.64085	93.57515	93.65765	93.66435	93.66225	93.64695	93.6608	93.6837	93.69965	93.66925	93.6865	93.6631	93.71175	93.56475	90.0824	90.2688	89.00115	88.9418	90.1439	90.29945	90.05415	90.29195	90.31195	90.1252	90.1136	88.9556	90.26855	88.9965	90.28335	88.998
Rhizobium_croatiense_QUR0017	89.31535	89.4253	89.27105	89.2781	89.33965	89.37505	89.3431	89.3785	89.4154	89.36895	89.33105	89.3602	89.18475	89.3169	89.334	89.417	89.2942	89.3105	89.34705	89.3026	89.3107	89.40595	89.37805	89.42795	89.3791	89.2842	89.3545	89.33975	89.32515	89.2572	89.4174	89.3921	95.74485	99.9951	100	99.9893	99.9877	99.4591	96.0208	97.72645	97.7479	97.7586	97.75545	99.9849	99.9941	99.98705	97.7596	99.31395	99.3954	99.99295	99.98875	99.9844	99.97495	99.4506	97.7419	97.71735	99.40375	99.40795	99.41365	99.30865	99.98745	97.7617	97.77725	97.75375	99.4576	99.39315	97.74255	97.75065	99.9882	99.2892	97.6901	99.98775	99.4496	99.40265	99.4506	97.65595	97.72845	99.37625	99.98845	97.7563	97.7293	99.4052	99.40025	99.40325	99.98285	97.76005	99.50855	97.73175	99.29145	97.6742	97.75135	97.69695	97.7277	99.98575	99.44925	99.99345	99.99025	99.50245	96.4338	95.9957	95.9839	99.4033	97.70625	99.4013	99.29665	97.7299	99.4003	99.991	99.98485	99.3085	99.98875	99.9934	99.9899	99.9872	89.39445	89.311	89.2908	89.309	89.30045	89.29335	89.2684	89.2714	89.28685	89.26435	89.31035	89.27395	89.26725	89.2886	89.3009	89.2688	89.29555	89.3138	89.2874	89.29665	89.28765	89.28265	89.34085	89.31085	89.2522	89.2749	89.2865	89.1633	89.1795	89.15335	89.17345	88.9897	89.15375	88.84865	89.16315	89.1964	89.11675	89.1751	89.10885	89.1824	89.18765	88.9577	89.17885	89.2322	89.15715	89.21995	89.1717	89.14395	89.17815	89.1249	89.191	89.16585	81.57025	81.57485	81.51825	81.52055	93.66065	93.68	93.68175	93.6859	93.67785	93.659	93.6797	93.689	93.6763	93.6581	93.69635	93.67975	93.6638	93.66775	93.6609	93.59865	93.6572	93.5875	93.6593	93.67455	93.6762	93.6749	93.6787	93.67425	93.69505	93.6839	93.66795	93.67525	93.68845	93.58375	90.0972	90.32685	89.02845	88.97125	90.20485	90.3346	90.0792	90.3258	90.34345	90.11355	90.10275	88.999	90.29985	89.01835	90.31315	89.0239
Rhizobium_croatiense_QUR0018	89.30825	89.3877	89.2729	89.25065	89.29485	89.294	89.2661	89.3605	89.3668	89.3085	89.28375	89.312	89.1317	89.31515	89.2692	89.39055	89.2558	89.2718	89.28465	89.31115	89.2783	89.3639	89.33215	89.3809	89.35465	89.2516	89.3531	89.308	89.29095	89.2085	89.3601	89.36315	95.73075	99.9894	99.9893	100	99.9891	99.4615	95.9734	97.7107	97.72825	97.7602	97.74795	99.9896	99.9908	99.98805	97.73615	99.33505	99.40685	99.98955	99.9821	99.9863	99.97635	99.43585	97.7282	97.70605	99.40355	99.3929	99.41165	99.3082	99.9853	97.74385	97.76365	97.76285	99.45715	99.4034	97.73865	97.7427	99.98845	99.28955	97.7053	99.99215	99.44205	99.4107	99.442	97.6692	97.72545	99.39575	99.9896	97.72455	97.72005	99.401	99.40515	99.41275	99.98865	97.72755	99.50945	97.7282	99.2917	97.6844	97.75615	97.6897	97.7351	99.98185	99.43945	99.98805	99.9877	99.50415	96.4115	95.96615	95.93775	99.3975	97.70985	99.4113	99.3017	97.7449	99.41615	99.99025	99.97865	99.3182	99.9836	99.9881	99.9895	99.9824	89.39305	89.31465	89.29205	89.2962	89.29105	89.303	89.2714	89.27225	89.2915	89.2464	89.29875	89.28725	89.2921	89.27555	89.30335	89.2523	89.28405	89.30165	89.2922	89.29125	89.30135	89.2941	89.3049	89.3135	89.2523	89.2451	89.2923	89.2339	89.23125	89.17635	89.1826	88.97095	89.1696	88.86085	89.19295	89.19525	89.15635	89.214	89.16165	89.19765	89.2064	88.9346	89.22695	89.266	89.19425	89.2297	89.1841	89.1051	89.2399	89.1967	89.2149	89.22085	81.58045	81.58795	81.548	81.5339	93.65945	93.64985	93.63765	93.6522	93.61965	93.64925	93.673	93.6616	93.6499	93.62855	93.6604	93.6463	93.63575	93.6344	93.6476	93.5553	93.61935	93.568	93.6459	93.63425	93.6353	93.62125	93.65305	93.66645	93.67775	93.6376	93.65305	93.64935	93.6863	93.53095	90.12115	90.3115	89.0098	88.98795	90.17235	90.3091	90.06165	90.2716	90.3207	90.09705	90.0556	88.99755	90.2936	89.0253	90.3029	88.97445
Rhizobium_croatiense_QUR0019	89.3374	89.42155	89.2704	89.28025	89.34305	89.3185	89.289	89.3704	89.38245	89.3216	89.2788	89.29925	89.15415	89.3142	89.28305	89.42165	89.286	89.312	89.31235	89.36325	89.31115	89.37725	89.3425	89.3934	89.3403	89.2801	89.3034	89.31395	89.3067	89.23095	89.37005	89.34935	95.713	99.98915	99.9877	99.9891	100	99.46485	95.9482	97.71575	97.74255	97.75405	97.75165	99.98945	99.9909	99.9949	97.7453	99.33205	99.40305	99.98735	99.9888	99.9893	99.98115	99.46485	97.75835	97.7356	99.39745	99.40675	99.4032	99.32035	99.98005	97.7506	97.7715	97.72595	99.4639	99.3936	97.7366	97.73965	99.99135	99.29955	97.714	99.9877	99.4615	99.4107	99.4567	97.69085	97.73515	99.39245	99.98905	97.7292	97.7197	99.4013	99.39935	99.41015	99.98935	97.7485	99.50715	97.74475	99.3188	97.6811	97.744	97.70795	97.72325	99.98535	99.4538	99.9905	99.99025	99.51205	96.4378	95.98105	95.9457	99.4001	97.71295	99.40135	99.2943	97.7508	99.4019	99.98975	99.988	99.29085	99.9891	99.98885	99.9934	99.9875	89.3856	89.31755	89.29955	89.3217	89.29635	89.3091	89.30375	89.29055	89.29905	89.27505	89.313	89.3003	89.31695	89.29625	89.28985	89.28345	89.2954	89.31305	89.3117	89.3052	89.3033	89.3265	89.3233	89.30425	89.29185	89.28865	89.29405	89.2142	89.1975	89.1497	89.1664	88.97175	89.15265	88.8543	89.19675	89.186	89.15705	89.19105	89.1802	89.23825	89.2178	88.96385	89.16485	89.1788	89.1746	89.1773	89.17715	89.14685	89.1733	89.15945	89.19985	89.1862	81.6048	81.62415	81.55065	81.56015	93.69005	93.6633	93.67	93.678	93.6734	93.68715	93.68795	93.6629	93.66095	93.6853	93.6688	93.67265	93.65245	93.6842	93.6946	93.5257	93.6435	93.56775	93.6899	93.6984	93.69475	93.6959	93.68875	93.66375	93.6746	93.6871	93.66885	93.69075	93.673	93.58155	90.12125	90.31455	89.0115	88.97265	90.23395	90.27325	90.1497	90.28315	90.32935	90.16175	90.09915	88.95405	90.261	89.01425	90.2947	88.9856
Rhizobium_croatiense_QUR0032	89.3091	89.3654	89.3029	89.3112	89.3501	89.361	89.32085	89.36345	89.40365	89.3387	89.27555	89.3283	89.105	89.3318	89.3412	89.4251	89.28535	89.31995	89.3001	89.27005	89.30285	89.3975	89.35215	89.3648	89.4028	89.2909	89.33075	89.3437	89.3056	89.25795	89.3994	89.40725	95.77715	99.4625	99.4591	99.4615	99.46485	100	95.9419	97.73075	97.645	97.7158	97.7281	99.4481	99.46325	99.47055	97.7246	99.3247	99.34395	99.45465	99.44195	99.4426	99.4581	99.95465	97.7421	97.65275	99.3494	99.34725	99.35645	99.35605	99.45585	97.71925	97.65945	97.7068	99.95005	99.35275	97.7308	97.7213	99.45735	99.27955	97.60145	99.46235	99.9569	99.33045	99.95535	97.589	97.732	99.94825	99.43585	97.71295	97.72285	99.3504	99.35235	99.34515	99.4442	97.73135	99.4156	97.73385	99.30995	97.65155	97.71095	97.6239	97.7156	99.4487	99.9578	99.4691	99.44675	99.54935	96.3787	95.92785	95.9531	99.3535	97.6309	99.3358	99.31005	97.63565	99.9552	99.4601	99.46175	99.29005	99.4654	99.45405	99.4556	99.4505	89.3354	89.2777	89.29035	89.265	89.31055	89.32545	89.28755	89.3002	89.25985	89.27305	89.30355	89.3092	89.28155	89.2766	89.3174	89.25135	89.29235	89.3303	89.26745	89.27345	89.29755	89.2683	89.2653	89.28395	89.29675	89.268	89.31025	89.18245	89.176	89.1989	89.17785	88.92935	89.2218	88.81675	89.1679	89.1825	89.17275	89.19165	89.17225	89.171	89.17855	88.89095	89.18365	89.2322	89.1524	89.2062	89.17415	89.1313	89.18645	89.1396	89.1973	89.19835	81.6069	81.62685	81.5876	81.5521	93.77285	93.7363	93.77055	93.72645	93.75965	93.7485	93.74575	93.7729	93.75195	93.74045	93.7748	93.75895	93.74365	93.72665	93.7473	93.61025	93.7457	93.65565	93.75855	93.7424	93.74155	93.75585	93.73565	93.7346	93.74025	93.7228	93.75185	93.75735	93.76725	93.64755	90.0524	90.3341	89.0352	88.95055	90.13005	90.3041	90.08125	90.2993	90.27275	90.05305	90.027	88.9662	90.29525	89.0181	90.32555	89.00795
Rhizobium_croatiense_QUR0033	89.12875	89.20235	89.1398	89.1365	89.19705	89.2286	89.12865	89.1461	89.21455	89.15305	89.1476	89.13415	89.2135	89.18365	89.1516	89.182	89.1421	89.1435	89.12205	89.1319	89.13415	89.17155	89.17725	89.2052	89.2168	89.1422	89.4714	89.51715	89.43705	89.32965	89.487	89.49445	98.3355	96.01965	96.0208	95.9734	95.9482	95.9419	100	95.9979	96.00845	96.05	96.019	95.9672	96.0023	95.95515	96.0302	95.964	95.9688	96.0146	95.9886	96.0013	96.00615	95.93725	96.0192	96.0098	95.98375	95.98525	95.985	96.01135	96.0123	96.0042	96.04465	96.1422	95.94175	95.98005	96.03725	96.0107	95.965	95.996	95.9907	95.95485	95.9637	95.95565	95.94	95.9776	95.9926	95.96	95.9984	96.0223	95.98855	95.98815	95.9585	95.9715	95.9855	95.98425	95.9669	96.01295	95.95285	96.0681	96.02925	96.00175	96.0303	95.99105	95.995	95.99515	96.0023	95.9632	96.617	99.9563	99.9785	95.9782	95.99365	95.9679	95.9748	96.02075	95.9222	96.00865	95.98895	95.9732	96.0526	95.98435	96.01865	95.99315	89.2598	89.10915	89.14655	89.13675	89.13375	89.15725	89.1681	89.1492	89.11395	89.08755	89.10985	89.12235	89.09505	89.09745	89.1216	89.15535	89.14535	89.16005	89.12285	89.14455	89.15275	89.10515	89.1335	89.1369	89.0532	89.08845	89.08315	89.03815	89.00625	88.9568	89.0006	89.15665	88.97915	88.89085	88.995	88.9501	89.00905	88.93215	88.96515	88.96175	88.96335	89.07725	88.9738	88.97885	88.9994	88.9777	88.91885	88.93535	88.9662	88.9256	88.96675	88.9555	81.7291	81.72175	81.6985	81.6184	93.78325	93.7627	93.75	93.7766	93.7552	93.7773	93.7462	93.7992	93.8103	93.78275	93.80305	93.7681	93.76535	93.7648	93.74745	93.5864	93.7658	93.6037	93.7754	93.76735	93.77565	93.75615	93.7647	93.7762	93.7634	93.7495	93.7683	93.73795	93.7808	93.5897	90.4469	90.5106	89.1517	89.0897	90.55685	90.49185	90.40285	90.436	90.5145	90.4207	90.38065	89.10495	90.4725	89.13775	90.50335	89.0956
Rhizobium_croatiense_QUR0034	88.98915	89.1004	89.2839	89.206	89.2799	89.2447	88.93675	88.9841	89.02025	89.01615	88.94	88.97035	88.9952	89.28005	89.2588	89.09235	88.94355	89.22215	88.9488	88.9505	88.9423	89.02555	88.96015	88.98465	89.02055	89.1875	89.47115	89.48385	89.43855	89.833	89.5612	89.50045	95.85945	97.7305	97.72645	97.7107	97.71575	97.73075	95.9979	100	99.98475	99.98005	99.97505	97.7078	97.73465	97.72925	99.98325	97.7518	97.72645	97.704	97.68945	97.6949	97.73325	97.73005	99.98155	99.9907	97.721	97.7243	97.7192	97.74825	97.706	99.986	99.98625	98.0658	97.7294	97.7217	99.98355	99.97965	97.7061	97.7503	98.3262	97.7001	97.72795	97.7223	97.71905	98.341	99.9854	97.71905	97.7285	99.98405	99.9919	97.72	97.7153	97.7332	97.69	99.9816	97.67595	99.9849	97.736	99.893	99.98165	98.36555	99.98255	97.70335	97.7292	97.7228	97.7359	97.7076	96.51765	95.98935	96.00605	97.70215	98.3579	97.72485	97.75075	99.98685	97.7279	97.726	97.7328	97.72915	97.73965	97.7243	97.71825	97.7061	88.97465	89.01835	89.00675	89.0076	89.00275	88.98935	89.017	88.98925	88.97835	88.98495	88.99655	89.00985	88.97135	88.9492	89.00475	88.98295	89.0107	88.99815	89.00825	89.01235	89.00435	88.9947	89.00265	89.01635	88.88495	88.83635	88.9158	88.8216	88.8401	88.9024	88.85595	88.8987	88.8222	89.19775	88.85555	88.8465	88.85385	88.85935	88.86485	88.8242	88.8663	88.85605	88.87995	88.8602	88.8066	88.8689	88.86015	88.7708	88.8716	88.8504	88.8785	88.87075	81.6736	81.68925	81.7172	81.6927	93.95505	93.92175	93.9586	93.94365	93.9299	93.9412	93.91	93.95615	93.94075	93.9313	93.9657	93.946	93.91425	93.9249	93.9354	93.96835	93.91885	93.92145	93.93485	93.91855	93.9279	93.92815	93.9282	93.94355	93.92705	93.9124	93.9296	93.92445	93.93255	93.93275	90.10305	90.06345	88.9508	88.9742	90.1437	90.03595	90.11605	90.07165	90.10425	90.1571	90.1294	88.98055	90.0337	88.9812	90.08465	88.97365
Rhizobium_croatiense_QUR0036	89.0571	89.106	89.0581	89.0174	89.0772	89.08185	89.02615	89.06155	89.1054	89.06475	89.0183	89.04465	89.0532	89.2017	89.08475	89.1157	89.0017	89.0453	89.04025	89.01545	89.0115	89.07755	89.0557	89.04795	89.0847	89.0278	89.29745	89.2988	89.27685	89.6273	89.33725	89.29965	95.89105	97.74255	97.7479	97.72825	97.74255	97.645	96.00845	99.98475	100	99.98745	99.9909	97.7248	97.75375	97.7315	99.9905	97.656	97.6612	97.73155	97.7151	97.73715	97.75285	97.64125	99.9895	99.97905	97.63005	97.6468	97.6338	97.75125	97.7345	99.9901	99.9823	98.04715	97.63795	97.6418	99.9882	99.99	97.73745	97.6592	98.3328	97.70795	97.6597	97.6442	97.63015	98.26945	99.98795	97.63305	97.6691	99.98645	99.98935	97.63	97.62535	97.64325	97.7289	99.9888	97.63945	99.9917	97.6677	99.9561	99.9879	98.30785	99.8925	97.7334	97.6607	97.7475	97.753	97.7077	96.5002	95.9991	96.01675	97.6367	98.30515	97.6379	97.6645	99.95905	97.64225	97.7303	97.74685	97.665	97.7471	97.7432	97.74475	97.73095	88.98085	89.0183	88.9604	88.99125	88.9848	88.9699	89.005	88.97375	88.97275	88.97605	88.99605	88.98135	88.96555	88.97315	89.00185	88.96975	88.97935	88.9866	88.97575	89.00905	88.9889	88.9877	89.0248	89.05185	88.8892	88.91435	88.9241	88.8045	88.8477	88.8822	88.86905	88.9181	88.78185	89.23345	88.87535	88.8396	88.86515	88.8656	88.8672	88.8247	88.8722	88.89095	88.8908	88.84095	88.8369	88.88225	88.8612	88.79415	88.89525	88.83415	88.87215	88.86205	81.5999	81.62245	81.6628	81.83745	93.72435	93.70275	93.73005	93.71975	93.72105	93.72625	93.71565	93.72085	93.69865	93.7206	93.7297	93.7296	93.714	93.7052	93.7151	93.85295	93.6789	93.8248	93.73275	93.7057	93.69615	93.70665	93.7116	93.74725	93.70965	93.71005	93.7254	93.7079	93.71815	93.82815	90.13165	90.12065	88.99415	88.99195	90.1378	90.08185	90.13015	90.1137	90.1294	90.17385	90.13705	89.00045	90.07465	89.0142	90.12935	88.9845
Rhizobium_croatiense_QUR0037	88.99575	89.1348	89.03925	89.04445	89.09625	89.0424	88.9842	89.04805	89.07445	89.07555	89.00215	89.0513	89.04215	89.07795	89.0454	89.0801	89.00185	89.06065	89.01145	89.016	89.0194	89.1001	89.0311	89.0927	89.0526	89.0314	89.2558	89.23475	89.2471	89.607	89.27745	89.29525	95.9078	97.76425	97.7586	97.7602	97.75405	97.7158	96.05	99.98005	99.98745	100	99.9936	97.7395	97.76125	97.7504	99.98715	97.75115	97.75165	97.7258	97.7214	97.73455	97.7398	97.7213	99.99295	99.98615	97.7167	97.72525	97.72065	97.72595	97.7284	99.99095	99.98535	98.12765	97.69925	97.7247	99.99035	99.99065	97.7284	97.74075	98.3021	97.7251	97.73455	97.73345	97.7116	98.2763	99.99245	97.69845	97.74335	99.987	99.98855	97.7381	97.72935	97.74365	97.70435	99.9926	97.67715	99.99295	97.7526	99.9934	99.9933	98.30465	99.993	97.73315	97.73355	97.7206	97.75245	97.7042	96.53435	96.00695	96.03035	97.73345	98.28985	97.7325	97.7314	99.98565	97.71725	97.7371	97.747	97.74335	97.76655	97.75595	97.74995	97.71845	88.9943	89.04155	88.9804	89.03835	89.03025	89.01375	88.96655	88.9706	88.9887	89.00385	89.0299	89.01485	88.99405	88.9852	88.99205	88.94555	88.9762	89.00305	89.01795	89.0261	89.006	89.0421	88.98635	88.9884	88.8827	88.89245	88.89865	88.8334	88.8095	88.8294	88.836	88.87695	88.80895	89.2278	88.8356	88.80075	88.83475	88.83475	88.8141	88.83925	88.827	88.8794	88.8374	88.85765	88.8466	88.7978	88.8834	88.8048	88.86705	88.8108	88.8506	88.8293	81.54795	81.56935	81.5486	81.5459	93.7121	93.724	93.7028	93.69925	93.7324	93.69555	93.7145	93.72365	93.72255	93.72265	93.74235	93.72385	93.706	93.70985	93.71195	93.85265	93.71905	93.81215	93.7041	93.71495	93.702	93.68105	93.70605	93.74325	93.7289	93.69065	93.7201	93.6906	93.7112	93.8401	90.1173	90.047	88.9789	88.9674	90.10925	90.05815	90.15095	90.1035	90.08785	90.13615	90.15715	89.00705	90.0622	89.0378	90.0721	88.97355
Rhizobium_croatiense_QUR0038	88.9547	89.114	88.95945	89.00025	89.0596	89.04115	89.00615	88.9729	89.0423	89.01565	89.0016	89.00745	89.00315	89.0501	89.0123	89.00645	88.99475	89.04645	88.9597	88.93965	88.95595	89.01735	89.05535	89.03025	89.0342	88.99445	89.27235	89.2315	89.2575	89.6396	89.30585	89.2866	95.8894	97.74325	97.75545	97.74795	97.75165	97.7281	96.019	99.97505	99.9909	99.9936	100	97.72895	97.74615	97.7354	99.98945	97.7662	97.745	97.72145	97.7085	97.72175	97.72475	97.7551	99.9915	99.98535	97.71245	97.7189	97.7171	97.73245	97.7262	99.99145	99.9892	98.11265	97.7386	97.72365	99.9887	99.9933	97.72565	97.72675	98.2944	97.7206	97.75925	97.73875	97.72315	98.2858	99.99105	97.71035	97.7332	99.9887	99.9871	97.7322	97.73165	97.74055	97.70905	99.99215	97.68535	99.9925	97.73995	99.99305	99.9914	98.3039	99.99395	97.7311	97.7326	97.7559	97.7612	97.70755	96.49555	96.0246	96.0204	97.7313	98.3043	97.73705	97.74355	99.98845	97.724	97.74175	97.7286	97.7539	97.75955	97.7438	97.7514	97.68855	88.98235	88.98385	88.9731	88.9998	88.98605	88.97445	88.96725	88.9512	88.9683	88.9508	88.9904	88.99955	88.98965	88.97275	88.95525	88.93585	88.9537	88.97025	88.9776	88.9848	88.97395	88.99385	88.9695	88.98685	88.8222	88.898	88.8702	88.83325	88.8417	88.84015	88.8423	88.88715	88.8141	89.2302	88.8432	88.82695	88.80475	88.84045	88.83495	88.81795	88.8303	88.8728	88.83925	88.8418	88.84895	88.80845	88.90645	88.8204	88.844	88.8487	88.82965	88.82805	81.5906	81.606	81.6151	81.59175	93.7254	93.73415	93.71675	93.72085	93.7544	93.6999	93.72115	93.75115	93.7144	93.7383	93.75015	93.7571	93.7301	93.7265	93.72145	93.8723	93.7263	93.8341	93.7137	93.7359	93.72055	93.7207	93.71665	93.74855	93.74885	93.71835	93.729	93.7237	93.7301	93.85075	90.10875	90.08665	88.98655	88.97175	90.11945	90.06365	90.1295	90.1281	90.08125	90.1364	90.1357	88.9742	90.07025	89.00245	90.0854	88.93075
Rhizobium_croatiense_QUR0039	89.333	89.3577	89.2698	89.2729	89.3306	89.32345	89.2776	89.3672	89.3935	89.3315	89.28015	89.28995	89.1219	89.30265	89.3008	89.39105	89.27555	89.3034	89.2657	89.30975	89.30225	89.38715	89.32165	89.39805	89.38595	89.2745	89.32315	89.30165	89.31145	89.2088	89.34465	89.3218	95.72205	99.9874	99.9849	99.9896	99.98945	99.4481	95.9672	97.7078	97.7248	97.7395	97.72895	100	99.99135	99.98855	97.7306	99.32115	99.3902	99.9869	99.9883	99.9835	99.974	99.45225	97.7327	97.70505	99.39675	99.3903	99.3987	99.3207	99.98495	97.7325	97.763	97.73665	99.44725	99.4023	97.7504	97.73625	99.9924	99.2992	97.7071	99.98845	99.45395	99.40715	99.46015	97.6716	97.73785	99.3819	99.9866	97.73255	97.71905	99.39405	99.4075	99.3988	99.9869	97.73725	99.5097	97.7226	99.3032	97.68445	97.75925	97.6846	97.71165	99.98485	99.44305	99.98825	99.9873	99.51845	96.4054	95.937	95.9679	99.39565	97.7098	99.4121	99.29625	97.72635	99.39415	99.9907	99.99065	99.29585	99.9886	99.99035	99.9873	99.98575	89.39295	89.29455	89.27505	89.2957	89.29565	89.2869	89.2786	89.2596	89.2965	89.255	89.3111	89.27655	89.28345	89.26155	89.2853	89.27375	89.2696	89.29065	89.2907	89.2867	89.30515	89.298	89.2786	89.3	89.26005	89.27585	89.31565	89.1815	89.2208	89.15305	89.1548	88.93895	89.1323	88.8379	89.1707	89.1748	89.1175	89.21915	89.13435	89.2124	89.1903	88.90155	89.2043	89.2132	89.17545	89.2251	89.14955	89.1197	89.19975	89.1587	89.2056	89.20645	81.5514	81.56385	81.517	81.5465	93.67835	93.64815	93.6809	93.64895	93.6499	93.6743	93.68525	93.66715	93.65105	93.64435	93.67655	93.658	93.6478	93.6487	93.6664	93.55635	93.6327	93.55325	93.6719	93.6679	93.6499	93.6478	93.65985	93.64945	93.6748	93.6856	93.66265	93.63755	93.6829	93.5508	90.12965	90.30755	88.99945	88.98705	90.1611	90.28855	90.07515	90.27845	90.3122	90.10365	90.1019	88.98255	90.2468	89.0295	90.2652	88.9858
Rhizobium_croatiense_QUR0043	89.2808	89.3732	89.2601	89.28285	89.32545	89.3001	89.2413	89.30125	89.3578	89.31795	89.283	89.2935	89.13255	89.3143	89.2372	89.3692	89.26515	89.3025	89.2934	89.291	89.26425	89.36005	89.3267	89.3763	89.35415	89.27	89.3025	89.302	89.2781	89.19185	89.38355	89.3485	95.7666	99.99415	99.9941	99.9908	99.9909	99.46325	96.0023	97.73465	97.75375	97.76125	97.74615	99.99135	100	99.98905	97.747	99.3331	99.4098	99.99445	99.98815	99.98485	99.97795	99.45145	97.74545	97.72575	99.39795	99.4059	99.40755	99.31715	99.99025	97.75135	97.7822	97.7349	99.4478	99.40055	97.7443	97.74875	99.9894	99.2984	97.7003	99.98905	99.45095	99.40295	99.45885	97.70075	97.74345	99.38145	99.98885	97.74685	97.73625	99.39755	99.396	99.41515	99.984	97.74795	99.526	97.73515	99.30125	97.66225	97.73885	97.701	97.74245	99.98585	99.46705	99.9946	99.993	99.51	96.4149	95.99735	95.9564	99.39375	97.7122	99.4043	99.29405	97.7526	99.40535	99.99495	99.9897	99.32015	99.9878	99.9939	99.9919	99.9891	89.34995	89.3252	89.29795	89.31835	89.2971	89.3254	89.295	89.29405	89.3166	89.2862	89.31165	89.30315	89.29255	89.31385	89.3246	89.2879	89.31265	89.3347	89.31505	89.31675	89.3257	89.30425	89.29935	89.3027	89.2618	89.24965	89.2355	89.2018	89.20195	89.1432	89.1624	88.96765	89.1582	88.8354	89.18315	89.15925	89.1344	89.1834	89.1135	89.155	89.15635	88.9	89.17015	89.1932	89.13415	89.19695	89.16115	89.0988	89.2078	89.14305	89.16535	89.20565	81.6313	81.6247	81.5768	81.57575	93.662	93.672	93.6688	93.69075	93.65965	93.67415	93.6817	93.6995	93.6943	93.6717	93.6974	93.68155	93.65715	93.66935	93.65305	93.59255	93.65095	93.5892	93.6714	93.6674	93.6661	93.65215	93.66915	93.6827	93.69425	93.6785	93.67845	93.65005	93.70135	93.57565	90.072	90.26115	88.9943	88.95985	90.1476	90.27005	90.06525	90.29175	90.3007	90.09575	90.07235	88.97735	90.28055	88.98785	90.2718	88.9964
Rhizobium_croatiense_QUR0045	89.3152	89.3972	89.2424	89.27285	89.3374	89.31385	89.2933	89.33815	89.37225	89.31405	89.2902	89.29295	89.15175	89.3224	89.26905	89.4073	89.27975	89.3062	89.3195	89.33905	89.30115	89.3611	89.34295	89.39155	89.34145	89.27825	89.329	89.3243	89.3113	89.23945	89.38795	89.36285	95.7208	99.9869	99.98705	99.98805	99.9949	99.47055	95.95515	97.72925	97.7315	97.7504	97.7354	99.98855	99.98905	100	97.7238	99.33685	99.39675	99.98545	99.9862	99.9897	99.979	99.46395	97.74015	97.72585	99.39485	99.40295	99.39905	99.32495	99.97925	97.7449	97.7691	97.74305	99.4602	99.393	97.73915	97.71625	99.98915	99.30965	97.70815	99.98855	99.4667	99.4082	99.46155	97.6886	97.74545	99.3927	99.98695	97.72505	97.72175	99.39635	99.39205	99.406	99.98655	97.74195	99.5039	97.74215	99.31905	97.69225	97.7526	97.6969	97.72235	99.983	99.45675	99.9896	99.988	99.50965	96.4233	95.9735	95.94955	99.3974	97.7078	99.39445	99.31735	97.73525	99.4046	99.98945	99.9886	99.3051	99.98945	99.98705	99.99255	99.98615	89.3553	89.28785	89.2906	89.29925	89.29495	89.3108	89.30845	89.2789	89.2957	89.2608	89.3085	89.27905	89.29825	89.2843	89.3152	89.29595	89.2848	89.3186	89.2907	89.2774	89.2967	89.29055	89.3028	89.3107	89.28105	89.2842	89.28725	89.20245	89.21135	89.16935	89.1836	88.97895	89.13045	88.8443	89.21355	89.18015	89.15735	89.1916	89.17665	89.2225	89.19215	88.97015	89.1861	89.19905	89.15865	89.18925	89.1492	89.1482	89.1945	89.1814	89.1866	89.1997	81.59025	81.6083	81.55055	81.56325	93.68675	93.64575	93.6578	93.6697	93.6643	93.6801	93.6846	93.67725	93.62565	93.6564	93.6753	93.67495	93.6475	93.6779	93.68675	93.55135	93.6191	93.54625	93.6684	93.66785	93.66855	93.6574	93.6745	93.6565	93.6693	93.69305	93.6727	93.67045	93.6733	93.5616	90.11065	90.3049	89.0056	88.94585	90.18965	90.2688	90.091	90.2795	90.28875	90.1494	90.0921	88.94115	90.238	88.9918	90.2936	88.9864
Rhizobium_croatiense_QUR0046	89.0315	89.0962	89.04365	88.9949	89.07935	89.0771	89.0448	89.0798	89.0788	89.0481	89.0241	89.03915	89.06025	89.08475	89.08475	89.084	89.0133	89.0246	89.04495	89.00745	89.0291	89.07165	89.0473	89.08675	89.0685	89.01135	89.29815	89.2901	89.2644	89.61925	89.3486	89.3076	95.90765	97.73385	97.7596	97.73615	97.7453	97.7246	96.0302	99.98325	99.9905	99.98715	99.98945	97.7306	97.747	97.7238	100	97.73595	97.73975	97.7486	97.7216	97.72405	97.742	97.712	99.98785	99.98505	97.7203	97.73895	97.71645	97.753	97.73485	99.98815	99.98445	98.13005	97.71405	97.71605	99.9852	99.98795	97.7306	97.74335	98.3253	97.71865	97.7237	97.7347	97.7026	98.2884	99.99045	97.7068	97.7467	99.98685	99.9896	97.72185	97.71245	97.7334	97.7109	99.98895	97.6816	99.9891	97.7376	99.9873	99.98735	98.3045	99.988	97.7417	97.7387	97.73205	97.7676	97.7181	96.51305	96.0032	96.03365	97.7198	98.3103	97.71995	97.7676	99.98915	97.72025	97.732	97.74095	97.7751	97.7687	97.73965	97.73885	97.733	88.9911	89.01815	88.99825	89.01045	89.00645	88.9842	88.98945	89.0046	88.9515	88.96515	89.00265	89.00815	88.97195	88.9594	88.99435	88.9652	88.99525	89.0025	89.0029	89.0007	89.00305	88.99985	88.9926	89.02685	88.89515	88.87535	88.9246	88.82965	88.85315	88.8703	88.8481	88.97255	88.82455	89.2353	88.83455	88.8619	88.8363	88.87895	88.8553	88.8617	88.8784	88.918	88.87565	88.8835	88.8242	88.8903	88.857	88.8409	88.9075	88.84925	88.855	88.8642	81.55945	81.58535	81.58365	81.5697	93.71235	93.7148	93.7194	93.7462	93.7315	93.7317	93.7058	93.74255	93.73085	93.7374	93.7407	93.7353	93.7121	93.73625	93.70795	93.8385	93.73615	93.82165	93.753	93.72735	93.7212	93.71195	93.72435	93.7325	93.7197	93.7199	93.7285	93.7015	93.723	93.79995	90.1815	90.13175	89.0304	88.9778	90.14135	90.066	90.1829	90.1475	90.11615	90.1845	90.1531	88.98455	90.07575	89.00035	90.0949	89.00885
Rhizobium_croatiense_QUR0048	89.2998	89.4063	89.28765	89.30165	89.37825	89.3884	89.34385	89.3602	89.40225	89.35265	89.3209	89.3346	89.15465	89.3237	89.30475	89.4108	89.3098	89.3474	89.31175	89.305	89.329	89.35975	89.3829	89.3897	89.40855	89.32045	89.3355	89.3462	89.33065	89.26905	89.40075	89.38415	95.79315	99.3355	99.31395	99.33505	99.33205	99.3247	95.964	97.7518	97.656	97.75115	97.7662	99.32115	99.3331	99.33685	97.73595	100	99.41555	99.3202	99.33275	99.30285	99.3329	99.3312	97.74595	97.6735	99.4151	99.41	99.4258	99.50375	99.33565	97.73975	97.6952	97.7326	99.312	99.417	97.7761	97.78455	99.34485	99.47295	97.64415	99.3259	99.3357	99.41925	99.3162	97.6485	97.76095	99.3254	99.30915	97.74935	97.75895	99.41885	99.4287	99.40845	99.32335	97.7485	99.23835	97.7519	99.46515	97.6654	97.7604	97.66995	97.73755	99.3139	99.342	99.3441	99.3299	99.3443	96.393	95.9605	95.96055	99.41855	97.65445	99.41435	99.4711	97.6756	99.3346	99.3298	99.3394	99.49475	99.333	99.3291	99.3342	99.3236	89.36025	89.29855	89.3006	89.3053	89.31375	89.301	89.2841	89.28345	89.2867	89.2892	89.3133	89.32265	89.32645	89.30515	89.31355	89.26815	89.3222	89.2981	89.27475	89.28965	89.3026	89.31055	89.36365	89.3718	89.2302	89.2516	89.2626	89.2453	89.1846	89.2068	89.21695	88.9583	89.24805	88.8626	89.1868	89.19895	89.2302	89.2335	89.1525	89.19635	89.20325	88.9321	89.2321	89.26215	89.18275	89.21245	89.22545	89.168	89.2345	89.16915	89.25375	89.22045	81.5649	81.5648	81.53315	81.50755	93.77955	93.7817	93.7893	93.79035	93.7843	93.80025	93.78495	93.8106	93.7861	93.7856	93.817	93.80965	93.7808	93.79625	93.7814	93.6496	93.7968	93.64085	93.78365	93.8051	93.78895	93.7889	93.7745	93.77745	93.79705	93.78335	93.7694	93.80345	93.7961	93.65355	90.0493	90.33775	89.0463	89.022	90.14385	90.28565	90.0765	90.2868	90.3365	90.10245	90.0644	89.00235	90.27595	89.01975	90.34135	88.99985
Rhizobium_croatiense_QUR0053	89.26875	89.39605	89.2659	89.29375	89.35695	89.34205	89.33405	89.33585	89.39755	89.3609	89.318	89.3197	89.11645	89.312	89.3407	89.3587	89.3106	89.3261	89.32825	89.2671	89.2899	89.3801	89.38055	89.36285	89.39165	89.2942	89.30495	89.32445	89.34285	89.2413	89.3868	89.3771	95.7706	99.40775	99.3954	99.40685	99.40305	99.34395	95.9688	97.72645	97.6612	97.75165	97.745	99.3902	99.4098	99.39675	97.73975	99.41555	100	99.4008	99.3898	99.40125	99.396	99.34585	97.74005	97.6393	99.9885	99.9912	99.99045	99.4504	99.3953	97.71915	97.66245	97.6905	99.3558	99.99175	97.7593	97.75155	99.39715	99.4138	97.5929	99.3804	99.34605	99.9907	99.35095	97.57195	97.7287	99.37135	99.37125	97.7485	97.73205	99.9892	99.9897	99.99215	99.38265	97.7318	99.30305	97.7206	99.39225	97.64005	97.7501	97.5954	97.7359	99.38965	99.3465	99.4031	99.4101	99.4179	96.3993	95.9491	95.94265	99.99015	97.6067	99.9915	99.41275	97.67245	99.3567	99.4102	99.39895	99.41305	99.3852	99.414	99.3933	99.38725	89.356	89.2976	89.304	89.29	89.3142	89.34255	89.3274	89.30985	89.28285	89.28445	89.302	89.3083	89.30575	89.2955	89.3321	89.30135	89.34155	89.32945	89.27075	89.2919	89.3067	89.28405	89.30405	89.287	89.2762	89.30945	89.3277	89.241	89.20725	89.19755	89.2336	89.0296	89.22255	88.83585	89.1646	89.17395	89.2554	89.1903	89.17895	89.17255	89.2107	88.92205	89.1826	89.304	89.16205	89.21655	89.18965	89.0984	89.2178	89.1703	89.20095	89.1676	81.5537	81.56155	81.5498	81.5548	93.6975	93.7441	93.74055	93.7059	93.72715	93.69845	93.743	93.7259	93.74355	93.70775	93.72605	93.7332	93.7194	93.70075	93.6982	93.5984	93.71695	93.5786	93.70395	93.7022	93.6953	93.70265	93.6877	93.7254	93.7365	93.68985	93.72725	93.7493	93.72515	93.5556	90.05895	90.2962	89.0642	89.02515	90.1208	90.2676	90.1043	90.2764	90.30205	90.0866	90.0709	89.03375	90.26095	89.0237	90.29495	89.03095
Rhizobium_croatiense_QUR0054	89.2772	89.38705	89.25045	89.27635	89.34885	89.3414	89.2999	89.3548	89.38405	89.34365	89.3177	89.31795	89.1453	89.28095	89.31415	89.38065	89.29385	89.30115	89.31335	89.30485	89.29855	89.3885	89.35465	89.4043	89.36565	89.27565	89.3113	89.302	89.3238	89.20035	89.37675	89.33515	95.73165	99.9934	99.99295	99.98955	99.98735	99.45465	96.0146	97.704	97.73155	97.7258	97.72145	99.9869	99.99445	99.98545	97.7486	99.3202	99.4008	100	99.9905	99.98535	99.9759	99.45195	97.734	97.71145	99.4013	99.403	99.4124	99.3051	99.9878	97.7468	97.77755	97.7217	99.4476	99.41085	97.7222	97.72445	99.98645	99.29945	97.7077	99.9889	99.4513	99.41445	99.43255	97.66795	97.7207	99.3735	99.9887	97.72805	97.6954	99.40285	99.409	99.4063	99.98485	97.7446	99.51155	97.71565	99.2913	97.6617	97.71975	97.6668	97.7183	99.9847	99.4583	99.9939	99.9911	99.5046	96.418	95.98845	95.9841	99.40035	97.70235	99.4173	99.2984	97.7284	99.40025	99.9923	99.9891	99.3043	99.989	99.9922	99.98865	99.9879	89.3431	89.3301	89.2803	89.31195	89.297	89.30565	89.26475	89.2657	89.3142	89.28225	89.3148	89.28355	89.2729	89.3112	89.29725	89.26645	89.31075	89.3296	89.3026	89.32295	89.31265	89.2983	89.309	89.2954	89.2717	89.26005	89.2612	89.19245	89.1953	89.1794	89.1589	88.975	89.1771	88.87245	89.15	89.20345	89.1421	89.1826	89.1077	89.16435	89.20885	88.92565	89.16775	89.22715	89.1766	89.2284	89.15925	89.1211	89.16415	89.1123	89.1979	89.1955	81.6005	81.5832	81.5355	81.5135	93.64595	93.6729	93.67945	93.6874	93.66075	93.67515	93.6932	93.6904	93.6875	93.66505	93.6957	93.68985	93.67355	93.66715	93.6413	93.58445	93.64275	93.5831	93.67785	93.6756	93.67805	93.67525	93.68775	93.69265	93.7062	93.6874	93.67295	93.66165	93.69925	93.5639	90.0898	90.3268	89.01355	88.9757	90.20255	90.31425	90.0993	90.351	90.33535	90.132	90.13605	89.01975	90.3162	89.03095	90.3029	88.98705
Rhizobium_croatiense_QUR0055	89.28535	89.38605	89.25835	89.22435	89.31965	89.2957	89.2849	89.35065	89.38515	89.2933	89.30275	89.2679	89.1284	89.2869	89.24995	89.34895	89.29985	89.2723	89.27935	89.3034	89.25995	89.3863	89.33335	89.40875	89.39225	89.22685	89.3035	89.28655	89.29015	89.2339	89.3359	89.34405	95.7483	99.98775	99.98875	99.9821	99.9888	99.44195	95.9886	97.68945	97.7151	97.7214	97.7085	99.9883	99.98815	99.9862	97.7216	99.33275	99.3898	99.9905	100	99.98395	99.97665	99.4398	97.72075	97.6916	99.39615	99.39695	99.40625	99.30335	99.9831	97.705	97.73875	97.72955	99.4138	99.395	97.72015	97.70105	99.97765	99.2846	97.6848	99.9755	99.4371	99.39565	99.44695	97.6404	97.70755	99.3731	99.9889	97.70685	97.6861	99.3971	99.40135	99.39365	99.9907	97.70925	99.5051	97.70335	99.2373	97.66455	97.72635	97.68605	97.72215	99.9455	99.44935	99.98775	99.9882	99.5082	96.404	95.9557	95.93365	99.3941	97.69535	99.4074	99.24385	97.71225	99.41295	99.98715	99.99495	99.24995	99.99125	99.98805	99.99045	99.99135	89.3564	89.31625	89.2931	89.2998	89.329	89.3253	89.26055	89.2985	89.30145	89.26685	89.3136	89.28465	89.2899	89.29425	89.32195	89.2418	89.3226	89.3267	89.295	89.29465	89.3154	89.30385	89.3125	89.31625	89.26565	89.2802	89.33095	89.2214	89.2113	89.16535	89.195	88.9651	89.1639	88.8945	89.15765	89.1825	89.13395	89.22185	89.14395	89.16865	89.22705	88.907	89.1647	89.2025	89.2245	89.1798	89.1915	89.0723	89.1908	89.1858	89.21725	89.2337	81.53685	81.5553	81.48125	81.4885	93.66805	93.67035	93.64015	93.666	93.6294	93.68295	93.67625	93.6614	93.68085	93.64345	93.6666	93.65955	93.6539	93.6651	93.6655	93.5284	93.6509	93.56395	93.67145	93.6672	93.671	93.6711	93.66865	93.6702	93.6849	93.66065	93.6764	93.6439	93.687	93.5537	90.1236	90.321	88.9798	89.00185	90.17155	90.29785	90.08875	90.301	90.32885	90.1172	90.1001	88.99215	90.31195	88.976	90.30565	88.9832
Rhizobium_croatiense_QUR0057	89.31645	89.4028	89.28255	89.2476	89.31255	89.32225	89.3071	89.3638	89.37425	89.3188	89.34315	89.27915	89.1127	89.25965	89.2647	89.3514	89.32405	89.27955	89.29335	89.36385	89.31675	89.40155	89.36655	89.3899	89.37495	89.2524	89.26265	89.28875	89.27765	89.2013	89.3073	89.36175	95.7392	99.9863	99.9844	99.9863	99.9893	99.4426	96.0013	97.6949	97.73715	97.73455	97.72175	99.9835	99.98485	99.9897	97.72405	99.30285	99.40125	99.98535	99.98395	100	99.9786	99.43775	97.7315	97.71565	99.39655	99.3921	99.40685	99.3113	99.98095	97.7399	97.76905	97.71395	99.4549	99.40155	97.73905	97.7196	99.98465	99.29515	97.69665	99.98555	99.4332	99.4103	99.44255	97.6615	97.72605	99.3655	99.98295	97.7255	97.69845	99.3985	99.3996	99.40735	99.97985	97.71895	99.5183	97.69725	99.28445	97.66135	97.72915	97.6739	97.74035	99.9815	99.4414	99.9847	99.98355	99.50675	96.425	95.96255	95.9738	99.3938	97.6881	99.40455	99.2931	97.72515	99.3943	99.9831	99.984	99.30305	99.9815	99.9838	99.98795	99.9822	89.3579	89.32785	89.2968	89.3005	89.3196	89.2977	89.2698	89.2892	89.31085	89.29135	89.3126	89.3117	89.29905	89.2988	89.31715	89.2564	89.3096	89.3141	89.3064	89.3183	89.31905	89.3156	89.29665	89.275	89.26545	89.27795	89.27065	89.1888	89.2177	89.1441	89.16815	88.99235	89.1017	88.81865	89.17455	89.1864	89.14405	89.16095	89.09665	89.1535	89.15855	88.88675	89.2039	89.2176	89.1734	89.14575	89.19635	89.0745	89.1748	89.1343	89.1819	89.17525	81.5618	81.5494	81.5085	81.5084	93.63545	93.646	93.66625	93.67675	93.65095	93.6578	93.66415	93.6694	93.68735	93.661	93.66145	93.68105	93.64015	93.6544	93.64905	93.57705	93.6655	93.54715	93.6617	93.6682	93.6839	93.68345	93.6715	93.66695	93.6785	93.67045	93.64975	93.6528	93.6706	93.5568	90.1206	90.31595	88.96895	88.9557	90.18955	90.29395	90.1236	90.3286	90.34525	90.12715	90.14365	88.95845	90.2814	89.004	90.3226	88.97885
Rhizobium_croatiense_QUR0058	89.3161	89.36975	89.2682	89.2626	89.3067	89.28405	89.25745	89.37305	89.3847	89.32275	89.27575	89.3215	89.1475	89.30955	89.2728	89.3831	89.2558	89.309	89.34145	89.33595	89.30785	89.35815	89.34075	89.3515	89.3169	89.258	89.308	89.3294	89.28375	89.2886	89.3517	89.3699	95.7458	99.97605	99.97495	99.97635	99.98115	99.4581	96.00615	97.73325	97.75285	97.7398	97.72475	99.974	99.97795	99.979	97.742	99.3329	99.396	99.9759	99.97665	99.9786	100	99.4475	97.73765	97.72205	99.3892	99.39325	99.3962	99.3041	99.97135	97.7418	97.7601	97.73195	99.44685	99.39765	97.7225	97.74025	99.9776	99.29495	97.69335	99.9766	99.4534	99.4053	99.4387	97.6667	97.7413	99.3725	99.975	97.7451	97.7151	99.38845	99.3921	99.4039	99.97185	97.7447	99.48905	97.73605	99.29665	97.66945	97.71225	97.68955	97.7411	99.9756	99.4529	99.97475	99.97745	99.50705	96.4148	96.02185	95.9773	99.38475	97.70715	99.39975	99.3011	97.73705	99.4009	99.974	99.9769	99.30865	99.9752	99.9779	99.98005	99.97355	89.3463	89.3446	89.32245	89.33095	89.37565	89.35045	89.30265	89.31955	89.33575	89.31015	89.32335	89.30005	89.32255	89.31825	89.3629	89.30235	89.3278	89.34925	89.34185	89.3319	89.32285	89.34675	89.3265	89.31845	89.26945	89.24145	89.2858	89.22095	89.253	89.1227	89.2178	89.0086	89.18855	88.88475	89.18655	89.2006	89.15285	89.2342	89.1496	89.21515	89.2315	88.94395	89.16075	89.20725	89.1991	89.17435	89.1978	89.15315	89.19175	89.16505	89.21015	89.21975	81.5512	81.5658	81.54245	81.5244	93.6636	93.6774	93.66665	93.6502	93.6659	93.62525	93.6745	93.686	93.67865	93.6376	93.68525	93.69345	93.6722	93.6166	93.6656	93.5375	93.6398	93.57485	93.6291	93.6333	93.6358	93.63305	93.629	93.6643	93.67615	93.6196	93.6558	93.65555	93.68595	93.5506	90.0633	90.28815	89.01275	88.981	90.17325	90.2779	90.12245	90.2848	90.27995	90.1158	90.0681	88.9511	90.268	88.9993	90.27895	89.0117
Rhizobium_croatiense_QUR0076	89.28025	89.38605	89.287	89.31585	89.3472	89.33295	89.30095	89.35965	89.35825	89.3379	89.31195	89.31795	89.11705	89.3209	89.3297	89.38975	89.30355	89.31255	89.31495	89.27165	89.2601	89.35575	89.3607	89.36555	89.41455	89.2826	89.33505	89.32255	89.2769	89.2683	89.3753	89.3977	95.78215	99.44735	99.4506	99.43585	99.46485	99.95465	95.93725	97.73005	97.64125	97.7213	97.7551	99.45225	99.45145	99.46395	97.712	99.3312	99.34585	99.45195	99.4398	99.43775	99.4475	100	97.72855	97.6572	99.3513	99.3576	99.3601	99.35115	99.45015	97.7352	97.67875	97.70255	99.95585	99.3548	97.7487	97.7394	99.44355	99.3232	97.60265	99.44205	99.99345	99.35135	99.99075	97.5788	97.73625	99.964	99.43995	97.73495	97.72705	99.3484	99.3627	99.3433	99.41865	97.7344	99.42045	97.7584	99.3332	97.63855	97.727	97.63595	97.72505	99.44005	99.99105	99.44685	99.4386	99.5433	96.38435	95.92395	95.95345	99.35235	97.6138	99.3554	99.32735	97.6412	99.9689	99.44115	99.4487	99.3319	99.4505	99.447	99.445	99.44585	89.31125	89.261	89.27265	89.2608	89.29825	89.3249	89.2886	89.2719	89.2568	89.2601	89.2675	89.2626	89.2416	89.2523	89.30005	89.28515	89.2506	89.30675	89.2598	89.2463	89.2331	89.2802	89.2733	89.2987	89.2997	89.2753	89.2984	89.18555	89.173	89.1873	89.1946	88.9169	89.2094	88.85915	89.16275	89.17265	89.14455	89.2104	89.15355	89.1768	89.1959	88.90235	89.1931	89.2397	89.14935	89.1798	89.18515	89.11495	89.1784	89.15055	89.2182	89.23455	81.61345	81.61725	81.57685	81.53215	93.7462	93.7324	93.75855	93.7286	93.7602	93.73	93.74805	93.73965	93.7638	93.7403	93.739	93.7536	93.7283	93.73185	93.7424	93.62055	93.74395	93.64975	93.73735	93.7362	93.7447	93.72455	93.71455	93.7187	93.74125	93.71025	93.72855	93.70995	93.7424	93.6064	90.0584	90.28285	89.02845	88.9746	90.11255	90.2704	90.0599	90.2406	90.25955	90.04925	90.02465	88.9517	90.24215	89.00975	90.26215	88.9669
Rhizobium_croatiense_QUR0077	89.0537	89.1246	89.05515	88.9699	89.0752	89.07705	89.0184	89.04695	89.07985	89.04405	89.0253	89.03455	89.051	89.10295	89.04655	89.06995	89.00745	89.0226	89.03325	89.01475	88.9943	89.0617	89.05375	89.07265	89.0713	89.00055	89.31785	89.3007	89.28985	89.64515	89.3675	89.34325	95.9101	97.75425	97.7419	97.7282	97.75835	97.7421	96.0192	99.98155	99.9895	99.99295	99.9915	97.7327	97.74545	97.74015	99.98785	97.74595	97.74005	97.734	97.72075	97.7315	97.73765	97.72855	100	99.98525	97.73155	97.72865	97.736	97.74725	97.737	99.99145	99.98565	98.1288	97.7145	97.73175	99.99095	99.9942	97.73555	97.7389	98.31365	97.7171	97.74335	97.72405	97.70195	98.2854	99.9945	97.69165	97.73715	99.9883	99.9872	97.7211	97.73875	97.73605	97.7082	99.9915	97.67695	99.99	97.7358	99.99175	99.99215	98.3126	99.99355	97.73615	97.7323	97.733	97.762	97.7177	96.51715	96.00525	96.011	97.7248	98.2903	97.72425	97.7423	99.9899	97.71585	97.7388	97.7478	97.7427	97.7472	97.7246	97.7438	97.728	89.0079	89.02355	89.00565	89.00645	89.0406	88.9897	89.01935	89.008	89.01315	89.0258	89.0066	89.0217	88.9889	88.96915	88.99185	88.9848	89.00955	88.99335	89.00295	89.0378	88.99675	89.0361	89.00135	89.0562	88.89125	88.91125	88.9558	88.85265	88.85095	88.86125	88.86715	88.9549	88.8314	89.23465	88.85105	88.8304	88.82565	88.87465	88.8594	88.8438	88.8446	88.90035	88.8963	88.84745	88.8428	88.82895	88.8461	88.7933	88.8812	88.87	88.86105	88.84655	81.5496	81.5806	81.5952	81.5493	93.7243	93.7361	93.7268	93.75625	93.72045	93.75515	93.70795	93.7241	93.72795	93.71855	93.73795	93.72685	93.7099	93.73185	93.7102	93.83955	93.7521	93.838	93.76195	93.7289	93.7384	93.7445	93.75255	93.7323	93.7345	93.73575	93.71305	93.7196	93.72545	93.8504	90.1558	90.1722	89.02175	89.0455	90.2047	90.088	90.1814	90.1316	90.1363	90.22485	90.09665	89.0183	90.08975	88.99555	90.14145	89.03445
Rhizobium_croatiense_QUR0078	88.93555	89.0886	89.24715	89.22515	89.28945	89.31255	88.96565	89.02555	88.98765	88.96975	88.97355	88.9912	88.98855	89.33485	89.25235	89.029	88.94675	89.24355	88.9619	89.01045	88.97455	88.9948	88.9844	89.05495	89.03755	89.2331	89.44795	89.46465	89.4444	89.82935	89.5493	89.53065	95.82615	97.73345	97.71735	97.70605	97.7356	97.65275	96.0098	99.9907	99.97905	99.98615	99.98535	97.70505	97.72575	97.72585	99.98505	97.6735	97.6393	97.71145	97.6916	97.71565	97.72205	97.6572	99.98525	100	97.63095	97.61585	97.6329	97.7234	97.7005	99.9895	99.9807	97.98135	97.61575	97.6281	99.98345	99.98495	97.73745	97.6261	98.34015	97.71855	97.65635	97.62115	97.64145	98.33355	99.9831	97.60945	97.65065	99.9799	99.99255	97.6241	97.6066	97.62925	97.69605	99.9879	97.61875	99.9866	97.6332	99.8678	99.98485	98.35415	99.89445	97.73225	97.65205	97.71445	97.7365	97.72045	96.5303	95.98805	96.00175	97.6289	98.3883	97.6005	97.6574	99.94965	97.64035	97.7224	97.7183	97.6595	97.72115	97.71295	97.73745	97.6923	89.01415	89.02155	88.9884	89.01105	88.99565	88.98815	88.9723	88.9821	88.98045	89.0086	89.00395	89.0106	88.97685	88.9691	88.99825	88.9365	88.9781	88.99515	89.0081	88.99385	88.9808	89.0187	88.98645	89.00125	88.88455	88.87795	88.8979	88.8203	88.82835	88.84525	88.8767	88.9497	88.72945	89.20385	88.8247	88.862	88.81155	88.81555	88.88615	88.828	88.81855	88.8489	88.8513	88.8006	88.80365	88.80495	88.87905	88.78465	88.8434	88.8423	88.79075	88.8094	81.5845	81.6035	81.6137	81.82415	93.94035	93.9508	93.91495	93.9423	93.9476	93.94025	93.94195	93.9391	93.93775	93.93755	93.94225	93.931	93.94275	93.9183	93.9181	93.9776	93.93165	93.93615	93.9399	93.9257	93.9278	93.92605	93.93215	93.97195	93.94975	93.9107	93.95765	93.91885	93.96345	93.9539	90.11385	90.0886	88.96725	88.9541	90.11355	90.09495	90.1518	90.0884	90.0293	90.1756	90.12335	88.9398	90.09265	88.97755	90.0713	88.97545
Rhizobium_croatiense_QUR0079	89.2586	89.32145	89.26925	89.2731	89.3315	89.3271	89.28785	89.3206	89.34555	89.2923	89.27515	89.2693	89.1027	89.32785	89.31015	89.3787	89.2694	89.28765	89.29705	89.26665	89.27325	89.32985	89.32565	89.35975	89.36105	89.25875	89.32375	89.34615	89.31415	89.2205	89.39765	89.3992	95.8081	99.41085	99.40375	99.40355	99.39745	99.3494	95.98375	97.721	97.63005	97.7167	97.71245	99.39675	99.39795	99.39485	97.7203	99.4151	99.9885	99.4013	99.39615	99.39655	99.3892	99.3513	97.73155	97.63095	100	99.99205	99.9919	99.4266	99.39345	97.7428	97.6565	97.7181	99.35685	99.99265	97.73175	97.7185	99.39715	99.40565	97.56945	99.38145	99.3461	99.99115	99.34845	97.56655	97.7134	99.36265	99.3772	97.7181	97.7012	99.9915	99.9911	99.9911	99.3681	97.7281	99.3212	97.7123	99.3966	97.63395	97.7074	97.6182	97.74605	99.39	99.35385	99.3983	99.39545	99.4129	96.4023	95.9817	95.95815	99.99185	97.60825	99.9941	99.4068	97.6329	99.37335	99.40035	99.38685	99.3914	99.3992	99.40015	99.39565	99.39615	89.3276	89.3477	89.35805	89.2971	89.3394	89.3325	89.3694	89.35195	89.35935	89.34585	89.3633	89.3887	89.32455	89.34145	89.3535	89.34855	89.3853	89.3317	89.3285	89.35615	89.32895	89.35515	89.31065	89.2898	89.2682	89.3104	89.287	89.19785	89.18865	89.1483	89.1953	88.9861	89.21585	88.8659	89.14105	89.1742	89.2299	89.20695	89.1639	89.17485	89.19515	88.91455	89.1393	89.2493	89.14305	89.203	89.16055	89.1121	89.1864	89.14625	89.21335	89.19285	81.566	81.59595	81.54415	81.5387	93.7425	93.76205	93.75925	93.7472	93.7804	93.7529	93.7854	93.7724	93.78545	93.73325	93.7726	93.78475	93.75115	93.7315	93.7555	93.592	93.77605	93.628	93.75085	93.75455	93.7462	93.7527	93.7301	93.72505	93.78665	93.7249	93.74105	93.74795	93.7772	93.63505	90.07855	90.28455	89.07995	89.0095	90.1735	90.2746	90.08625	90.29325	90.27715	90.06605	90.06305	88.9813	90.2899	89.0373	90.30915	89.04565
Rhizobium_croatiense_QUR0081	89.284	89.34475	89.29505	89.2898	89.3558	89.32835	89.28945	89.3641	89.34695	89.31565	89.29565	89.29715	89.13245	89.28765	89.3005	89.3835	89.28655	89.3001	89.27185	89.25305	89.26835	89.36465	89.35285	89.3568	89.38625	89.2917	89.34735	89.3161	89.3397	89.2512	89.39975	89.37945	95.80815	99.4072	99.40795	99.3929	99.40675	99.34725	95.98525	97.7243	97.6468	97.72525	97.7189	99.3903	99.4059	99.40295	97.73895	99.41	99.9912	99.403	99.39695	99.3921	99.39325	99.3576	97.72865	97.61585	99.99205	100	99.9899	99.42835	99.3928	97.71415	97.6264	97.70505	99.35435	99.9928	97.72245	97.7344	99.39925	99.40655	97.58585	99.38815	99.35345	99.99165	99.35345	97.55485	97.7231	99.36565	99.37905	97.72665	97.7328	99.9903	99.98945	99.99075	99.3789	97.73765	99.31595	97.71435	99.4054	97.61755	97.72625	97.59785	97.71995	99.4002	99.36385	99.40765	99.39915	99.4169	96.397	95.9507	95.9389	99.99085	97.6008	99.9932	99.4121	97.6246	99.35065	99.4034	99.3911	99.4075	99.39355	99.4056	99.40415	99.39205	89.3579	89.3515	89.3738	89.3514	89.35735	89.38395	89.37735	89.35955	89.35375	89.3389	89.367	89.3813	89.32255	89.3155	89.37625	89.3554	89.39835	89.3863	89.33795	89.3665	89.38015	89.356	89.30785	89.2983	89.277	89.3113	89.27325	89.2614	89.24445	89.2051	89.24895	89.02325	89.22135	88.8839	89.18365	89.2152	89.24325	89.1944	89.17965	89.20935	89.2257	88.94215	89.19705	89.27035	89.2078	89.22595	89.1842	89.12285	89.1922	89.151	89.2173	89.1949	81.54095	81.55765	81.558	81.51985	93.70035	93.75265	93.7393	93.72215	93.7634	93.73315	93.7623	93.73605	93.74805	93.73995	93.7424	93.7475	93.7364	93.71875	93.70575	93.5632	93.71495	93.60875	93.7289	93.7152	93.7286	93.7425	93.70125	93.7343	93.7427	93.71535	93.75805	93.7558	93.7443	93.57355	90.05985	90.33775	89.0588	89.0615	90.20425	90.3064	90.09175	90.3433	90.291	90.10175	90.1019	89.0166	90.31795	89.05885	90.31325	89.02545
Rhizobium_croatiense_QUR0082	89.23305	89.3464	89.24855	89.2629	89.3048	89.3129	89.2636	89.30725	89.30875	89.2699	89.25945	89.24605	89.0667	89.28795	89.29355	89.37085	89.2459	89.2581	89.259	89.25345	89.26005	89.3157	89.30245	89.30025	89.3349	89.2388	89.2885	89.3417	89.30515	89.2159	89.36195	89.38145	95.7971	99.41925	99.41365	99.41165	99.4032	99.35645	95.985	97.7192	97.6338	97.72065	97.7171	99.3987	99.40755	99.39905	97.71645	99.4258	99.99045	99.4124	99.40625	99.40685	99.3962	99.3601	97.736	97.6329	99.9919	99.9899	100	99.4403	99.4003	97.7333	97.68385	97.69605	99.37795	99.9926	97.74265	97.7208	99.40605	99.4141	97.6017	99.3835	99.36395	99.99055	99.36765	97.5841	97.7232	99.3891	99.3704	97.73655	97.71865	99.99305	99.9916	99.99045	99.3705	97.7349	99.32415	97.71855	99.4237	97.63805	97.71935	97.6156	97.73795	99.4004	99.3625	99.407	99.40435	99.40725	96.39925	95.96115	95.9769	99.9907	97.5954	99.9923	99.4254	97.6594	99.3628	99.4088	99.3951	99.4138	99.40685	99.4099	99.4062	99.40555	89.38495	89.33515	89.3781	89.3346	89.3506	89.36615	89.3756	89.37195	89.33955	89.34385	89.36255	89.36135	89.3353	89.35335	89.34045	89.34135	89.39165	89.3644	89.3443	89.34705	89.34585	89.3372	89.3141	89.3062	89.2871	89.2902	89.29995	89.2147	89.173	89.1735	89.15115	89.00025	89.19945	88.8527	89.1386	89.1568	89.24675	89.21945	89.14985	89.1983	89.2016	88.89775	89.16385	89.2515	89.17685	89.18045	89.16005	89.09875	89.2112	89.15785	89.20855	89.1993	81.5694	81.5913	81.553	81.5779	93.7211	93.73265	93.72465	93.70835	93.73665	93.73105	93.74335	93.7281	93.728	93.72335	93.74035	93.73385	93.7312	93.7234	93.72345	93.605	93.73765	93.6111	93.7345	93.72335	93.7351	93.73335	93.7045	93.72185	93.7377	93.7146	93.75235	93.7315	93.73775	93.62185	90.0849	90.285	89.07075	89.0052	90.14635	90.2989	90.06875	90.2913	90.28785	90.0797	90.08	88.9806	90.3122	89.0394	90.2991	89.0341
Rhizobium_croatiense_QUR0083	89.2312	89.37415	89.2581	89.2334	89.29675	89.3017	89.2365	89.3159	89.29625	89.2539	89.25575	89.2433	89.0855	89.3479	89.2413	89.36025	89.24735	89.25945	89.2482	89.2557	89.2319	89.3136	89.30015	89.32805	89.3179	89.20495	89.37025	89.3425	89.37135	89.27215	89.37935	89.392	95.87285	99.3077	99.30865	99.3082	99.32035	99.35605	96.01135	97.74825	97.75125	97.72595	97.73245	99.3207	99.31715	99.32495	97.753	99.50375	99.4504	99.3051	99.30335	99.3113	99.3041	99.35115	97.74725	97.7234	99.4266	99.42835	99.4403	100	99.2986	97.76215	97.78045	97.7216	99.3518	99.44655	97.76195	97.73715	99.3324	99.99235	97.6793	99.31275	99.3496	99.44985	99.3612	97.6841	97.74865	99.35885	99.3049	97.7412	97.74	99.4397	99.4417	99.4429	99.29795	97.7708	99.28865	97.72945	99.9931	97.73815	97.72865	97.67745	97.75935	99.30395	99.3452	99.31335	99.31445	99.3297	96.4346	96.0024	96.0135	99.4336	97.69515	99.43695	99.98905	97.7513	99.35245	99.3177	99.2939	99.98945	99.3353	99.31835	99.3041	99.30615	89.3935	89.3135	89.29865	89.3492	89.3524	89.3456	89.3441	89.32365	89.3163	89.32825	89.34115	89.351	89.3436	89.33395	89.378	89.32635	89.3332	89.35845	89.3135	89.33065	89.34875	89.3466	89.34905	89.34795	89.32195	89.3243	89.30765	89.2173	89.19755	89.22835	89.2135	88.9633	89.1639	88.85335	89.1765	89.16455	89.18295	89.22265	89.1706	89.1659	89.20015	88.94105	89.1929	89.19935	89.148	89.25275	89.19945	89.14705	89.18825	89.16005	89.2466	89.2132	81.524	81.53545	81.57525	81.50535	93.80215	93.8132	93.817	93.8401	93.79335	93.82845	93.80495	93.8227	93.8108	93.78645	93.8345	93.8082	93.8127	93.81435	93.78495	93.65405	93.81515	93.64785	93.82775	93.81975	93.8155	93.80705	93.8234	93.8244	93.83075	93.8103	93.81065	93.8134	93.8317	93.6553	90.09945	90.3319	89.06855	89.0486	90.17665	90.32155	90.0988	90.3277	90.3332	90.1327	90.06655	89.01625	90.33005	89.0811	90.33515	89.0276
Rhizobium_croatiense_QUR0084	89.29385	89.38305	89.26395	89.2598	89.3006	89.29365	89.2519	89.3698	89.3648	89.3072	89.27665	89.2901	89.1496	89.3239	89.25485	89.4163	89.2565	89.2877	89.27025	89.31895	89.24665	89.3726	89.3344	89.3809	89.3388	89.2621	89.2845	89.2937	89.2951	89.2197	89.3538	89.3314	95.74755	99.9877	99.98745	99.9853	99.98005	99.45585	96.0123	97.706	97.7345	97.7284	97.7262	99.98495	99.99025	99.97925	97.73485	99.33565	99.3953	99.9878	99.9831	99.98095	99.97135	99.45015	97.737	97.7005	99.39345	99.3928	99.4003	99.2986	100	97.75095	97.75955	97.736	99.4408	99.3912	97.73405	97.7243	99.9841	99.2899	97.7072	99.9845	99.4494	99.4127	99.4504	97.66925	97.73245	99.38695	99.9836	97.7183	97.72075	99.39315	99.4082	99.3965	99.9783	97.7409	99.49815	97.7107	99.29325	97.6826	97.7217	97.694	97.73445	99.9796	99.4436	99.989	99.98705	99.5098	96.4181	95.97315	95.98015	99.38875	97.7049	99.4138	99.29185	97.72775	99.40025	99.9902	99.98255	99.3095	99.97875	99.98795	99.9827	99.98375	89.3601	89.30715	89.2668	89.29555	89.286	89.3106	89.25665	89.25895	89.3076	89.25205	89.29205	89.2858	89.27765	89.26665	89.31755	89.25205	89.27815	89.32395	89.31045	89.3051	89.3099	89.30425	89.30195	89.3039	89.2138	89.24365	89.2568	89.1954	89.24105	89.1613	89.16385	89.00665	89.1264	88.8624	89.1853	89.195	89.13575	89.1854	89.1188	89.1665	89.18955	88.96	89.1573	89.20415	89.17075	89.20635	89.18705	89.11605	89.1723	89.14815	89.18005	89.1895	81.58705	81.60815	81.572	81.5365	93.6619	93.65665	93.6615	93.67415	93.65195	93.66065	93.65875	93.6741	93.66	93.64405	93.6791	93.6735	93.638	93.63	93.6625	93.55725	93.6227	93.57065	93.66605	93.6552	93.6517	93.6429	93.66705	93.66495	93.6869	93.64915	93.6505	93.6525	93.683	93.5402	90.1217	90.3005	88.98465	88.94165	90.1756	90.28925	90.06675	90.30295	90.29305	90.112	90.06985	88.9235	90.2772	88.9952	90.29125	88.9542
Rhizobium_croatiense_QUR0085	88.99955	89.07975	88.99465	88.957	89.0016	89.0562	88.98825	89.04585	89.0089	89.0366	89.0146	89.00245	89.0231	89.03665	88.97715	89.0657	88.9967	88.9739	88.9812	89.00865	88.9708	88.9936	89.0508	89.0082	89.0246	88.9773	89.2724	89.23355	89.22875	89.6058	89.305	89.2898	95.886	97.74235	97.7617	97.74385	97.7506	97.71925	96.0042	99.986	99.9901	99.99095	99.99145	97.7325	97.75135	97.7449	99.98815	97.73975	97.71915	97.7468	97.705	97.7399	97.7418	97.7352	99.99145	99.9895	97.7428	97.71415	97.7333	97.76215	97.75095	100	99.98945	98.11495	97.71785	97.74085	99.9907	99.9921	97.72345	97.7497	98.3101	97.7329	97.74285	97.7495	97.7158	98.27295	99.99265	97.70115	97.73955	99.9893	99.9877	97.74495	97.7153	97.72525	97.7162	99.9909	97.6846	99.99275	97.74785	99.9935	99.99265	98.32555	99.9921	97.73315	97.751	97.74095	97.7561	97.72005	96.5318	96.0006	95.97785	97.7325	98.30505	97.7361	97.76395	99.9915	97.7174	97.76315	97.74895	97.7537	97.7518	97.75715	97.7338	97.70665	88.99625	88.979	88.98195	88.99705	89.00885	89.012	88.9972	88.9952	88.9713	88.963	88.99355	89.0029	88.98145	88.9801	89.0144	88.9565	88.97275	89.01865	88.96465	88.99535	88.9972	88.97	88.97775	89.0046	88.9154	88.87385	88.92795	88.85375	88.8676	88.85915	88.871	88.9314	88.89285	89.22155	88.82525	88.85795	88.8053	88.86705	88.8582	88.83875	88.8595	88.91935	88.9052	88.86655	88.82395	88.8365	88.8458	88.8133	88.90155	88.8606	88.86965	88.89055	81.5665	81.59085	81.6438	81.63385	93.68415	93.7147	93.69115	93.69725	93.69175	93.6874	93.68345	93.672	93.7133	93.6846	93.68935	93.6786	93.69495	93.69855	93.6879	93.86585	93.7113	93.8418	93.69005	93.69285	93.69335	93.70015	93.6994	93.7027	93.7125	93.6941	93.66995	93.69295	93.6862	93.84225	90.1116	90.13945	88.9963	88.95955	90.14965	90.1054	90.13635	90.12935	90.1395	90.1687	90.1413	88.9879	90.10175	89.02695	90.1189	88.99015
Rhizobium_croatiense_QUR0086	89.0082	89.1038	89.0175	88.9767	89.0471	89.02875	88.958	89.0163	89.00405	89.0199	88.9924	88.99225	89.04575	89.1695	89.00045	89.052	88.9573	89.03135	88.98135	88.9754	88.9965	89.00755	89.02035	89.04395	89.03875	89.0015	89.2865	89.26515	89.24925	89.6182	89.3344	89.3238	95.9248	97.7817	97.77725	97.76365	97.7715	97.65945	96.04465	99.98625	99.9823	99.98535	99.9892	97.763	97.7822	97.7691	99.98445	97.6952	97.66245	97.77755	97.73875	97.76905	97.7601	97.67875	99.98565	99.9807	97.6565	97.6264	97.68385	97.78045	97.75955	99.98945	100	98.0666	97.63615	97.67515	99.9882	99.9887	97.74085	97.67245	98.3222	97.76	97.68555	97.65545	97.6449	98.2774	99.98535	97.63375	97.67985	99.98695	99.9855	97.65705	97.6545	97.6653	97.7426	99.98615	97.6483	99.9905	97.6603	99.96025	99.987	98.306	99.89895	97.75035	97.6542	97.76675	97.7636	97.7377	96.5258	96.0229	96.01735	97.65995	98.3118	97.6352	97.683	99.9631	97.6346	97.7666	97.7425	97.68935	97.78365	97.7798	97.7741	97.7431	89.00565	89.01855	88.9674	89.01325	89.04075	88.98725	88.9819	88.98005	88.97305	88.97875	88.97595	89.00635	88.98965	88.9674	89.01305	88.93615	88.96955	88.9784	88.98445	89.01215	88.9896	89.0074	88.99735	89.024	88.92375	88.92	88.93045	88.84095	88.89585	88.9103	88.88615	88.9417	88.8162	89.24745	88.87755	88.82635	88.8449	88.8361	88.83605	88.86095	88.88065	88.91345	88.8922	88.81085	88.82955	88.85195	88.8473	88.8027	88.87825	88.8465	88.862	88.835	81.55925	81.5753	81.5673	81.77235	93.6918	93.7169	93.6944	93.7391	93.71205	93.7291	93.71545	93.69265	93.73925	93.7274	93.7057	93.7066	93.72	93.72735	93.696	93.81265	93.74625	93.79855	93.72665	93.73455	93.73425	93.74515	93.73205	93.73875	93.7425	93.74455	93.71575	93.7232	93.70195	93.8259	90.1059	90.12565	89.01615	89.03885	90.1471	90.0823	90.1438	90.10955	90.11625	90.163	90.0873	89.0609	90.099	89.0196	90.1003	89.02665
Rhizobium_croatiense_QUR0087	89.06305	89.1768	89.0647	89.0252	89.09755	89.0786	89.0188	89.0953	89.1081	89.0994	89.03415	89.0604	89.12995	88.99385	89.0452	89.1011	89.0469	89.0192	88.9965	89.03085	89.07525	89.1169	89.075	89.0911	89.09015	89.0108	89.39265	89.4036	89.3714	89.26	89.4323	89.4719	95.8744	97.74345	97.75375	97.76285	97.72595	97.7068	96.1422	98.0658	98.04715	98.12765	98.11265	97.73665	97.7349	97.74305	98.13005	97.7326	97.6905	97.7217	97.72955	97.71395	97.73195	97.70255	98.1288	97.98135	97.7181	97.70505	97.69605	97.7216	97.736	98.11495	98.0666	100	97.7099	97.69685	98.12575	98.1054	97.717	97.6949	99.41595	97.72035	97.7239	97.70315	97.6951	99.27825	98.11615	97.62915	97.72275	98.11865	98.07465	97.6997	97.7179	97.69265	97.7116	98.1131	97.6653	98.12195	97.70415	97.93435	98.12035	99.3237	98.0801	97.7214	97.71565	97.7174	97.72735	97.7675	96.852	96.1385	96.1328	97.68995	99.32775	97.7186	97.69	98.029	97.6557	97.72745	97.72645	97.6793	97.729	97.7384	97.7405	97.72905	89.04245	89.0195	89.0274	89.03895	88.9905	89.04405	89.02535	89.00855	89.0188	88.97245	89.0608	89.0554	89.0272	89.04485	89.03835	89.02685	89.01575	89.0638	89.03235	89.02505	89.01585	89.04485	88.99875	89.04	88.90735	88.9164	88.8808	88.9966	88.96535	88.90135	88.93205	89.229	89.00615	88.8954	88.9366	88.9403	88.878	88.9335	88.89095	88.94075	88.95905	89.16955	88.90925	89.01835	88.95365	88.88015	88.9831	88.918	88.876	88.84805	88.93635	88.91585	81.74485	81.76785	81.75595	81.7443	93.7681	93.74915	93.77485	93.7593	93.76215	93.7596	93.7595	93.7791	93.77255	93.738	93.79025	93.7804	93.7384	93.7567	93.7515	93.64185	93.76665	93.66035	93.74245	93.7758	93.7498	93.73765	93.76545	93.76	93.7753	93.7552	93.728	93.73045	93.7591	93.653	90.13155	90.1222	89.2977	89.18605	90.3103	90.06445	90.1672	90.07825	90.0894	90.17065	90.17105	89.2121	90.05565	89.2353	90.0837	89.1952
Rhizobium_croatiense_QUR0088	89.3148	89.3549	89.3106	89.29545	89.34525	89.3273	89.3028	89.3871	89.3768	89.31985	89.2856	89.28775	89.10355	89.2879	89.30415	89.3575	89.2847	89.326	89.2579	89.2749	89.26285	89.3494	89.3432	89.35355	89.37925	89.2895	89.32775	89.2994	89.35245	89.2487	89.35955	89.4042	95.79805	99.4528	99.4576	99.45715	99.4639	99.95005	95.94175	97.7294	97.63795	97.69925	97.7386	99.44725	99.4478	99.4602	97.71405	99.312	99.3558	99.4476	99.4138	99.4549	99.44685	99.95585	97.7145	97.61575	99.35685	99.35435	99.37795	99.3518	99.4408	97.71785	97.63615	97.7099	100	99.35965	97.7278	97.72115	99.39355	99.3298	97.58965	99.4627	99.9593	99.3605	99.96245	97.5946	97.71805	99.95585	99.43935	97.72595	97.71765	99.3649	99.36075	99.35955	99.4415	97.7331	99.39225	97.73585	99.2869	97.62285	97.71055	97.6223	97.73075	99.45675	99.95735	99.4465	99.4457	99.54855	96.39535	95.9261	95.94885	99.3619	97.62985	99.35095	99.30075	97.6285	99.96045	99.4494	99.45045	99.2951	99.4398	99.44365	99.45525	99.45955	89.3021	89.29155	89.2868	89.3158	89.30645	89.33525	89.3023	89.2859	89.29335	89.25075	89.3058	89.2895	89.25025	89.2737	89.32925	89.29725	89.2799	89.3404	89.30175	89.29335	89.2821	89.30725	89.30405	89.3209	89.2679	89.28205	89.3293	89.22865	89.2136	89.19355	89.20645	88.9197	89.2018	88.8314	89.2137	89.16195	89.15565	89.2428	89.2143	89.11925	89.15305	88.9637	89.18115	89.27045	89.16745	89.1779	89.171	89.1061	89.2016	89.19125	89.24365	89.2348	81.56095	81.57345	81.56475	81.48255	93.7491	93.74415	93.77265	93.7217	93.77875	93.74025	93.7519	93.74195	93.7798	93.7496	93.7518	93.75325	93.7372	93.7214	93.7613	93.6497	93.75665	93.63695	93.73555	93.73395	93.7354	93.74285	93.72405	93.7304	93.7331	93.71545	93.7401	93.73875	93.7436	93.65145	90.1029	90.2935	89.0529	88.98725	90.15465	90.2695	90.1073	90.2733	90.2784	90.09335	90.0534	89.0006	90.264	89.07625	90.2956	89.00415
Rhizobium_croatiense_QUR0089	89.2727	89.3597	89.26645	89.28735	89.3335	89.31835	89.29205	89.31395	89.3405	89.2816	89.29525	89.29405	89.1126	89.2629	89.31305	89.36785	89.24075	89.28935	89.2591	89.25695	89.2657	89.34035	89.3506	89.35425	89.35085	89.3007	89.3229	89.36855	89.35805	89.273	89.4197	89.4564	95.7673	99.4039	99.39315	99.4034	99.3936	99.35275	95.98005	97.7217	97.6418	97.7247	97.72365	99.4023	99.40055	99.393	97.71605	99.417	99.99175	99.41085	99.395	99.40155	99.39765	99.3548	97.73175	97.6281	99.99265	99.9928	99.9926	99.44655	99.3912	97.74085	97.67515	97.69685	99.35965	100	97.75015	97.73105	99.38885	99.39435	97.59755	99.38965	99.34775	99.9924	99.34035	97.573	97.73165	99.3525	99.36675	97.73	97.70265	99.99315	99.9908	99.99245	99.3811	97.73565	99.3009	97.72355	99.4115	97.63815	97.72335	97.588	97.7323	99.3879	99.35385	99.41095	99.40055	99.40855	96.41535	95.967	95.95305	99.99195	97.5969	99.9906	99.4255	97.6484	99.36545	99.4062	99.3865	99.4202	99.3991	99.409	99.3988	99.4031	89.3607	89.3136	89.30435	89.31385	89.3128	89.3473	89.3358	89.30205	89.31535	89.2919	89.3423	89.3527	89.31145	89.32935	89.34785	89.3214	89.3432	89.3514	89.30105	89.32815	89.32825	89.3208	89.32345	89.3305	89.25295	89.2884	89.29125	89.231	89.1948	89.19215	89.2097	88.9922	89.2073	88.8418	89.15115	89.2072	89.22645	89.18485	89.18205	89.16555	89.1998	88.92865	89.1878	89.23885	89.17055	89.22305	89.1215	89.146	89.1898	89.1519	89.19135	89.18835	81.54305	81.5798	81.57315	81.5606	93.7659	93.7678	93.7854	93.7582	93.77515	93.7642	93.7548	93.77655	93.76185	93.75615	93.78215	93.77125	93.7533	93.744	93.7583	93.6483	93.77725	93.63995	93.7614	93.7551	93.74395	93.74635	93.7463	93.7501	93.76345	93.73735	93.7415	93.763	93.7688	93.63585	90.05475	90.2772	89.01365	88.99995	90.13025	90.29435	90.04655	90.30675	90.2752	90.03765	90.0562	88.9803	90.2879	89.0365	90.29705	89.0345
Rhizobium_croatiense_QUR0090	88.9624	89.0853	88.96205	88.96665	89.05825	89.05225	88.99325	89.01085	89.0352	89.00545	88.99375	89.004	88.98885	89.0395	88.98135	89.02675	88.97135	89.0322	88.95635	88.96685	89.01665	89.0311	89.0332	89.04615	89.0686	88.99035	89.2881	89.25045	89.2919	89.6337	89.31875	89.31645	95.8829	97.7303	97.74255	97.73865	97.7366	97.7308	96.03725	99.98355	99.9882	99.99035	99.9887	97.7504	97.7443	97.73915	99.9852	97.7761	97.7593	97.7222	97.72015	97.73905	97.7225	97.7487	99.99095	99.98345	97.73175	97.72245	97.74265	97.76195	97.73405	99.9907	99.9882	98.12575	97.7278	97.75015	100	99.98815	97.7115	97.7609	98.3074	97.75165	97.7388	97.7489	97.73285	98.2839	99.9885	97.7057	97.74725	99.9842	99.986	97.73685	97.7366	97.75355	97.74215	99.98715	97.6789	99.986	97.74115	99.9902	99.9883	98.28915	99.99	97.7247	97.7531	97.7322	97.7448	97.72025	96.53055	96.03435	96.0062	97.74885	98.30205	97.7402	97.7792	99.99005	97.72205	97.7318	97.73325	97.75635	97.776	97.7335	97.73455	97.7191	89.009	89.0254	88.9656	89.0336	89.0218	89.01	88.9886	88.99535	88.9969	89.00415	89.0208	89.04345	89.00825	89.0022	89.01155	88.9843	89.00335	89.0317	89.0046	89.0288	89.04345	89.0108	88.97635	89.01585	88.85065	88.893	88.92035	88.83095	88.80485	88.8619	88.88855	88.8973	88.8191	89.2317	88.83795	88.82325	88.81135	88.8663	88.85655	88.8278	88.8513	88.87245	88.78785	88.8534	88.8384	88.8522	88.89115	88.8063	88.83665	88.84045	88.8583	88.86195	81.5217	81.54965	81.5542	81.54975	93.7133	93.7252	93.7008	93.7108	93.7205	93.703	93.7127	93.7311	93.72105	93.72165	93.7334	93.7236	93.707	93.685	93.707	93.85685	93.7338	93.83835	93.71825	93.6844	93.6781	93.6914	93.70435	93.7392	93.71885	93.6875	93.702	93.712	93.7258	93.85955	90.1547	90.111	88.972	88.9419	90.1411	90.07625	90.1666	90.12605	90.10185	90.1547	90.16485	88.99445	90.0817	89.00465	90.08965	88.95535
Rhizobium_croatiense_QUR0103	88.945	89.1043	88.9496	88.9934	89.04725	89.0685	89	88.9784	89.02495	89.04405	88.9965	89.02485	89.0115	89.0394	88.99645	89.00025	88.99865	89.01905	88.9663	88.95515	88.97365	89.0285	89.0512	89.02185	89.04665	88.99525	89.25415	89.26755	89.2451	89.6051	89.27105	89.275	95.8885	97.7496	97.75065	97.7427	97.73965	97.7213	96.0107	99.97965	99.99	99.99065	99.9933	97.73625	97.74875	97.71625	99.98795	97.78455	97.75155	97.72445	97.70105	97.7196	97.74025	97.7394	99.9942	99.98495	97.7185	97.7344	97.7208	97.73715	97.7243	99.9921	99.9887	98.1054	97.72115	97.73105	99.98815	100	97.731	97.7422	98.31155	97.7211	97.749	97.7489	97.72275	98.2786	99.99205	97.70575	97.7443	99.9885	99.9874	97.7382	97.7436	97.74685	97.7089	99.98985	97.6823	99.99155	97.73755	99.99275	99.993	98.30405	99.9934	97.73365	97.72705	97.74215	97.7454	97.7141	96.51055	96.0086	96.0289	97.73365	98.31445	97.7543	97.75135	99.98815	97.7233	97.72795	97.7302	97.75675	97.7621	97.7491	97.7465	97.69035	88.9319	88.98565	88.98785	88.98025	88.99565	88.97415	88.96065	88.95995	88.96715	88.97205	88.959	88.98265	88.9853	88.97105	88.9483	88.93375	88.969	88.9526	88.9789	88.99075	88.95405	88.98215	88.9657	88.97245	88.8421	88.90205	88.87935	88.8296	88.81245	88.8366	88.8271	88.89105	88.7877	89.2533	88.8214	88.81755	88.79785	88.8101	88.8298	88.7932	88.82685	88.86445	88.8411	88.84625	88.84905	88.7994	88.893	88.79565	88.85605	88.86	88.79605	88.81075	81.5506	81.5587	81.5797	81.58785	93.7209	93.72795	93.7099	93.7217	93.74135	93.7099	93.7111	93.7345	93.7258	93.72595	93.74735	93.7435	93.70935	93.7299	93.71885	93.87085	93.7241	93.85665	93.7269	93.72855	93.7254	93.7257	93.71195	93.7381	93.7325	93.70695	93.72315	93.72365	93.71295	93.8526	90.1246	90.0983	88.97415	88.9415	90.1438	90.0668	90.1419	90.137	90.0798	90.1424	90.13855	88.98265	90.07575	89.01225	90.0947	88.9205
Rhizobium_croatiense_QUR0106	89.3366	89.37655	89.30385	89.3094	89.37385	89.35845	89.32855	89.36895	89.39825	89.37775	89.35035	89.3506	89.1733	89.30745	89.30045	89.40305	89.3419	89.3271	89.3363	89.36825	89.31365	89.38045	89.37395	89.44105	89.37845	89.29905	89.3001	89.3032	89.27045	89.25855	89.33305	89.34135	95.7306	99.9885	99.9882	99.98845	99.99135	99.45735	95.965	97.7061	97.73745	97.7284	97.72565	99.9924	99.9894	99.98915	97.7306	99.34485	99.39715	99.98645	99.97765	99.98465	99.9776	99.44355	97.73555	97.73745	99.39715	99.39925	99.40605	99.3324	99.9841	97.72345	97.74085	97.717	99.39355	99.38885	97.7115	97.731	100	99.31875	97.6886	99.9903	99.45255	99.40425	99.4382	97.6639	97.7337	99.38785	99.98265	97.7438	97.72445	99.39955	99.4134	99.40165	99.97935	97.72245	99.49385	97.7144	99.24915	97.6641	97.71525	97.69205	97.7104	99.97815	99.4471	99.9889	99.9874	99.51615	96.42625	95.9646	95.95005	99.3992	97.685	99.40595	99.25205	97.73065	99.38285	99.9884	99.9795	99.23375	99.9734	99.98665	99.9893	99.97435	89.33185	89.2882	89.26685	89.2844	89.272	89.31715	89.2923	89.2749	89.26405	89.24225	89.28205	89.2573	89.26505	89.2835	89.29255	89.28265	89.28745	89.3072	89.2758	89.2644	89.2709	89.2985	89.31025	89.29565	89.26745	89.25715	89.24445	89.2274	89.24795	89.17135	89.1849	88.9816	89.14925	88.85255	89.2166	89.1615	89.1557	89.21245	89.15755	89.19005	89.1889	88.8924	89.16595	89.1554	89.14945	89.17645	89.19495	89.12075	89.19605	89.13315	89.20135	89.21945	81.5749	81.56075	81.50305	81.48935	93.6573	93.69005	93.69535	93.66955	93.68	93.6652	93.6833	93.69975	93.66095	93.6824	93.69565	93.70215	93.68125	93.67325	93.65785	93.55235	93.67085	93.5688	93.67235	93.6732	93.6725	93.66275	93.6725	93.68875	93.69005	93.6762	93.68875	93.69015	93.6822	93.5498	90.08885	90.3133	88.9548	88.9228	90.1473	90.25705	90.11825	90.3087	90.2957	90.14765	90.09715	88.91075	90.28745	88.9655	90.27125	88.95835
Rhizobium_croatiense_QUR0111	89.29	89.39105	89.28625	89.24645	89.3151	89.3297	89.26365	89.34225	89.36745	89.3128	89.26255	89.2731	89.14905	89.28775	89.2889	89.40035	89.26515	89.28795	89.27745	89.2676	89.2859	89.3697	89.35315	89.34845	89.36075	89.24035	89.3079	89.312	89.34455	89.2271	89.36725	89.36375	95.8276	99.30145	99.2892	99.28955	99.29955	99.27955	95.996	97.7503	97.6592	97.74075	97.72675	99.2992	99.2984	99.30965	97.74335	99.47295	99.4138	99.29945	99.2846	99.29515	99.29495	99.3232	97.7389	97.6261	99.40565	99.40655	99.4141	99.99235	99.2899	97.7497	97.67245	97.6949	99.3298	99.39435	97.7609	97.7422	99.31875	100	97.60145	99.2915	99.3218	99.40485	99.32185	97.57565	97.7403	99.32535	99.2724	97.7235	97.73405	99.4062	99.4051	99.40995	99.2887	97.7519	99.211	97.73555	99.99095	97.62485	97.7338	97.58895	97.7016	99.275	99.3267	99.298	99.29455	99.32865	96.42585	95.95685	95.97155	99.4081	97.5981	99.40755	99.9905	97.64355	99.3186	99.297	99.2722	99.9913	99.3133	99.29925	99.28775	99.28365	89.3491	89.36365	89.32405	89.34455	89.3605	89.37225	89.34255	89.3221	89.35545	89.3405	89.3614	89.35495	89.32375	89.3418	89.37145	89.32095	89.33125	89.3491	89.36295	89.3426	89.3159	89.383	89.30305	89.3109	89.27025	89.2874	89.3198	89.26255	89.23705	89.1978	89.2038	88.96245	89.23695	88.8368	89.2222	89.2017	89.19195	89.2294	89.16665	89.1889	89.19255	88.9038	89.25825	89.2671	89.19005	89.1869	89.17335	89.13275	89.2296	89.1634	89.2114	89.2035	81.54345	81.55465	81.55975	81.4924	93.79225	93.8182	93.81175	93.7829	93.792	93.7718	93.80835	93.8005	93.7846	93.781	93.80645	93.81905	93.8096	93.779	93.8129	93.6493	93.8008	93.6348	93.77675	93.7835	93.7764	93.75895	93.76605	93.8072	93.8417	93.7757	93.7799	93.78545	93.82745	93.65295	90.05495	90.3364	89.0693	88.944	90.14635	90.2898	90.0908	90.33915	90.3187	90.12385	90.08285	88.9792	90.30115	89.0213	90.3444	88.99245
Rhizobium_croatiense_QUR0113	88.997	89.0338	88.97695	88.9451	89.00965	89.0753	88.98005	89.0176	89.0073	89.03475	88.99105	89.0184	89.04215	89.0629	88.9629	88.97515	88.94295	88.96635	88.9698	88.9854	88.9864	89.00415	89.0037	89.01795	89.0381	88.9637	89.2169	89.2191	89.19435	89.55685	89.2466	89.23035	95.78255	97.71085	97.6901	97.7053	97.714	97.60145	95.9907	98.3262	98.3328	98.3021	98.2944	97.7071	97.7003	97.70815	98.3253	97.64415	97.5929	97.7077	97.6848	97.69665	97.69335	97.60265	98.31365	98.34015	97.56945	97.58585	97.6017	97.6793	97.7072	98.3101	98.3222	99.41595	97.58965	97.59755	98.3074	98.31155	97.6886	97.60145	100	97.70005	97.61925	97.59105	97.6066	99.94445	98.31185	97.533	97.6398	98.3036	98.32575	97.597	97.5795	97.60765	97.70385	98.3049	97.61755	98.3095	97.6198	98.3003	98.2999	99.96675	98.19655	97.69165	97.6033	97.7056	97.70035	97.6894	96.6765	95.9868	95.9631	97.6021	99.98145	97.5728	97.58565	98.29015	97.54125	97.7112	97.6941	97.5763	97.7092	97.6888	97.71755	97.69455	88.9267	88.9175	88.8944	88.92085	88.9191	88.9253	88.9009	88.87105	88.92565	88.9204	88.9285	88.9123	88.8902	88.901	88.92595	88.9083	88.8958	88.9208	88.9141	88.91895	88.8829	88.92555	88.93865	88.94465	88.8512	88.81575	88.8658	88.71635	88.78395	88.78465	88.7764	88.85955	88.7139	89.15395	88.79265	88.77095	88.7819	88.78015	88.74455	88.7722	88.7732	88.8043	88.79075	88.74515	88.73865	88.7489	88.81835	88.70765	88.7864	88.72035	88.777	88.76495	81.58695	81.6084	81.63115	81.83955	93.7094	93.72585	93.71935	93.7171	93.6998	93.7073	93.7124	93.73885	93.7048	93.70095	93.7543	93.74085	93.7103	93.7068	93.71335	93.89415	93.69455	93.9073	93.71895	93.72375	93.7047	93.71115	93.71615	93.71335	93.71265	93.7103	93.6905	93.71255	93.72825	93.9402	90.10245	90.07015	88.94805	88.89705	90.10435	90.0673	90.07815	90.08315	90.10735	90.1026	90.0888	88.9219	90.0709	88.9122	90.1016	88.89675
Rhizobium_croatiense_QUR0114	89.32335	89.36085	89.2837	89.2598	89.3137	89.28215	89.2425	89.35745	89.35935	89.30155	89.2777	89.26755	89.17225	89.31325	89.2901	89.381	89.2497	89.2718	89.2581	89.32005	89.26195	89.37085	89.31775	89.38595	89.35815	89.26005	89.3402	89.3292	89.31795	89.2484	89.39325	89.36325	95.7306	99.98845	99.98775	99.99215	99.9877	99.46235	95.95485	97.7001	97.70795	97.7251	97.7206	99.98845	99.98905	99.98855	97.71865	99.3259	99.3804	99.9889	99.9755	99.98555	99.9766	99.44205	97.7171	97.71855	99.38145	99.38815	99.3835	99.31275	99.9845	97.7329	97.76	97.72035	99.4627	99.38965	97.75165	97.7211	99.9903	99.2915	97.70005	100	99.4482	99.396	99.4385	97.6901	97.7181	99.3876	99.98875	97.71225	97.70295	99.3809	99.39715	99.38945	99.98825	97.7136	99.49875	97.7337	99.29735	97.7031	97.7422	97.6896	97.69805	99.97505	99.4365	99.98885	99.98605	99.51335	96.40115	95.9396	95.95835	99.37655	97.69815	99.40135	99.29005	97.72655	99.4011	99.98915	99.97595	99.2912	99.981	99.9879	99.98765	99.98095	89.35745	89.26495	89.25415	89.2812	89.2723	89.2887	89.2603	89.23965	89.2562	89.23425	89.27885	89.24145	89.261	89.2536	89.28225	89.24645	89.27945	89.3015	89.2567	89.26185	89.2859	89.24615	89.30015	89.3073	89.25385	89.2493	89.26995	89.2024	89.20395	89.19555	89.1655	88.93525	89.1024	88.8359	89.1802	89.1828	89.11275	89.18935	89.1541	89.1687	89.16565	88.93915	89.18165	89.2088	89.1543	89.19485	89.1518	89.0866	89.1927	89.14945	89.19315	89.19115	81.58095	81.5912	81.5165	81.5592	93.66895	93.64485	93.6611	93.63915	93.6586	93.6458	93.6854	93.64305	93.64865	93.6683	93.64675	93.6372	93.63535	93.643	93.65915	93.547	93.6065	93.5519	93.6464	93.6535	93.65545	93.6389	93.6288	93.6467	93.6682	93.6489	93.65385	93.64575	93.6814	93.5618	90.09195	90.3179	88.9857	88.9199	90.17565	90.30105	90.0646	90.2733	90.29395	90.12805	90.0839	88.9296	90.28095	88.9899	90.2568	88.9699
Rhizobium_croatiense_QUR0115	89.2672	89.369	89.27295	89.29495	89.34665	89.33675	89.3062	89.3326	89.35845	89.32725	89.2806	89.30445	89.11305	89.3163	89.311	89.3901	89.28235	89.3023	89.2887	89.2504	89.2449	89.35025	89.35195	89.3656	89.3837	89.298	89.3431	89.33835	89.25855	89.2617	89.3752	89.3985	95.7892	99.4534	99.4496	99.44205	99.4615	99.9569	95.9637	97.72795	97.6597	97.73455	97.75925	99.45395	99.45095	99.4667	97.7237	99.3357	99.34605	99.4513	99.4371	99.4332	99.4534	99.99345	97.74335	97.65635	99.3461	99.35345	99.36395	99.3496	99.4494	97.74285	97.68555	97.7239	99.9593	99.34775	97.7388	97.749	99.45255	99.3218	97.61925	99.4482	100	99.3497	99.9949	97.6065	97.7597	99.97515	99.4415	97.7365	97.7301	99.35765	99.36565	99.35155	99.41985	97.747	99.4228	97.7415	99.34065	97.6495	97.72915	97.6469	97.72015	99.4385	99.99445	99.44665	99.4329	99.5634	96.3875	95.9203	95.92955	99.35985	97.6363	99.3533	99.32565	97.6705	99.97325	99.44785	99.449	99.328	99.45755	99.44035	99.4528	99.44405	89.36585	89.2619	89.24395	89.25315	89.28905	89.28475	89.2667	89.2323	89.2371	89.25305	89.25365	89.26035	89.2489	89.23155	89.28435	89.24025	89.24585	89.28885	89.26235	89.2615	89.2595	89.26925	89.2715	89.28845	89.2659	89.2805	89.26395	89.2109	89.1543	89.18315	89.15105	88.91845	89.1793	88.82935	89.1397	89.1521	89.13405	89.1873	89.14	89.1546	89.17585	88.9088	89.1874	89.21065	89.14405	89.17445	89.183	89.1101	89.1784	89.1258	89.1914	89.19215	81.61255	81.642	81.60135	81.5696	93.7306	93.7308	93.71375	93.7435	93.7231	93.73985	93.72485	93.7547	93.7371	93.7206	93.7556	93.73925	93.73655	93.7243	93.69825	93.6356	93.7313	93.6638	93.7392	93.72065	93.72275	93.72245	93.7102	93.73755	93.73545	93.7162	93.7339	93.7406	93.7451	93.6207	90.039	90.29415	89.0121	88.93075	90.11665	90.2842	90.0461	90.25885	90.2704	90.04675	90.0362	88.93745	90.2821	89.0105	90.2796	88.9709
Rhizobium_croatiense_QUR0116	89.31085	89.3774	89.3152	89.2786	89.34305	89.3351	89.293	89.36665	89.3529	89.30065	89.30535	89.3035	89.1446	89.29835	89.33745	89.3818	89.28795	89.28125	89.2937	89.2966	89.2544	89.36305	89.3661	89.36495	89.324	89.26815	89.34335	89.32565	89.3459	89.26345	89.3989	89.4164	95.79515	99.40445	99.40265	99.4107	99.4107	99.33045	95.95565	97.7223	97.6442	97.73345	97.73875	99.40715	99.40295	99.4082	97.7347	99.41925	99.9907	99.41445	99.39565	99.4103	99.4053	99.35135	97.72405	97.62115	99.99115	99.99165	99.99055	99.44985	99.4127	97.7495	97.65545	97.70315	99.3605	99.9924	97.7489	97.7489	99.40425	99.40485	97.59105	99.396	99.3497	100	99.34955	97.5948	97.73965	99.36465	99.3779	97.72195	97.715	99.98975	99.99145	99.99325	99.3894	97.7414	99.31565	97.72465	99.4088	97.64185	97.7118	97.6253	97.7219	99.40105	99.34795	99.4241	99.41725	99.4065	96.4375	95.95765	95.9426	99.99105	97.628	99.99235	99.38385	97.63775	99.34755	99.41675	99.4023	99.3999	99.4034	99.4094	99.4118	99.4066	89.34175	89.32765	89.2723	89.313	89.2875	89.3566	89.32455	89.3023	89.3195	89.26355	89.33095	89.3465	89.32125	89.3409	89.3379	89.3146	89.34495	89.35855	89.307	89.32995	89.33665	89.30665	89.32945	89.3069	89.26605	89.29385	89.2446	89.21665	89.1993	89.2147	89.2461	88.9771	89.21705	88.85725	89.1768	89.1527	89.2059	89.1584	89.1736	89.15935	89.18145	88.8887	89.1971	89.2705	89.12545	89.2195	89.16535	89.1088	89.21775	89.1348	89.20145	89.178	81.5388	81.5493	81.5169	81.5125	93.72425	93.73625	93.75045	93.7357	93.7524	93.72855	93.73835	93.7419	93.739	93.74395	93.74255	93.7479	93.72765	93.71805	93.7327	93.63535	93.73165	93.6028	93.72705	93.7175	93.72365	93.7321	93.7175	93.73145	93.74405	93.72	93.72715	93.74885	93.73205	93.5934	90.06895	90.3426	89.0145	88.99735	90.1544	90.2562	90.0827	90.30485	90.3374	90.1289	90.08735	89.0122	90.26605	89.05725	90.303	89.00795
Rhizobium_croatiense_QUR0117	89.2994	89.3584	89.3037	89.28555	89.33105	89.3793	89.32485	89.3989	89.38135	89.3465	89.3226	89.3192	89.16885	89.3315	89.34365	89.40165	89.31495	89.2863	89.3504	89.28185	89.2778	89.372	89.3691	89.3691	89.38735	89.26185	89.341	89.3481	89.29005	89.28145	89.3864	89.3823	95.7977	99.4592	99.4506	99.442	99.4567	99.95535	95.94	97.71905	97.63015	97.7116	97.72315	99.46015	99.45885	99.46155	97.7026	99.3162	99.35095	99.43255	99.44695	99.44255	99.4387	99.99075	97.70195	97.64145	99.34845	99.35345	99.36765	99.3612	99.4504	97.7158	97.6449	97.6951	99.96245	99.34035	97.73285	97.72275	99.4382	99.32185	97.6066	99.4385	99.9949	99.34955	100	97.59725	97.73095	99.96575	99.44145	97.73505	97.7129	99.3562	99.34895	99.3509	99.4243	97.71185	99.4143	97.7184	99.3289	97.65365	97.6934	97.6325	97.73235	99.42905	99.99355	99.4655	99.44835	99.552	96.38665	95.91595	95.91785	99.36075	97.629	99.35235	99.3233	97.65105	99.9712	99.4644	99.4506	99.3307	99.4606	99.44615	99.4506	99.45055	89.30405	89.2853	89.2659	89.28	89.3042	89.2849	89.2747	89.26945	89.2762	89.2383	89.3327	89.2796	89.2608	89.28235	89.3169	89.26295	89.2348	89.2633	89.26495	89.25055	89.25095	89.2913	89.24705	89.27805	89.27815	89.23575	89.2814	89.2384	89.1991	89.1641	89.15795	88.89965	89.1525	88.82725	89.1639	89.12265	89.14095	89.17825	89.138	89.1723	89.1783	88.90635	89.1743	89.20315	89.10155	89.1386	89.10595	89.09985	89.1449	89.09735	89.1966	89.17185	81.6031	81.60645	81.57045	81.54975	93.7149	93.7275	93.7275	93.7058	93.7414	93.70345	93.72745	93.72	93.7153	93.72275	93.72235	93.7073	93.73005	93.6883	93.6988	93.642	93.72635	93.6034	93.70595	93.71035	93.6949	93.70495	93.68675	93.7003	93.7217	93.7012	93.7159	93.73515	93.7361	93.61715	90.02415	90.2796	89.0276	88.98555	90.1189	90.25785	90.04485	90.28545	90.26245	90.0259	90.01145	88.92145	90.2492	88.99935	90.2541	88.9447
Rhizobium_croatiense_QUR0126	88.9557	89.04285	89.2246	89.1745	89.24125	89.2716	88.92315	88.96165	89.02215	88.98105	88.9548	88.9729	88.9863	89.3895	89.18795	88.9785	88.94125	89.208	88.9203	88.9439	88.9212	89.004	88.9739	88.9818	88.9927	89.1745	89.43595	89.416	89.3955	89.78805	89.4826	89.52195	95.74475	97.68895	97.65595	97.6692	97.69085	97.589	95.9776	98.341	98.26945	98.2763	98.2858	97.6716	97.70075	97.6886	98.2884	97.6485	97.57195	97.66795	97.6404	97.6615	97.6667	97.5788	98.2854	98.33355	97.56655	97.55485	97.5841	97.6841	97.66925	98.27295	98.2774	99.27825	97.5946	97.573	98.2839	98.2786	97.6639	97.57565	99.94445	97.6901	97.6065	97.5948	97.59725	100	98.2792	97.5033	97.607	98.2699	98.3484	97.5809	97.56135	97.5805	97.63655	98.27565	97.6283	98.2742	97.5945	98.21705	98.2922	99.9756	98.1844	97.63655	97.58595	97.6789	97.69835	97.66315	96.667	95.97645	95.9672	97.55445	99.95755	97.57145	97.5654	98.2751	97.5296	97.68815	97.6442	97.56785	97.63545	97.6897	97.6813	97.67285	88.9765	88.9315	88.91425	88.9359	88.91055	88.9742	88.9137	88.9093	88.90645	88.9331	88.9263	88.9436	88.9197	88.92025	88.95435	88.9129	88.9489	88.9827	88.93365	88.955	88.91685	88.948	88.88645	88.8944	88.87755	88.81585	88.85465	88.75595	88.8353	88.8514	88.82765	88.91365	88.73075	89.1687	88.82435	88.79875	88.8295	88.84315	88.78275	88.8185	88.80755	88.833	88.84595	88.8089	88.8138	88.81575	88.8272	88.7699	88.8491	88.81105	88.87155	88.83785	81.72645	81.74575	81.7271	81.9517	93.91905	93.9288	93.92175	93.9389	93.9168	93.9501	93.915	93.9497	93.90745	93.93	93.9566	93.9412	93.93235	93.92865	93.9086	94.0251	93.91	94.04745	93.93705	93.9313	93.92315	93.90925	93.94455	93.94795	93.93095	93.9247	93.91825	93.94395	93.9523	94.04895	90.1295	90.1162	88.91925	88.86205	90.1222	90.0725	90.084	90.08235	90.10865	90.0975	90.0766	88.89425	90.0693	88.9227	90.1158	88.8819
Rhizobium_croatiense_QUR0130	89.03305	89.1102	89.04445	88.9563	89.02685	89.0505	89.0138	89.0415	89.0458	89.04715	89.012	89.02915	89.01875	89.05255	89.04275	89.04645	88.98175	88.9951	89.02975	88.99665	88.9771	89.0149	89.03545	89.0247	89.06085	88.97825	89.2969	89.2582	89.2737	89.58455	89.33375	89.31145	95.90705	97.74075	97.72845	97.72545	97.73515	97.732	95.9926	99.9854	99.98795	99.99245	99.99105	97.73785	97.74345	97.74545	99.99045	97.76095	97.7287	97.7207	97.70755	97.72605	97.7413	97.73625	99.9945	99.9831	97.7134	97.7231	97.7232	97.74865	97.73245	99.99265	99.98535	98.11615	97.71805	97.73165	99.9885	99.99205	97.7337	97.7403	98.31185	97.7181	97.7597	97.73965	97.73095	98.2792	100	97.7005	97.73015	99.98635	99.98605	97.714	97.7311	97.73405	97.7118	99.9911	97.6766	99.9893	97.7494	99.9927	99.98985	98.3067	99.98955	97.71545	97.72995	97.7344	97.75675	97.7068	96.51665	96.0017	96.0056	97.723	98.29555	97.72985	97.74555	99.9894	97.72775	97.73925	97.73365	97.75925	97.73645	97.7327	97.7238	97.71395	88.9875	89.0185	88.9576	89.02075	89.00495	88.9938	89.01435	88.97645	88.9987	88.9864	88.98955	89.00615	88.9702	88.9663	88.9989	88.991	88.97895	89.0117	88.99745	89.01675	89.00635	89.0106	88.9953	89.03685	88.90405	88.90685	88.92965	88.8687	88.8935	88.88535	88.8987	88.9853	88.8691	89.2586	88.85475	88.8853	88.83115	88.90135	88.8749	88.84675	88.87355	88.91765	88.90655	88.8708	88.8591	88.877	88.85625	88.8348	88.8913	88.84415	88.86765	88.87695	81.6111	81.6367	81.6292	81.5805	93.6665	93.70875	93.6946	93.74495	93.68555	93.7077	93.69055	93.70865	93.7232	93.6734	93.72375	93.7137	93.71065	93.7008	93.6665	93.82235	93.7065	93.83005	93.69395	93.69675	93.68295	93.69695	93.71245	93.7349	93.69395	93.70965	93.6972	93.6994	93.70315	93.8351	90.147	90.1083	89.00185	88.9899	90.13695	90.0662	90.17195	90.1327	90.13025	90.19995	90.1227	89.0162	90.07525	89.0479	90.12935	89.03665
Rhizobium_croatiense_QUR0132	89.2995	89.38435	89.26045	89.2855	89.33075	89.3242	89.3121	89.39005	89.3417	89.32445	89.30795	89.29315	89.1478	89.2916	89.3175	89.37115	89.30535	89.2691	89.3155	89.2851	89.27225	89.33365	89.3672	89.3833	89.39285	89.24675	89.34405	89.3458	89.335	89.2296	89.3773	89.372	95.7395	99.3915	99.37625	99.39575	99.39245	99.94825	95.96	97.71905	97.63305	97.69845	97.71035	99.3819	99.38145	99.3927	97.7068	99.3254	99.37135	99.3735	99.3731	99.3655	99.3725	99.964	97.69165	97.60945	99.36265	99.36565	99.3891	99.35885	99.38695	97.70115	97.63375	97.62915	99.95585	99.3525	97.7057	97.70575	99.38785	99.32535	97.533	99.3876	99.97515	99.36465	99.96575	97.5033	97.7005	100	99.36625	97.7201	97.71395	99.37455	99.3496	99.3681	99.3711	97.7134	99.43835	97.7202	99.32175	97.6087	97.69565	97.55725	97.7105	99.3755	99.97285	99.38825	99.3852	99.5467	96.35375	95.93745	95.9231	99.3682	97.51105	99.35385	99.31705	97.58625	99.9938	99.3894	99.36185	99.32675	99.3744	99.3752	99.39065	99.3726	89.3886	89.33295	89.29455	89.34835	89.34845	89.33555	89.2731	89.3035	89.321	89.28165	89.3522	89.32335	89.2921	89.30755	89.3289	89.2618	89.30125	89.32675	89.3321	89.31405	89.3012	89.35335	89.2852	89.333	89.24685	89.2494	89.24405	89.2088	89.2077	89.1773	89.2225	88.995	89.17025	88.84665	89.20755	89.1587	89.15655	89.19595	89.1801	89.18715	89.2252	88.9163	89.1929	89.2253	89.15015	89.15915	89.1806	89.1207	89.17165	89.12865	89.2251	89.19515	81.5963	81.61165	81.5779	81.5299	93.6957	93.68725	93.6785	93.683	93.67715	93.70035	93.6724	93.70395	93.70315	93.6742	93.7085	93.6825	93.681	93.651	93.66875	93.5408	93.71225	93.51785	93.69205	93.6667	93.66845	93.6967	93.68645	93.67145	93.66445	93.67905	93.68755	93.70125	93.6897	93.546	90.04285	90.29625	88.99475	88.951	90.1048	90.2537	90.0376	90.27305	90.26705	90.0456	90.0578	88.94395	90.25255	89.00025	90.28455	88.9456
Rhizobium_croatiense_QUR0133	89.32635	89.38275	89.2697	89.28645	89.32485	89.31195	89.28795	89.35165	89.35095	89.3011	89.28855	89.2637	89.18635	89.27715	89.2975	89.4127	89.25805	89.3016	89.29675	89.3158	89.28175	89.35595	89.3567	89.39055	89.35785	89.2825	89.32325	89.31955	89.3279	89.2314	89.4088	89.3549	95.7184	99.98555	99.98845	99.9896	99.98905	99.43585	95.9984	97.7285	97.6691	97.74335	97.7332	99.9866	99.98885	99.98695	97.7467	99.30915	99.37125	99.9887	99.9889	99.98295	99.975	99.43995	97.73715	97.65065	99.3772	99.37905	99.3704	99.3049	99.9836	97.73955	97.67985	97.72275	99.43935	99.36675	97.74725	97.7443	99.98265	99.2724	97.6398	99.98875	99.4415	99.3779	99.44145	97.607	97.73015	99.36625	100	97.74335	97.71055	99.3734	99.36675	99.3695	99.9848	97.72685	99.43275	97.72265	99.25865	97.59775	97.72275	97.62355	97.70605	99.9823	99.4322	99.98945	99.98695	99.5201	96.41935	95.98185	95.99305	99.3715	97.65595	99.37775	99.29035	97.6261	99.40045	99.98845	99.9891	99.2968	99.9909	99.98535	99.98985	99.98725	89.3544	89.2794	89.273	89.25835	89.2776	89.2939	89.2957	89.2708	89.2694	89.2434	89.2859	89.26395	89.27415	89.272	89.27735	89.294	89.30405	89.29485	89.2825	89.28285	89.2842	89.27955	89.26935	89.27665	89.2719	89.2632	89.274	89.2641	89.22575	89.14225	89.16255	88.93855	89.186	88.88055	89.18175	89.1769	89.12225	89.19515	89.13035	89.1821	89.18875	88.94965	89.158	89.23085	89.1511	89.2042	89.15915	89.1112	89.19955	89.15285	89.17215	89.1973	81.5727	81.57025	81.47505	81.49725	93.68255	93.67335	93.6907	93.70245	93.6678	93.68085	93.6665	93.6996	93.695	93.66555	93.69725	93.69385	93.64035	93.6645	93.6802	93.5268	93.6605	93.5612	93.68335	93.66885	93.6771	93.6478	93.6699	93.67565	93.6743	93.6726	93.6483	93.6948	93.67525	93.54685	90.09525	90.32575	88.9876	88.9619	90.1407	90.3176	90.0845	90.3217	90.2977	90.093	90.0593	88.9716	90.2918	88.98565	90.2899	88.9733
Rhizobium_croatiense_QUR0134	88.9685	89.08345	88.9909	89.02985	89.08425	89.059	89.01785	89.0263	89.07	89.07035	89.05885	89.06675	89.0315	89.05635	89.03315	89.0363	89.02775	89.0499	89.0017	89.0008	88.98275	89.0726	89.0555	89.1001	89.0901	89.0346	89.2659	89.2122	89.29265	89.62535	89.31895	89.30215	95.8754	97.7485	97.7563	97.72455	97.7292	97.71295	96.0223	99.98405	99.98645	99.987	99.9887	97.73255	97.74685	97.72505	99.98685	97.74935	97.7485	97.72805	97.70685	97.7255	97.7451	97.73495	99.9883	99.9799	97.7181	97.72665	97.73655	97.7412	97.7183	99.9893	99.98695	98.11865	97.72595	97.73	99.9842	99.9885	97.7438	97.7235	98.3036	97.71225	97.7365	97.72195	97.73505	98.2699	99.98635	97.7201	97.74335	100	99.98785	97.7353	97.735	97.74795	97.7078	99.98695	97.66905	99.98775	97.7703	99.9868	99.98555	98.3088	99.9882	97.73655	97.7185	97.73805	97.74415	97.71455	96.52615	95.96915	96.03115	97.72545	98.3245	97.72955	97.74075	99.9904	97.7264	97.72545	97.7339	97.7564	97.76305	97.747	97.7465	97.7	89.037	89.0269	88.9899	89.0293	89.0096	89.0005	88.97515	88.9786	88.99595	88.99935	89.03045	89.03195	89.0167	89.0165	88.9981	88.9566	89.00495	88.9953	89.02985	89.0104	89.00925	89.0334	88.989	89.00645	88.84595	88.85655	88.93155	88.82825	88.8543	88.83185	88.86095	88.90685	88.80725	89.21745	88.82995	88.82605	88.8245	88.85465	88.8483	88.85155	88.84665	88.84825	88.82805	88.83625	88.84475	88.8138	88.89835	88.72745	88.844	88.82785	88.8575	88.8437	81.56615	81.58475	81.5772	81.5849	93.6885	93.71045	93.69325	93.6863	93.72965	93.68125	93.7005	93.70395	93.701	93.7071	93.70115	93.71435	93.6886	93.68965	93.6762	93.80175	93.72285	93.7928	93.68485	93.6882	93.672	93.6949	93.69195	93.71845	93.7068	93.67435	93.6904	93.72105	93.69045	93.79965	90.1662	90.07985	88.9978	88.95245	90.12955	90.06595	90.14275	90.1031	90.1043	90.15055	90.1625	88.95305	90.06945	89.02995	90.07765	88.9927
Rhizobium_croatiense_QUR0137	88.992	89.1289	89.2633	89.20525	89.2739	89.2572	88.94535	89.00025	89.01155	88.9938	88.9464	88.95385	88.9908	89.2909	89.2711	89.0766	88.94495	89.2156	88.9651	88.93795	88.9547	89.02835	88.98555	88.9972	89.0139	89.20805	89.46565	89.48025	89.442	89.80945	89.55735	89.5258	95.8509	97.71415	97.7293	97.72005	97.7197	97.72285	95.98855	99.9919	99.98935	99.98855	99.9871	97.71905	97.73625	97.72175	99.9896	97.75895	97.73205	97.6954	97.6861	97.69845	97.7151	97.72705	99.9872	99.99255	97.7012	97.7328	97.71865	97.74	97.72075	99.9877	99.9855	98.07465	97.71765	97.70265	99.986	99.9874	97.72445	97.73405	98.32575	97.70295	97.7301	97.715	97.7129	98.3484	99.98605	97.71395	97.71055	99.98785	100	97.72495	97.7193	97.7182	97.7032	99.9892	97.67065	99.98845	97.72065	99.896	99.9878	98.3619	99.98675	97.71015	97.71265	97.71245	97.7412	97.7092	96.5106	95.97425	95.9807	97.70555	98.34715	97.7309	97.7623	99.98895	97.71725	97.73095	97.7156	97.73375	97.7305	97.72415	97.7073	97.70335	88.9821	89.00405	88.97915	89.01865	88.9713	88.98955	89.0103	88.9953	88.99625	88.9916	89.01545	89.01975	88.9739	88.96455	88.999	88.9736	89.0024	89.0023	88.98915	89.02335	89.02055	89.0211	89.01725	89.0318	88.8666	88.88875	88.94235	88.84805	88.8338	88.8745	88.8689	88.93055	88.81145	89.20385	88.84585	88.84765	88.8561	88.87555	88.86915	88.84885	88.87335	88.8687	88.8891	88.8863	88.8293	88.86755	88.8684	88.77875	88.88595	88.86685	88.8724	88.87865	81.66535	81.69995	81.719	81.70645	93.9397	93.9195	93.9352	93.9392	93.9264	93.934	93.9116	93.95645	93.9306	93.9177	93.96205	93.94905	93.9009	93.9001	93.92945	93.95445	93.91945	93.9373	93.93715	93.90215	93.9168	93.91535	93.91795	93.9362	93.91025	93.90075	93.91055	93.91965	93.92435	93.94685	90.10925	90.091	88.9636	88.98115	90.13765	90.0466	90.09275	90.0934	90.07905	90.17155	90.1224	88.93905	90.0363	88.984	90.10555	88.9722
Rhizobium_croatiense_QUR0149	89.24365	89.34075	89.24165	89.2575	89.3261	89.318	89.26995	89.3216	89.3349	89.2733	89.2686	89.25465	89.1045	89.3101	89.30225	89.36195	89.25245	89.28315	89.2867	89.25565	89.26735	89.33235	89.3271	89.35345	89.35365	89.268	89.308	89.3374	89.2885	89.2313	89.38425	89.399	95.79675	99.4102	99.4052	99.401	99.4013	99.3504	95.98815	97.72	97.63	97.7381	97.7322	99.39405	99.39755	99.39635	97.72185	99.41885	99.9892	99.40285	99.3971	99.3985	99.38845	99.3484	97.7211	97.6241	99.9915	99.9903	99.99305	99.4397	99.39315	97.74495	97.65705	97.6997	99.3649	99.99315	97.73685	97.7382	99.39955	99.4062	97.597	99.3809	99.35765	99.98975	99.3562	97.5809	97.714	99.37455	99.3734	97.7353	97.72495	100	99.99125	99.9886	99.36705	97.7338	99.31465	97.72635	99.40935	97.6352	97.7211	97.62015	97.75665	99.3912	99.36185	99.39795	99.39535	99.41405	96.40135	95.97575	95.9581	99.9903	97.5981	99.9927	99.4279	97.65525	99.37855	99.39755	99.3857	99.4138	99.3968	99.4007	99.39735	99.396	89.35595	89.32505	89.3668	89.299	89.3427	89.3517	89.37205	89.35815	89.3356	89.34345	89.3589	89.3608	89.3285	89.3535	89.35955	89.334	89.3815	89.3474	89.3135	89.33775	89.31925	89.336	89.30125	89.2851	89.2746	89.30955	89.2963	89.22155	89.1861	89.1659	89.178	88.9897	89.2051	88.8591	89.1515	89.1902	89.2545	89.2242	89.15505	89.19255	89.186	88.8815	89.1434	89.256	89.1524	89.1938	89.15735	89.12395	89.1957	89.1277	89.2179	89.1924	81.57805	81.6043	81.54525	81.56085	93.74665	93.7797	93.7532	93.7381	93.7538	93.75335	93.76725	93.76235	93.7505	93.72485	93.76695	93.76565	93.7653	93.7284	93.7465	93.6195	93.78235	93.62415	93.7516	93.743	93.72635	93.7278	93.73425	93.74605	93.76485	93.72755	93.73735	93.74275	93.77505	93.6342	90.0512	90.2678	89.0897	88.9991	90.1297	90.26685	90.0665	90.27835	90.27205	90.0384	90.0399	88.9777	90.28055	89.04645	90.2828	89.02755
Rhizobium_croatiense_QUR0150	89.3192	89.3395	89.29905	89.28545	89.31305	89.3102	89.27975	89.38665	89.35465	89.29395	89.2817	89.305	89.1202	89.2781	89.2937	89.3747	89.24765	89.27175	89.29035	89.2897	89.27955	89.34985	89.33595	89.37565	89.3428	89.28735	89.3141	89.3318	89.28505	89.19135	89.33575	89.36055	95.7935	99.40595	99.40025	99.40515	99.39935	99.35235	95.9585	97.7153	97.62535	97.72935	97.73165	99.4075	99.396	99.39205	97.71245	99.4287	99.9897	99.409	99.40135	99.3996	99.3921	99.3627	97.73875	97.6066	99.9911	99.98945	99.9916	99.4417	99.4082	97.7153	97.6545	97.7179	99.36075	99.9908	97.7366	97.7436	99.4134	99.4051	97.5795	99.39715	99.36565	99.99145	99.34895	97.56135	97.7311	99.3496	99.36675	97.735	97.7193	99.99125	100	99.9907	99.3902	97.7362	99.2989	97.7043	99.41385	97.6338	97.71845	97.6216	97.7249	99.40415	99.3517	99.4109	99.4016	99.3986	96.4234	95.9615	95.9569	99.9893	97.62195	99.99285	99.419	97.6502	99.3554	99.4041	99.3836	99.4266	99.3895	99.39895	99.39675	99.39935	89.351	89.2916	89.26865	89.2739	89.2841	89.3086	89.24495	89.2755	89.2656	89.26675	89.2791	89.2911	89.27245	89.2975	89.2893	89.24945	89.34215	89.30695	89.2703	89.28715	89.2925	89.2696	89.25835	89.24805	89.2087	89.2177	89.2271	89.2105	89.19495	89.18555	89.15735	88.95825	89.1742	88.85835	89.1361	89.16955	89.18005	89.1701	89.12325	89.1263	89.14115	88.8781	89.1659	89.2179	89.15485	89.191	89.1212	89.10355	89.1873	89.11255	89.15745	89.1749	81.50565	81.5324	81.51095	81.51045	93.77515	93.7647	93.7553	93.7716	93.76715	93.7653	93.75995	93.77145	93.761	93.75495	93.77195	93.7715	93.77395	93.7479	93.7665	93.65405	93.762	93.63225	93.7698	93.7516	93.7554	93.7597	93.7577	93.7783	93.77175	93.754	93.7637	93.7651	93.77685	93.62365	90.03345	90.2742	89.006	88.9662	90.1162	90.3012	90.05275	90.29175	90.31685	90.0565	90.0261	88.95705	90.30425	89.01445	90.29225	88.992
Rhizobium_croatiense_QUR0151	89.2911	89.3933	89.31645	89.32615	89.37715	89.35005	89.3202	89.34535	89.40115	89.37235	89.33195	89.3022	89.1286	89.3343	89.3464	89.3639	89.33855	89.3458	89.31875	89.28015	89.30915	89.3919	89.4055	89.38825	89.37995	89.30375	89.32315	89.3369	89.3618	89.2645	89.39865	89.3731	95.7576	99.4159	99.40325	99.41275	99.41015	99.34515	95.9715	97.7332	97.64325	97.74365	97.74055	99.3988	99.41515	99.406	97.7334	99.40845	99.99215	99.4063	99.39365	99.40735	99.4039	99.3433	97.73605	97.62925	99.9911	99.99075	99.99045	99.4429	99.3965	97.72525	97.6653	97.69265	99.35955	99.99245	97.75355	97.74685	99.40165	99.40995	97.60765	99.38945	99.35155	99.99325	99.3509	97.5805	97.73405	99.3681	99.3695	97.74795	97.7182	99.9886	99.9907	100	99.38855	97.72935	99.3097	97.72615	99.39565	97.64535	97.74705	97.5965	97.73645	99.3953	99.3547	99.411	99.4187	99.41945	96.3906	95.95475	95.9367	99.99185	97.61865	99.9935	99.4031	97.6502	99.3522	99.4116	99.4049	99.40095	99.3977	99.4223	99.40015	99.39245	89.3651	89.3064	89.2903	89.30115	89.31645	89.3363	89.3458	89.3077	89.2933	89.30165	89.30515	89.32355	89.31375	89.2977	89.3417	89.3228	89.33275	89.33585	89.2925	89.30015	89.3072	89.30815	89.309	89.28875	89.28295	89.3055	89.309	89.2276	89.2256	89.21735	89.25295	89.016	89.22095	88.86815	89.1726	89.19025	89.25535	89.17455	89.19955	89.17695	89.213	88.915	89.18255	89.30915	89.17465	89.2194	89.1992	89.0951	89.22345	89.1707	89.2078	89.1775	81.5579	81.57255	81.5553	81.56205	93.69895	93.7292	93.73865	93.70395	93.7396	93.6986	93.74335	93.7328	93.74905	93.71805	93.73385	93.74285	93.72095	93.6995	93.7081	93.59285	93.719	93.5706	93.7022	93.6983	93.7025	93.71015	93.68385	93.72615	93.7392	93.69555	93.7308	93.73765	93.72295	93.5485	90.0666	90.308	89.0692	89.042	90.135	90.2697	90.108	90.2877	90.3117	90.10465	90.10215	89.03435	90.275	89.0426	90.3038	89.031
Rhizobium_croatiense_QUR0152	89.3055	89.3734	89.2556	89.2057	89.2772	89.31055	89.27615	89.34905	89.3929	89.31585	89.30175	89.27605	89.1054	89.28165	89.25085	89.3701	89.31145	89.2455	89.2367	89.298	89.27495	89.37765	89.33745	89.3514	89.36345	89.20615	89.29405	89.30355	89.299	89.2094	89.3584	89.34325	95.71815	99.98275	99.98285	99.98865	99.98935	99.4442	95.9855	97.69	97.7289	97.70435	97.70905	99.9869	99.984	99.98655	97.7109	99.32335	99.38265	99.98485	99.9907	99.97985	99.97185	99.41865	97.7082	97.69605	99.3681	99.3789	99.3705	99.29795	99.9783	97.7162	97.7426	97.7116	99.4415	99.3811	97.74215	97.7089	99.97935	99.2887	97.70385	99.98825	99.41985	99.3894	99.4243	97.63655	97.7118	99.3711	99.9848	97.7078	97.7032	99.36705	99.3902	99.38855	100	97.71685	99.5026	97.72635	99.29195	97.66085	97.7115	97.68445	97.69735	99.9339	99.4086	99.98505	99.98575	99.50425	96.38735	95.9209	95.9155	99.36715	97.6845	99.3948	99.27095	97.7234	99.37055	99.9863	99.9923	99.27685	99.9898	99.9831	99.9886	99.99095	89.35155	89.237	89.24745	89.2447	89.27035	89.27475	89.25155	89.23905	89.2369	89.2141	89.2576	89.23145	89.2691	89.25425	89.28585	89.23345	89.24725	89.27265	89.21925	89.2243	89.25825	89.23885	89.29045	89.3058	89.25555	89.29445	89.2673	89.2336	89.2246	89.1686	89.179	88.9732	89.1478	88.85095	89.19925	89.15855	89.18955	89.19885	89.12595	89.1898	89.21745	88.9298	89.1954	89.2274	89.176	89.1926	89.16695	89.0998	89.19935	89.12995	89.2026	89.2031	81.53085	81.52625	81.544	81.52225	93.61315	93.65225	93.63915	93.6181	93.624	93.6254	93.63955	93.65115	93.62935	93.63045	93.6572	93.644	93.64075	93.6183	93.6013	93.55475	93.6264	93.54285	93.6334	93.63305	93.6288	93.6429	93.6361	93.63595	93.65975	93.63635	93.65425	93.6301	93.65515	93.5229	90.12145	90.30535	88.9982	88.9645	90.1431	90.30345	90.0814	90.34055	90.3087	90.07775	90.0668	88.9263	90.32455	89.0023	90.2958	88.969
Rhizobium_croatiense_QUR0153	89.0086	89.08525	89.0299	88.9626	89.0414	89.06325	89.0112	89.0497	89.02835	89.04405	89.0171	89.009	89.0362	89.05965	89.0119	89.07745	89.00625	88.98265	88.97705	89.00965	88.9904	89.03115	89.04485	89.0212	89.02715	88.97895	89.29795	89.26185	89.2515	89.61145	89.35015	89.30035	95.89465	97.7375	97.76005	97.72755	97.7485	97.73135	95.98425	99.9816	99.9888	99.9926	99.99215	97.73725	97.74795	97.74195	99.98895	97.7485	97.7318	97.7446	97.70925	97.71895	97.7447	97.7344	99.9915	99.9879	97.7281	97.73765	97.7349	97.7708	97.7409	99.9909	99.98615	98.1131	97.7331	97.73565	99.98715	99.98985	97.72245	97.7519	98.3049	97.7136	97.747	97.7414	97.71185	98.27565	99.9911	97.7134	97.72685	99.98695	99.9892	97.7338	97.7362	97.72935	97.71685	100	97.68905	99.9918	97.75475	99.9917	99.9915	98.2979	99.9905	97.73505	97.7308	97.74805	97.7559	97.7142	96.51545	96.00575	95.98945	97.7335	98.28625	97.7368	97.7614	99.9903	97.72435	97.7524	97.7406	97.74825	97.75345	97.7517	97.72935	97.69995	88.9762	89.0172	88.99535	89.00025	89.0235	88.9932	89.03885	89.0156	88.9977	88.9941	89.0141	89.0097	89.0015	88.9825	89.03455	89.0049	88.98925	89.01025	88.97735	89.01735	89.01625	89.02395	88.9901	89.03915	88.9157	88.8794	88.9318	88.86435	88.8603	88.8777	88.8597	88.9507	88.88505	89.19345	88.84975	88.8668	88.82785	88.89475	88.86045	88.8527	88.8779	88.9441	88.92605	88.8893	88.8586	88.8544	88.8559	88.82155	88.91365	88.8487	88.91515	88.9242	81.59505	81.59955	81.6454	81.59355	93.70845	93.70115	93.71125	93.70185	93.7196	93.7168	93.70365	93.67875	93.71775	93.7182	93.68675	93.6722	93.6754	93.712	93.71085	93.86	93.7177	93.8428	93.7313	93.7177	93.7141	93.72635	93.7202	93.6896	93.6978	93.7125	93.6855	93.69705	93.672	93.8318	90.13385	90.13325	89.01405	88.98265	90.1726	90.0772	90.1706	90.13745	90.12795	90.2068	90.1509	88.98245	90.0977	89.03215	90.1291	89.00795
Rhizobium_croatiense_QUR0154	89.26615	89.38365	89.25485	89.2371	89.2795	89.2814	89.26325	89.3314	89.3509	89.3045	89.2916	89.2554	89.14645	89.36895	89.2478	89.3441	89.2821	89.27285	89.24835	89.2233	89.2457	89.33465	89.3474	89.32005	89.2945	89.2413	89.3091	89.2776	89.2841	89.20265	89.3162	89.358	95.77175	99.50365	99.50855	99.50945	99.50715	99.4156	95.9669	97.67595	97.63945	97.67715	97.68535	99.5097	99.526	99.5039	97.6816	99.23835	99.30305	99.51155	99.5051	99.5183	99.48905	99.42045	97.67695	97.61875	99.3212	99.31595	99.32415	99.28865	99.49815	97.6846	97.6483	97.6653	99.39225	99.3009	97.6789	97.6823	99.49385	99.211	97.61755	99.49875	99.4228	99.31565	99.4143	97.6283	97.6766	99.43835	99.43275	97.66905	97.67065	99.31465	99.2989	99.3097	99.5026	97.68905	100	97.67405	99.23535	97.64925	97.66855	97.6301	97.6284	99.505	99.42025	99.5039	99.50765	99.47385	96.3637	95.95295	95.94715	99.3133	97.62795	99.3065	99.21075	97.62705	99.42805	99.5158	99.5154	99.22135	99.5229	99.52255	99.5198	99.50715	89.35755	89.3649	89.35955	89.3604	89.35035	89.38595	89.35175	89.34885	89.3401	89.323	89.3345	89.337	89.3148	89.3267	89.3627	89.34135	89.37465	89.38075	89.3707	89.35595	89.3459	89.35305	89.31565	89.30485	89.23135	89.24135	89.2545	89.18635	89.18915	89.18605	89.1986	88.9189	89.10395	88.8371	89.19455	89.2001	89.28625	89.22055	89.18085	89.20155	89.24205	88.92795	89.14515	89.1336	89.2259	89.2443	89.16325	89.1157	89.2287	89.1545	89.24015	89.23855	81.598	81.6112	81.553	81.69955	93.705	93.74775	93.73295	93.6959	93.73785	93.70455	93.7562	93.71915	93.72195	93.7183	93.72685	93.72545	93.742	93.688	93.69925	93.60775	93.7393	93.58925	93.69205	93.71385	93.6915	93.70335	93.68505	93.74275	93.75175	93.7203	93.7381	93.74185	93.73575	93.55955	90.0846	90.28795	89.0063	88.96455	90.11845	90.23355	90.07985	90.2817	90.30525	90.0912	90.07625	88.97025	90.25365	88.96585	90.2811	88.97355
Rhizobium_croatiense_QUR0155	88.96815	89.13045	88.9797	88.9977	89.0792	89.0153	88.9911	88.97635	89.03905	89.0176	89.0269	89.0048	89.01795	89.0351	88.9881	89.00035	89.0051	89.01515	88.9664	88.9633	88.96705	89.034	89.03615	89.06705	89.05215	88.99155	89.30335	89.21435	89.24035	89.6136	89.3355	89.2636	95.894	97.7398	97.73175	97.7282	97.74475	97.73385	96.01295	99.9849	99.9917	99.99295	99.9925	97.7226	97.73515	97.74215	99.9891	97.7519	97.7206	97.71565	97.70335	97.69725	97.73605	97.7584	99.99	99.9866	97.7123	97.71435	97.71855	97.72945	97.7107	99.99275	99.9905	98.12195	97.73585	97.72355	99.986	99.99155	97.7144	97.73555	98.3095	97.7337	97.7415	97.72465	97.7184	98.2742	99.9893	97.7202	97.72265	99.98775	99.98845	97.72635	97.7043	97.72615	97.72635	99.9918	97.67405	100	97.74225	99.9929	99.98995	98.3101	99.9927	97.7122	97.72945	97.749	97.75135	97.69255	96.5149	95.9941	96.00985	97.7227	98.3186	97.71815	97.74965	99.98835	97.72015	97.7304	97.7282	97.7693	97.7498	97.73055	97.732	97.688	89.00745	88.9722	88.96745	88.9718	89.00945	88.96675	88.9853	88.9654	88.9913	88.96735	88.9809	89.0017	88.9755	88.9535	88.96145	88.9426	88.951	88.9728	88.9621	88.97615	88.9848	88.9853	88.93325	88.9691	88.8771	88.866	88.9107	88.81215	88.82575	88.84065	88.83295	88.92795	88.811	89.21455	88.8079	88.8363	88.80885	88.83105	88.8288	88.81405	88.8158	88.87405	88.8405	88.8332	88.78655	88.8078	88.89665	88.80645	88.82785	88.81185	88.82975	88.83715	81.5994	81.63725	81.6429	81.6164	93.708	93.73255	93.6996	93.7459	93.7208	93.7177	93.70935	93.74165	93.7118	93.715	93.7503	93.74115	93.70585	93.70755	93.7021	93.8514	93.71405	93.8346	93.7144	93.7072	93.71635	93.71765	93.71965	93.74165	93.7183	93.69715	93.7044	93.7074	93.7308	93.83275	90.10095	90.07355	88.9847	88.97515	90.1452	90.07355	90.12725	90.1138	90.08045	90.15765	90.12085	88.9806	90.0653	88.9917	90.06895	88.94095
Rhizobium_croatiense_QUR0156	89.27275	89.32165	89.26985	89.26495	89.3326	89.3206	89.23625	89.3293	89.3185	89.23695	89.2774	89.2034	89.14495	89.30255	89.2734	89.3767	89.2473	89.28475	89.2221	89.2639	89.2328	89.32345	89.31375	89.39155	89.31455	89.2663	89.3287	89.32715	89.31955	89.2596	89.33425	89.39075	95.79795	99.30075	99.29145	99.2917	99.3188	99.30995	95.95285	97.736	97.6677	97.7526	97.73995	99.3032	99.30125	99.31905	97.7376	99.46515	99.39225	99.2913	99.2373	99.28445	99.29665	99.3332	97.7358	97.6332	99.3966	99.4054	99.4237	99.9931	99.29325	97.74785	97.6603	97.70415	99.2869	99.4115	97.74115	97.73755	99.24915	99.99095	97.6198	99.29735	99.34065	99.4088	99.3289	97.5945	97.7494	99.32175	99.25865	97.7703	97.72065	99.40935	99.41385	99.39565	99.29195	97.75475	99.23535	97.74225	100	97.635	97.7426	97.5723	97.7137	99.2843	99.33775	99.2943	99.2894	99.3229	96.41165	95.9571	95.97105	99.4061	97.598	99.40465	99.9931	97.64725	99.3085	99.29085	99.27685	99.9929	99.3173	99.2923	99.3021	99.29395	89.3436	89.30135	89.29045	89.31385	89.31975	89.32725	89.30005	89.29075	89.29275	89.2532	89.3092	89.3005	89.3209	89.30605	89.32175	89.27825	89.29055	89.3169	89.3032	89.30225	89.2971	89.3001	89.3052	89.2975	89.2854	89.27385	89.28595	89.27365	89.2182	89.1792	89.1773	88.96625	89.21845	88.8403	89.18635	89.17955	89.22605	89.16885	89.13455	89.1542	89.1512	88.908	89.2156	89.252	89.1506	89.1602	89.15965	89.0902	89.1756	89.14815	89.20855	89.17335	81.5146	81.5412	81.55735	81.4824	93.78215	93.78275	93.79835	93.8069	93.80485	93.81145	93.7991	93.80415	93.78735	93.8112	93.8015	93.79995	93.7656	93.7915	93.7706	93.6623	93.7754	93.66245	93.8128	93.79425	93.80215	93.7732	93.78405	93.77835	93.80615	93.7851	93.7796	93.77545	93.7984	93.6372	90.11065	90.3182	89.01955	88.9454	90.1412	90.31075	90.105	90.34375	90.3351	90.1217	90.1067	88.89985	90.29385	88.95445	90.28705	88.9802
Rhizobium_croatiense_QUR0158	88.8848	89.06695	88.9516	88.94755	88.98525	89.0142	88.9105	88.96015	88.9866	88.9917	88.9529	89.0122	88.9627	89.0433	88.97035	89.0162	88.92695	88.9378	88.94375	88.93255	88.93545	89.01125	88.96765	89.0091	89.0003	88.93585	89.3323	89.24045	89.31605	89.59975	89.2834	89.29235	95.8744	97.68695	97.6742	97.6844	97.6811	97.65155	96.0681	99.893	99.9561	99.9934	99.99305	97.68445	97.66225	97.69225	99.9873	97.6654	97.64005	97.6617	97.66455	97.66135	97.66945	97.63855	99.99175	99.8678	97.63395	97.61755	97.63805	97.73815	97.6826	99.9935	99.96025	97.93435	97.62285	97.63815	99.9902	99.99275	97.6641	97.62485	98.3003	97.7031	97.6495	97.64185	97.65365	98.21705	99.9927	97.6087	97.59775	99.9868	99.896	97.6352	97.6338	97.64535	97.66085	99.9917	97.64925	99.9929	97.635	100	99.9935	98.2346	99.89065	97.6636	97.6549	97.6701	97.66715	97.7244	96.5496	96.02605	96.03905	97.63035	98.2133	97.61945	97.67105	99.9599	97.66695	97.64955	97.64925	97.6385	97.69505	97.6593	97.6824	97.6791	88.97275	89.00775	88.97375	89.00405	88.99195	88.9828	88.9808	88.9717	88.98065	88.9786	88.99395	88.9797	88.97275	88.97535	88.9766	88.93515	88.9904	88.97115	88.9839	88.9954	88.97705	89.00345	88.9853	88.9973	88.8503	88.87965	88.89765	88.78975	88.78365	88.80315	88.82795	88.90115	88.7053	89.1999	88.83725	88.81575	88.8312	88.82425	88.82345	88.844	88.82035	88.8052	88.8074	88.7876	88.80695	88.7952	88.86855	88.77925	88.82845	88.8223	88.8209	88.80565	81.95795	82.0023	81.9583	82.2602	93.64055	93.66485	93.6201	93.65105	93.63015	93.6362	93.64665	93.674	93.6688	93.62165	93.67955	93.66365	93.65045	93.6251	93.63315	93.82505	93.6544	93.828	93.6532	93.6323	93.61825	93.63195	93.6428	93.6946	93.67605	93.62645	93.66565	93.6304	93.6805	93.8208	90.1375	90.0598	88.98075	88.9599	90.13105	90.05895	90.1775	90.0897	90.0663	90.15015	90.17365	89.0082	90.05705	89.01075	90.0652	88.8922
Rhizobium_croatiense_QUR0160	89.0265	89.11755	89.06925	89.03065	89.08335	89.0743	89.0168	89.0833	89.07385	89.07675	89.0351	89.06005	89.04525	89.0939	89.0794	89.098	89.00205	89.0511	89.05175	89.0396	89.0363	89.0656	89.0521	89.09375	89.10505	89.0132	89.2692	89.2517	89.2815	89.65555	89.33095	89.31515	95.87405	97.74455	97.75135	97.75615	97.744	97.71095	96.02925	99.98165	99.9879	99.9933	99.9914	97.75925	97.73885	97.7526	99.98735	97.7604	97.7501	97.71975	97.72635	97.72915	97.71225	97.727	99.99215	99.98485	97.7074	97.72625	97.71935	97.72865	97.7217	99.99265	99.987	98.12035	97.71055	97.72335	99.9883	99.993	97.71525	97.7338	98.2999	97.7422	97.72915	97.7118	97.6934	98.2922	99.98985	97.69565	97.72275	99.98555	99.9878	97.7211	97.71845	97.74705	97.7115	99.9915	97.66855	99.98995	97.7426	99.9935	100	98.31015	99.9927	97.7379	97.7218	97.73535	97.74785	97.71665	96.51815	95.96385	96.0108	97.72885	98.29495	97.7149	97.7366	99.9858	97.7058	97.7273	97.73845	97.7331	97.7478	97.73405	97.74455	97.7234	89.0438	89.0568	89.0031	89.06485	89.05505	89.0169	89.00965	89.01295	89.02375	89.0124	89.036	89.036	89.00945	88.97345	89.0364	88.979	89.00915	89.023	89.0183	89.04405	89.01575	89.05755	89.06075	89.0805	88.9156	88.93305	88.9443	88.8976	88.90525	88.8796	88.905	88.90805	88.83795	89.27775	88.91085	88.88885	88.84825	88.8937	88.8638	88.89995	88.91265	88.9016	88.90505	88.90055	88.88095	88.8793	88.8712	88.87435	88.9053	88.8661	88.87935	88.89355	81.5663	81.59365	81.61665	81.56815	93.7263	93.71415	93.6978	93.7215	93.72395	93.7189	93.7006	93.70685	93.7373	93.69725	93.7129	93.68705	93.71245	93.70995	93.71305	93.8609	93.7434	93.8288	93.73615	93.70985	93.69835	93.69955	93.7121	93.74125	93.7174	93.689	93.713	93.7126	93.72235	93.84305	90.1423	90.0903	88.9961	88.9797	90.13975	90.09345	90.17	90.13175	90.0889	90.18275	90.1709	89.01085	90.0908	89.0405	90.0803	88.9889
Rhizobium_croatiense_QUR0161	88.9586	89.05215	89.2353	89.2109	89.2543	89.2979	88.92325	88.9579	88.9824	88.98285	88.93215	88.96125	89.0233	89.33575	89.2237	89.0254	88.8986	89.24325	88.9443	88.9563	88.934	88.99205	88.9623	89.0145	88.9785	89.2176	89.4425	89.4469	89.42195	89.8176	89.49895	89.53425	95.77965	97.6775	97.69695	97.6897	97.70795	97.6239	96.00175	98.36555	98.30785	98.30465	98.3039	97.6846	97.701	97.6969	98.3045	97.66995	97.5954	97.6668	97.68605	97.6739	97.68955	97.63595	98.3126	98.35415	97.6182	97.59785	97.6156	97.67745	97.694	98.32555	98.306	99.3237	97.6223	97.588	98.28915	98.30405	97.69205	97.58895	99.96675	97.6896	97.6469	97.6253	97.6325	99.9756	98.3067	97.55725	97.62355	98.3088	98.3619	97.62015	97.6216	97.5965	97.68445	98.2979	97.6301	98.3101	97.5723	98.2346	98.31015	100	98.2111	97.6841	97.65895	97.6981	97.693	97.6962	96.70065	95.97235	95.9635	97.60415	99.97385	97.616	97.59225	98.3139	97.5709	97.6966	97.684	97.60005	97.6765	97.6941	97.68635	97.68045	88.97155	88.90005	88.91985	88.9212	88.8969	88.92545	88.9316	88.9223	88.91285	88.89335	88.9131	88.9411	88.92775	88.90985	88.93435	88.94615	88.9373	88.949	88.9029	88.9318	88.9624	88.9115	88.93195	88.93005	88.87525	88.86945	88.898	88.80335	88.7954	88.8775	88.80705	88.9259	88.8008	89.15325	88.81185	88.83775	88.82985	88.8436	88.8044	88.7836	88.80145	88.9016	88.84575	88.82225	88.80175	88.8465	88.8461	88.7895	88.82605	88.80985	88.868	88.85375	81.73685	81.77615	81.742	81.91465	93.88805	93.9034	93.89965	93.88695	93.92725	93.8836	93.8972	93.89375	93.8926	93.9327	93.90875	93.9064	93.90305	93.8809	93.9067	94.05255	93.8814	94.04115	93.8884	93.89845	93.8847	93.875	93.89635	93.90715	93.90505	93.8948	93.89485	93.90195	93.91005	94.08745	90.1506	90.0884	88.96335	88.91385	90.1281	90.0904	90.10455	90.1197	90.1352	90.1222	90.1205	88.92815	90.0885	88.9692	90.10495	88.87095
Rhizobium_croatiense_QUR0162	88.91805	89.1166	88.95985	88.9884	89.0339	89.04225	88.9797	88.9854	89.0144	89.04505	89.0127	89.0352	88.99365	88.9947	88.962	89.0243	88.9937	88.98815	88.99115	88.9454	88.9759	89.0482	89.03305	89.0305	89.06705	88.988	89.30095	89.2568	89.32555	89.6681	89.3436	89.3119	95.88425	97.7286	97.7277	97.7351	97.72325	97.7156	96.0303	99.98255	99.8925	99.993	99.99395	97.71165	97.74245	97.72235	99.988	97.73755	97.7359	97.7183	97.72215	97.74035	97.7411	97.72505	99.99355	99.89445	97.74605	97.71995	97.73795	97.75935	97.73445	99.9921	99.89895	98.0801	97.73075	97.7323	99.99	99.9934	97.7104	97.7016	98.19655	97.69805	97.72015	97.7219	97.73235	98.1844	99.98955	97.7105	97.70605	99.9882	99.98675	97.75665	97.7249	97.73645	97.69735	99.9905	97.6284	99.9927	97.7137	99.89065	99.9927	98.2111	100	97.7139	97.7164	97.748	97.7398	97.7442	96.551	95.97725	96.01475	97.7378	98.20405	97.72035	97.7099	99.90525	97.7158	97.7422	97.73705	97.7026	97.7474	97.7406	97.7367	97.72195	89.0347	89.03105	89.00625	89.05965	89.00995	89.01025	88.9784	88.98155	89.0113	89.0015	89.00455	89.024	88.9964	88.9865	89.0157	88.97345	88.997	89.00245	89.021	89.0223	88.9927	89.05145	88.99445	89.03285	88.88665	88.89145	88.89195	88.89015	88.8403	88.84945	88.8748	88.93595	88.8732	89.2585	88.8799	88.8513	88.8431	88.8766	88.8529	88.86925	88.8807	88.8892	88.8766	88.92215	88.8579	88.82185	88.91245	88.82585	88.8391	88.86055	88.87405	88.8841	81.5396	81.51305	81.55225	81.52425	93.6912	93.7267	93.68535	93.7102	93.73435	93.69205	93.7139	93.7103	93.69745	93.7289	93.7092	93.7089	93.72305	93.67765	93.6855	93.83105	93.6988	93.80815	93.7004	93.68235	93.6746	93.6788	93.67905	93.72875	93.72175	93.6888	93.72865	93.6986	93.71335	93.8071	90.1464	90.12165	88.989	88.98595	90.14815	90.0908	90.1735	90.099	90.1009	90.20065	90.1304	89.0116	90.07625	89.03395	90.11485	88.97545
Rhizobium_croatiense_QUR0163	89.32675	89.39315	89.3119	89.2397	89.30855	89.33385	89.3128	89.37495	89.3977	89.31965	89.33385	89.29085	89.13015	89.2817	89.27035	89.43	89.31555	89.25855	89.31835	89.34605	89.30695	89.40695	89.3794	89.41675	89.3867	89.23	89.3044	89.33865	89.30425	89.23225	89.3994	89.3808	95.69875	99.98285	99.98575	99.98185	99.98535	99.4487	95.99105	97.70335	97.7334	97.73315	97.7311	99.98485	99.98585	99.983	97.7417	99.3139	99.38965	99.9847	99.9455	99.9815	99.9756	99.44005	97.73615	97.73225	99.39	99.4002	99.4004	99.30395	99.9796	97.73315	97.75035	97.7214	99.45675	99.3879	97.7247	97.73365	99.97815	99.275	97.69165	99.97505	99.4385	99.40105	99.42905	97.63655	97.71545	99.3755	99.9823	97.73655	97.71015	99.3912	99.40415	99.3953	99.9339	97.73505	99.505	97.7122	99.2843	97.6636	97.7379	97.6841	97.7139	100	99.43145	99.98725	99.9856	99.51575	96.41015	95.9817	95.9351	99.3896	97.69875	99.4033	99.27815	97.72485	99.39895	99.987	99.9421	99.2929	99.93905	99.9835	99.9876	99.93545	89.391	89.2991	89.26745	89.28365	89.28695	89.2964	89.26445	89.26605	89.2771	89.25635	89.28815	89.2761	89.28545	89.2969	89.3069	89.2633	89.2922	89.30475	89.27115	89.28505	89.2976	89.26725	89.3081	89.28755	89.3038	89.3144	89.2679	89.2232	89.23285	89.16295	89.1904	89.0055	89.16045	88.8775	89.2119	89.1972	89.18085	89.2045	89.13455	89.2074	89.22755	88.9526	89.18825	89.21765	89.1722	89.2027	89.198	89.12315	89.18955	89.1326	89.2186	89.21715	81.5435	81.5283	81.479	81.4813	93.62525	93.66985	93.6724	93.66715	93.6451	93.6589	93.66905	93.6745	93.66375	93.65315	93.67365	93.68515	93.6458	93.64355	93.64235	93.5382	93.64325	93.5543	93.66065	93.65995	93.6583	93.66	93.6669	93.66525	93.684	93.6696	93.6501	93.68535	93.67385	93.5226	90.11465	90.3367	88.99665	88.98835	90.17915	90.3335	90.0944	90.34015	90.3714	90.148	90.11515	88.96635	90.35385	89.00315	90.32185	89.03155
Rhizobium_croatiense_QUR0165	89.2673	89.3476	89.25995	89.30915	89.357	89.37395	89.29855	89.3516	89.33755	89.3158	89.2582	89.29505	89.0891	89.28035	89.33755	89.37675	89.26345	89.3011	89.2741	89.2577	89.2549	89.3468	89.36065	89.3789	89.38135	89.305	89.35135	89.3173	89.2903	89.24105	89.36795	89.37515	95.7849	99.45935	99.44925	99.43945	99.4538	99.9578	95.995	97.7292	97.6607	97.73355	97.7326	99.44305	99.46705	99.45675	97.7387	99.342	99.3465	99.4583	99.44935	99.4414	99.4529	99.99105	97.7323	97.65205	99.35385	99.36385	99.3625	99.3452	99.4436	97.751	97.6542	97.71565	99.95735	99.35385	97.7531	97.72705	99.4471	99.3267	97.6033	99.4365	99.99445	99.34795	99.99355	97.58595	97.72995	99.97285	99.4322	97.7185	97.71265	99.36185	99.3517	99.3547	99.4086	97.7308	99.42025	97.72945	99.33775	97.6549	97.7218	97.65895	97.7164	99.43145	100	99.4673	99.4424	99.5579	96.3889	95.94325	95.9697	99.36155	97.61735	99.35815	99.3326	97.62325	99.9672	99.45355	99.45045	99.3323	99.4607	99.4557	99.45495	99.4534	89.40365	89.258	89.29485	89.2752	89.28455	89.28565	89.2423	89.27145	89.2582	89.2486	89.30795	89.30615	89.2783	89.27205	89.2823	89.2391	89.27155	89.29155	89.26805	89.2608	89.27925	89.26345	89.29535	89.3238	89.3051	89.28505	89.262	89.20585	89.1443	89.16665	89.1394	88.9652	89.1791	88.8207	89.12895	89.1574	89.129	89.16725	89.12975	89.14395	89.16675	88.91095	89.1844	89.20305	89.1314	89.1652	89.1674	89.06925	89.1791	89.12785	89.17605	89.17065	81.60365	81.6258	81.56225	81.5069	93.7283	93.73275	93.7402	93.73715	93.73175	93.74565	93.72895	93.73695	93.73015	93.7266	93.75605	93.7192	93.72435	93.7317	93.70415	93.64175	93.71655	93.64095	93.74305	93.743	93.7345	93.75085	93.72325	93.7281	93.7362	93.72945	93.7341	93.7368	93.73355	93.6412	90.0282	90.2719	89.00145	88.97505	90.13375	90.2514	90.03515	90.25825	90.28605	90.03355	90.0042	88.94315	90.25905	88.99345	90.2735	88.933
Rhizobium_croatiense_QUR0166	89.31445	89.4246	89.2816	89.30825	89.34795	89.3356	89.3145	89.3647	89.42055	89.3377	89.30755	89.3235	89.2071	89.3285	89.32165	89.397	89.27955	89.3471	89.3309	89.3019	89.3077	89.41875	89.3636	89.3921	89.36305	89.3125	89.27595	89.32745	89.3123	89.2346	89.40645	89.379	95.75115	99.99245	99.99345	99.98805	99.9905	99.4691	95.99515	97.7228	97.7475	97.7206	97.7559	99.98825	99.9946	99.9896	97.73205	99.3441	99.4031	99.9939	99.98775	99.9847	99.97475	99.44685	97.733	97.71445	99.3983	99.40765	99.407	99.31335	99.989	97.74095	97.76675	97.7174	99.4465	99.41095	97.7322	97.74215	99.9889	99.298	97.7056	99.98885	99.44665	99.4241	99.4655	97.6789	97.7344	99.38825	99.98945	97.73805	97.71245	99.39795	99.4109	99.411	99.98505	97.74805	99.5039	97.749	99.2943	97.6701	97.73535	97.6981	97.748	99.98725	99.4673	100	99.9923	99.51545	96.40965	95.9588	95.95585	99.39495	97.73475	99.41925	99.31235	97.7346	99.4173	99.9939	99.9901	99.32525	99.9895	99.9918	99.9902	99.98615	89.3533	89.3176	89.25595	89.28685	89.3313	89.2946	89.2517	89.2533	89.2947	89.2812	89.31185	89.2819	89.28375	89.29285	89.29685	89.2617	89.2803	89.30165	89.31595	89.30155	89.3194	89.2897	89.27915	89.26885	89.2812	89.25915	89.2476	89.19445	89.2113	89.15825	89.1951	88.99965	89.1537	88.83925	89.2268	89.16525	89.16	89.2324	89.1629	89.1895	89.2025	88.9527	89.1831	89.20965	89.17995	89.2422	89.16625	89.10255	89.21255	89.19145	89.21275	89.2329	81.56365	81.5659	81.564	81.5545	93.65255	93.6595	93.6707	93.665	93.67355	93.6405	93.66785	93.68735	93.68305	93.6742	93.69505	93.6842	93.64585	93.61585	93.6577	93.55685	93.63745	93.57035	93.6389	93.63415	93.63585	93.63975	93.6438	93.67355	93.68035	93.65235	93.66995	93.67	93.68125	93.5451	90.1113	90.30455	89.05875	88.95275	90.1629	90.2838	90.055	90.3208	90.29855	90.1091	90.09655	88.97565	90.27145	89.02265	90.3005	89.019
Rhizobium_croatiense_QUR0167	89.27095	89.42335	89.2488	89.29755	89.3369	89.37295	89.36005	89.33935	89.4141	89.35025	89.3513	89.3432	89.19035	89.3267	89.2891	89.3903	89.31865	89.325	89.35655	89.26385	89.31115	89.3756	89.4044	89.387	89.3871	89.2979	89.287	89.32925	89.3107	89.2546	89.35745	89.38065	95.74025	99.9918	99.99025	99.9877	99.99025	99.44675	96.0023	97.7359	97.753	97.75245	97.7612	99.9873	99.993	99.988	97.7676	99.3299	99.4101	99.9911	99.9882	99.98355	99.97745	99.4386	97.762	97.7365	99.39545	99.39915	99.40435	99.31445	99.98705	97.7561	97.7636	97.72735	99.4457	99.40055	97.7448	97.7454	99.9874	99.29455	97.70035	99.98605	99.4329	99.41725	99.44835	97.69835	97.75675	99.3852	99.98695	97.74415	97.7412	99.39535	99.4016	99.4187	99.98575	97.7559	99.50765	97.75135	99.2894	97.66715	97.74785	97.693	97.7398	99.9856	99.4424	99.9923	100	99.511	96.40605	95.9778	95.9838	99.39175	97.7045	99.4073	99.2987	97.75355	99.40985	99.99285	99.98855	99.3181	99.9864	99.9922	99.98755	99.9843	89.35795	89.34565	89.2916	89.31655	89.3371	89.31985	89.2879	89.2812	89.3142	89.2985	89.31465	89.2835	89.2664	89.26985	89.3307	89.27325	89.3086	89.3417	89.31925	89.33285	89.32095	89.3287	89.29535	89.2773	89.25645	89.25585	89.25365	89.18065	89.2323	89.1678	89.15345	88.97675	89.1601	88.85875	89.208	89.16175	89.1213	89.1822	89.15085	89.17975	89.2128	88.90745	89.1626	89.15755	89.151	89.1808	89.17585	89.14195	89.17015	89.16125	89.1683	89.1633	81.5925	81.58445	81.50485	81.51265	93.6459	93.6949	93.70435	93.65225	93.67425	93.6632	93.7024	93.7033	93.662	93.6576	93.7096	93.7074	93.6904	93.63395	93.6553	93.5594	93.6872	93.5676	93.65755	93.6622	93.645	93.64585	93.66785	93.6638	93.6965	93.66915	93.6782	93.6748	93.7013	93.5398	90.1185	90.31375	89.0227	88.97365	90.15895	90.29335	90.116	90.30095	90.3145	90.12975	90.1134	88.98425	90.2624	89.04155	90.3287	89.00355
Rhizobium_croatiense_QUR0168	89.3014	89.35885	89.288	89.306	89.35215	89.33025	89.29975	89.3536	89.392	89.32405	89.3044	89.303	89.15715	89.35445	89.2819	89.3931	89.29915	89.327	89.27845	89.27575	89.27145	89.3759	89.35975	89.3582	89.3816	89.2945	89.3362	89.31165	89.2854	89.21215	89.32855	89.37215	95.7739	99.509	99.50245	99.50415	99.51205	99.54935	95.9632	97.7076	97.7077	97.7042	97.70755	99.51845	99.51	99.50965	97.7181	99.3443	99.4179	99.5046	99.5082	99.50675	99.50705	99.5433	97.7177	97.72045	99.4129	99.4169	99.40725	99.3297	99.5098	97.72005	97.7377	97.7675	99.54855	99.40855	97.72025	97.7141	99.51615	99.32865	97.6894	99.51335	99.5634	99.4065	99.552	97.66315	97.7068	99.5467	99.5201	97.71455	97.7092	99.41405	99.3986	99.41945	99.50425	97.7142	99.47385	97.69255	99.3229	97.7244	97.71665	97.6962	97.7442	99.51575	99.5579	99.51545	99.511	100	96.39975	95.93005	95.93645	99.4104	97.6841	99.4103	99.33415	97.715	99.5559	99.5109	99.50865	99.32925	99.50685	99.5062	99.5167	99.50955	89.3228	89.2882	89.3212	89.294	89.28065	89.321	89.31925	89.321	89.2774	89.26495	89.3122	89.3068	89.2884	89.30195	89.3132	89.30145	89.33725	89.3377	89.29545	89.2987	89.3207	89.2854	89.3179	89.3352	89.2377	89.2779	89.30285	89.1934	89.21155	89.2058	89.23645	88.9697	89.19075	88.8757	89.2105	89.2082	89.1956	89.249	89.2131	89.1904	89.1955	88.9133	89.2657	89.2159	89.19405	89.2189	89.1794	89.13365	89.2455	89.19855	89.2467	89.23225	81.65	81.67545	81.65445	81.6062	93.757	93.7295	93.7398	93.7243	93.7598	93.7245	93.72365	93.7401	93.73535	93.7392	93.7408	93.7436	93.7138	93.72965	93.75545	93.62245	93.74235	93.5934	93.7294	93.7375	93.7314	93.71605	93.7182	93.73395	93.7432	93.7193	93.72255	93.72315	93.7269	93.5753	90.05915	90.28095	89.0235	88.95405	90.13175	90.2688	90.05655	90.2806	90.3419	90.1031	90.05145	88.97965	90.2524	89.04995	90.29405	88.95475
Rhizobium_croatiense_QUR0171	89.0402	89.11655	89.05165	89.05135	89.09025	89.10375	89.03195	89.083	89.0932	89.08915	89.0589	89.0304	89.15215	89.14815	89.04515	89.0772	89.08625	89.0632	89.0635	89.0472	89.0325	89.0884	89.11875	89.1202	89.06815	89.0198	89.4391	89.41125	89.4202	89.2402	89.4676	89.47195	96.39785	96.4269	96.4338	96.4115	96.4378	96.3787	96.617	96.51765	96.5002	96.53435	96.49555	96.4054	96.4149	96.4233	96.51305	96.393	96.3993	96.418	96.404	96.425	96.4148	96.38435	96.51715	96.5303	96.4023	96.397	96.39925	96.4346	96.4181	96.5318	96.5258	96.852	96.39535	96.41535	96.53055	96.51055	96.42625	96.42585	96.6765	96.40115	96.3875	96.4375	96.38665	96.667	96.51665	96.35375	96.41935	96.52615	96.5106	96.40135	96.4234	96.3906	96.38735	96.51545	96.3637	96.5149	96.41165	96.5496	96.51815	96.70065	96.551	96.41015	96.3889	96.40965	96.40605	96.39975	100	96.60735	96.63865	96.38715	96.7043	96.42415	96.45445	96.52605	96.34085	96.4042	96.43485	96.4586	96.4658	96.40305	96.4182	96.40405	89.0273	88.9979	89.0645	89.0141	89.0193	89.00725	89.06335	89.0524	89.00285	88.99445	89.0023	88.99015	89.0239	88.99205	89.01665	89.0293	88.9926	89.019	89.00465	88.98745	89.02255	89.00385	89.03815	89.05715	88.94325	88.9594	88.93075	88.9148	88.912	88.92615	88.89255	89.15795	88.8856	88.851	88.94025	88.89355	88.8853	88.92355	88.881	88.88565	88.89365	89.05305	88.9113	88.91525	88.8633	88.8784	88.89905	88.9171	88.9401	88.90345	88.9154	88.9142	81.6371	81.66655	81.6681	81.71995	93.8036	93.834	93.78455	93.80635	93.8196	93.78995	93.82365	93.79645	93.8217	93.81945	93.807	93.7773	93.82085	93.79245	93.79665	93.61725	93.79265	93.6244	93.78175	93.797	93.77975	93.7881	93.7885	93.8081	93.8402	93.8002	93.8225	93.7989	93.81445	93.5993	90.1991	90.24675	89.1501	89.11975	90.37045	90.22345	90.1745	90.26245	90.23865	90.2186	90.18625	89.1241	90.2363	89.13845	90.26375	89.1352
Rhizobium_croatiense_QUR0173	89.1755	89.1613	89.14895	89.1436	89.2086	89.1781	89.12295	89.14105	89.1949	89.1438	89.12975	89.13305	89.182	89.22855	89.15525	89.22135	89.13515	89.1639	89.1069	89.127	89.14765	89.14915	89.1647	89.2263	89.22185	89.124	89.43625	89.4591	89.4605	89.2838	89.52455	89.4866	98.3376	95.9759	95.9957	95.96615	95.98105	95.92785	99.9563	95.98935	95.9991	96.00695	96.0246	95.937	95.99735	95.9735	96.0032	95.9605	95.9491	95.98845	95.9557	95.96255	96.02185	95.92395	96.00525	95.98805	95.9817	95.9507	95.96115	96.0024	95.97315	96.0006	96.0229	96.1385	95.9261	95.967	96.03435	96.0086	95.9646	95.95685	95.9868	95.9396	95.9203	95.95765	95.91595	95.97645	96.0017	95.93745	95.98185	95.96915	95.97425	95.97575	95.9615	95.95475	95.9209	96.00575	95.95295	95.9941	95.9571	96.02605	95.96385	95.97235	95.97725	95.9817	95.94325	95.9588	95.9778	95.93005	96.60735	100	99.9572	95.97865	95.99765	95.96175	95.972	96.01	95.9378	95.9734	95.99525	95.9686	96.03905	95.9755	95.9908	95.9564	89.25425	89.0856	89.1139	89.1123	89.1077	89.1336	89.11775	89.1284	89.09915	89.081	89.0966	89.09225	89.0897	89.07425	89.11715	89.12805	89.1081	89.1275	89.1022	89.11025	89.10815	89.12085	89.1089	89.10115	89.0402	89.06845	89.10085	88.9723	88.95625	88.95355	88.9725	89.1344	88.91845	88.85025	88.97395	88.94565	88.9688	88.9029	88.93545	88.987	88.9421	89.08285	88.9468	88.94665	88.95735	88.91305	88.95695	88.89455	88.96515	88.9327	88.94085	88.9245	81.71165	81.7709	81.7476	81.7143	93.76695	93.75065	93.7351	93.77665	93.73405	93.77165	93.7254	93.7831	93.78525	93.7493	93.78815	93.75095	93.72625	93.74745	93.7464	93.56385	93.7572	93.60425	93.7718	93.7344	93.7439	93.7376	93.74485	93.73925	93.7066	93.7253	93.7382	93.7357	93.73525	93.577	90.40355	90.4423	89.14175	89.07095	90.5534	90.44245	90.3562	90.46135	90.4931	90.37365	90.36875	89.0768	90.4457	89.13095	90.4674	89.085
Rhizobium_croatiense_QUR0174	89.18885	89.1809	89.1761	89.0781	89.1247	89.1676	89.1022	89.1843	89.23075	89.1553	89.1237	89.136	89.21495	89.1911	89.1319	89.1683	89.1277	89.09885	89.13645	89.14405	89.1354	89.1768	89.14875	89.2085	89.19485	89.04975	89.4389	89.48525	89.46015	89.36375	89.5315	89.5176	98.2913	95.9684	95.9839	95.93775	95.9457	95.9531	99.9785	96.00605	96.01675	96.03035	96.0204	95.9679	95.9564	95.94955	96.03365	95.96055	95.94265	95.9841	95.93365	95.9738	95.9773	95.95345	96.011	96.00175	95.95815	95.9389	95.9769	96.0135	95.98015	95.97785	96.01735	96.1328	95.94885	95.95305	96.0062	96.0289	95.95005	95.97155	95.9631	95.95835	95.92955	95.9426	95.91785	95.9672	96.0056	95.9231	95.99305	96.03115	95.9807	95.9581	95.9569	95.9367	95.9155	95.98945	95.94715	96.00985	95.97105	96.03905	96.0108	95.9635	96.01475	95.9351	95.9697	95.95585	95.9838	95.93645	96.63865	99.9572	100	95.9471	96.0177	95.951	95.97525	96.0094	95.94195	95.9652	95.91815	95.9389	95.9851	95.9413	95.96265	95.93835	89.2521	89.109	89.0799	89.11875	89.1387	89.1588	89.11105	89.11125	89.13775	89.106	89.1307	89.13265	89.1049	89.131	89.1357	89.12285	89.08545	89.1408	89.11595	89.1358	89.15685	89.11895	89.09425	89.09135	89.08905	89.08625	89.1314	89.01705	89.01685	89.018	88.99755	89.1949	88.92315	88.8855	88.9866	88.98975	89.01335	88.95935	88.95095	88.97365	88.9808	89.0808	89.004	88.9688	88.99435	88.97645	88.9257	88.9171	89.0442	88.93205	89.0008	88.99565	81.75085	81.79905	81.7648	81.71975	93.7886	93.77165	93.7665	93.7668	93.7459	93.7712	93.75675	93.7927	93.768	93.7575	93.7895	93.7573	93.75025	93.75065	93.7621	93.54545	93.7417	93.56165	93.77515	93.74805	93.7533	93.75235	93.76385	93.77275	93.76465	93.7516	93.78385	93.7388	93.76065	93.5304	90.45735	90.46955	89.1517	89.09365	90.5514	90.4538	90.3549	90.42525	90.5135	90.4297	90.438	89.1091	90.4608	89.11235	90.4838	89.05805
Rhizobium_croatiense_QUR0181	89.2477	89.3572	89.26705	89.2775	89.336	89.31875	89.25825	89.3432	89.33915	89.2706	89.26675	89.2468	89.07385	89.30835	89.3035	89.3835	89.2624	89.30955	89.27065	89.281	89.26845	89.33015	89.3106	89.3358	89.34725	89.24785	89.31095	89.33615	89.30115	89.2315	89.39905	89.39565	95.78775	99.4082	99.4033	99.3975	99.4001	99.3535	95.9782	97.70215	97.6367	97.73345	97.7313	99.39565	99.39375	99.3974	97.7198	99.41855	99.99015	99.40035	99.3941	99.3938	99.38475	99.35235	97.7248	97.6289	99.99185	99.99085	99.9907	99.4336	99.38875	97.7325	97.65995	97.68995	99.3619	99.99195	97.74885	97.73365	99.3992	99.4081	97.6021	99.37655	99.35985	99.99105	99.36075	97.55445	97.723	99.3682	99.3715	97.72545	97.70555	99.9903	99.9893	99.99185	99.36715	97.7335	99.3133	97.7227	99.4061	97.63035	97.72885	97.60415	97.7378	99.3896	99.36155	99.39495	99.39175	99.4104	96.38715	95.97865	95.9471	100	97.58985	99.9912	99.4262	97.64665	99.3746	99.39345	99.3829	99.4128	99.39315	99.39785	99.39405	99.3929	89.38075	89.36215	89.3532	89.3349	89.34035	89.36685	89.3685	89.3719	89.35105	89.33875	89.3643	89.3715	89.33315	89.34395	89.36325	89.3518	89.3814	89.36605	89.3493	89.3512	89.33205	89.35645	89.30515	89.2919	89.28425	89.28325	89.2581	89.2242	89.182	89.1726	89.16455	88.9899	89.1972	88.8513	89.14795	89.14725	89.2531	89.17505	89.14305	89.17005	89.19495	88.864	89.14855	89.232	89.13245	89.1744	89.1614	89.10585	89.19935	89.13465	89.19565	89.18005	81.59025	81.594	81.54825	81.55195	93.7418	93.757	93.74355	93.74	93.7384	93.75515	93.752	93.7533	93.75885	93.737	93.7585	93.75635	93.73765	93.7294	93.74345	93.6081	93.768	93.61385	93.7501	93.7338	93.74835	93.7484	93.7254	93.7514	93.7591	93.72685	93.7611	93.74025	93.7515	93.6312	90.07265	90.27375	89.0737	89.02145	90.1575	90.2925	90.0792	90.30725	90.2747	90.07695	90.08635	88.9921	90.29995	89.0308	90.3102	89.0147
Rhizobium_croatiense_QUR0183	88.94825	89.073	89.20965	89.18285	89.24795	89.2703	88.9245	88.9331	88.99165	89.00035	88.96375	88.96555	89.01085	89.27205	89.18505	89.04275	88.92095	89.22625	88.9158	88.92815	88.9235	88.9958	88.9605	89.00405	88.9877	89.18815	89.4144	89.4521	89.4273	89.7609	89.45705	89.50445	95.7888	97.69895	97.70625	97.70985	97.71295	97.6309	95.99365	98.3579	98.30515	98.28985	98.3043	97.7098	97.7122	97.7078	98.3103	97.65445	97.6067	97.70235	97.69535	97.6881	97.70715	97.6138	98.2903	98.3883	97.60825	97.6008	97.5954	97.69515	97.7049	98.30505	98.3118	99.32775	97.62985	97.5969	98.30205	98.31445	97.685	97.5981	99.98145	97.69815	97.6363	97.628	97.629	99.95755	98.29555	97.51105	97.65595	98.3245	98.34715	97.5981	97.62195	97.61865	97.6845	98.28625	97.62795	98.3186	97.598	98.2133	98.29495	99.97385	98.20405	97.69875	97.61735	97.73475	97.7045	97.6841	96.7043	95.99765	96.0177	97.58985	100	97.61805	97.58355	98.2835	97.5715	97.7012	97.7051	97.59945	97.69495	97.7023	97.70275	97.7137	88.90575	88.92275	88.938	88.94195	88.9227	88.9376	88.94965	88.94205	88.9526	88.92175	88.89865	88.9319	88.8933	88.89045	88.9455	88.91565	88.95065	88.96085	88.95595	88.9518	88.95125	88.9422	88.89615	88.9465	88.81035	88.84345	88.87375	88.8163	88.84335	88.85435	88.8165	88.90175	88.7599	89.2219	88.8428	88.8001	88.85565	88.83355	88.83995	88.82855	88.82135	88.86925	88.8307	88.76945	88.81635	88.82525	88.844	88.7419	88.8488	88.85665	88.85165	88.85805	81.703	81.70385	81.70015	81.9093	93.93515	93.94955	93.9652	93.93425	93.9271	93.93235	93.94455	93.93885	93.9426	93.92795	93.9595	93.9387	93.94705	93.91665	93.93015	94.05585	93.9393	94.0795	93.93725	93.9298	93.9215	93.9048	93.91565	93.94445	93.9397	93.92355	93.92595	93.90945	93.95745	94.08555	90.13135	90.08735	88.9264	88.9262	90.1715	90.0835	90.0822	90.1156	90.10165	90.1161	90.08025	88.92095	90.08425	88.9154	90.1096	88.9117
Rhizobium_croatiense_QUR0184	89.2908	89.3221	89.32585	89.2834	89.3412	89.2994	89.2802	89.37635	89.35415	89.29055	89.30735	89.28795	89.1241	89.2998	89.2769	89.32255	89.2909	89.2859	89.2695	89.26885	89.26375	89.36565	89.34305	89.3744	89.3484	89.2602	89.33385	89.29875	89.2939	89.19345	89.34695	89.3779	95.8262	99.4138	99.4013	99.4113	99.40135	99.3358	95.9679	97.72485	97.6379	97.7325	97.73705	99.4121	99.4043	99.39445	97.71995	99.41435	99.9915	99.4173	99.4074	99.40455	99.39975	99.3554	97.72425	97.6005	99.9941	99.9932	99.9923	99.43695	99.4138	97.7361	97.6352	97.7186	99.35095	99.9906	97.7402	97.7543	99.40595	99.40755	97.5728	99.40135	99.3533	99.99235	99.35235	97.57145	97.72985	99.35385	99.37775	97.72955	97.7309	99.9927	99.99285	99.9935	99.3948	97.7368	99.3065	97.71815	99.40465	97.61945	97.7149	97.616	97.72035	99.4033	99.35815	99.41925	99.4073	99.4103	96.42415	95.96175	95.951	99.9912	97.61805	100	99.39975	97.6395	99.3638	99.413	99.3992	99.4169	99.40205	99.4138	99.40385	99.40545	89.32845	89.3242	89.3212	89.284	89.30955	89.32465	89.30665	89.322	89.31315	89.3034	89.3186	89.34105	89.2985	89.30155	89.3146	89.29335	89.3625	89.31675	89.31425	89.3324	89.32355	89.33285	89.3133	89.30895	89.2361	89.26375	89.25165	89.23875	89.23145	89.18535	89.2101	88.9988	89.2052	88.9144	89.1586	89.19415	89.18825	89.19205	89.1363	89.16525	89.17965	88.94075	89.1596	89.2646	89.15375	89.204	89.1596	89.0719	89.19805	89.14015	89.20515	89.19625	81.5393	81.5775	81.549	81.5266	93.7571	93.75145	93.75895	93.75605	93.772	93.75805	93.7613	93.75095	93.7884	93.74675	93.7493	93.76415	93.7464	93.7318	93.76395	93.61045	93.7585	93.6279	93.7639	93.74325	93.7518	93.76265	93.73025	93.7432	93.77195	93.7363	93.7434	93.7484	93.7613	93.61305	90.0436	90.2736	89.0262	89.01495	90.1412	90.2746	90.0591	90.26555	90.27495	90.0624	90.0305	88.9839	90.26245	89.0475	90.2778	89.008
Rhizobium_croatiense_QUR0185	89.29915	89.3508	89.2935	89.28365	89.34395	89.3324	89.29195	89.36195	89.3718	89.32875	89.29665	89.29185	89.15635	89.3186	89.33635	89.39205	89.2913	89.29765	89.2487	89.2814	89.30235	89.3719	89.3612	89.34875	89.3478	89.2974	89.29095	89.27235	89.29065	89.2687	89.31245	89.4057	95.83655	99.3102	99.29665	99.3017	99.2943	99.31005	95.9748	97.75075	97.6645	97.7314	97.74355	99.29625	99.29405	99.31735	97.7676	99.4711	99.41275	99.2984	99.24385	99.2931	99.3011	99.32735	97.7423	97.6574	99.4068	99.4121	99.4254	99.98905	99.29185	97.76395	97.683	97.69	99.30075	99.4255	97.7792	97.75135	99.25205	99.9905	97.58565	99.29005	99.32565	99.38385	99.3233	97.5654	97.74555	99.31705	99.29035	97.74075	97.7623	99.4279	99.419	99.4031	99.27095	97.7614	99.21075	97.74965	99.9931	97.67105	97.7366	97.59225	97.7099	99.27815	99.3326	99.31235	99.2987	99.33415	96.45445	95.972	95.97525	99.4262	97.58355	99.39975	100	97.6655	99.3274	99.3064	99.27575	99.99325	99.3304	99.3063	99.2981	99.2927	89.3689	89.33895	89.3225	89.32765	89.36055	89.3678	89.3407	89.3089	89.3186	89.2956	89.34255	89.3461	89.3424	89.3345	89.3721	89.31825	89.31555	89.36595	89.33845	89.3327	89.3444	89.34025	89.29825	89.29865	89.33565	89.3381	89.3304	89.2716	89.2121	89.23935	89.2226	89.0022	89.2591	88.84195	89.2194	89.2257	89.20235	89.23625	89.1814	89.18905	89.20625	88.9372	89.23975	89.29715	89.2363	89.21345	89.1764	89.10005	89.2513	89.1896	89.2383	89.2241	81.57	81.5627	81.52055	81.5322	93.8013	93.8075	93.77285	93.8141	93.7729	93.81595	93.80215	93.80915	93.76925	93.78885	93.8132	93.8067	93.8058	93.80995	93.79105	93.6714	93.76545	93.6658	93.8198	93.80395	93.80325	93.77395	93.79605	93.8231	93.8344	93.78965	93.8094	93.7834	93.83945	93.6537	90.09455	90.31835	89.0392	89.0058	90.1747	90.3055	90.12685	90.33335	90.3523	90.1437	90.0917	88.9814	90.30455	89.06135	90.3359	88.99385
Rhizobium_croatiense_QUR0190	89.0262	89.103	89.05065	89.00445	89.05615	89.0621	89.00465	89.0412	89.05745	89.0484	89.031	89.02115	89.04905	89.17395	89.05925	89.0631	89.0029	89.04335	89.027	89.01765	88.98095	89.0292	89.0377	89.06935	89.05365	89.0064	89.2722	89.25135	89.2816	89.6008	89.35755	89.30785	95.9087	97.74705	97.7299	97.7449	97.7508	97.63565	96.02075	99.98685	99.95905	99.98565	99.98845	97.72635	97.7526	97.73525	99.98915	97.6756	97.67245	97.7284	97.71225	97.72515	97.73705	97.6412	99.9899	99.94965	97.6329	97.6246	97.6594	97.7513	97.72775	99.9915	99.9631	98.029	97.6285	97.6484	99.99005	99.98815	97.73065	97.64355	98.29015	97.72655	97.6705	97.63775	97.65105	98.2751	99.9894	97.58625	97.6261	99.9904	99.98895	97.65525	97.6502	97.6502	97.7234	99.9903	97.62705	99.98835	97.64725	99.9599	99.9858	98.3139	99.90525	97.72485	97.62325	97.7346	97.75355	97.715	96.52605	96.01	96.0094	97.64665	98.2835	97.6395	97.6655	100	97.6087	97.7236	97.74235	97.6684	97.75115	97.7359	97.74345	97.7256	89.00455	88.9922	88.95505	88.9899	89.0005	88.98155	88.97465	88.96735	88.9853	88.97635	88.97605	88.988	88.9776	88.9571	88.9896	88.92535	88.94895	88.9638	88.9737	88.9929	88.9795	88.9975	88.99465	89.03085	88.9016	88.9268	88.97315	88.78515	88.8885	88.8754	88.86285	88.94555	88.7836	89.20125	88.8652	88.85295	88.8314	88.8587	88.839	88.83585	88.85565	88.8967	88.8845	88.78335	88.85115	88.861	88.8304	88.80485	88.85805	88.8548	88.85695	88.83685	81.56135	81.579	81.5814	81.76215	93.74865	93.71125	93.74395	93.7555	93.73595	93.7703	93.7156	93.73095	93.72995	93.7271	93.74285	93.7321	93.68805	93.7478	93.73845	93.84075	93.74715	93.82825	93.772	93.75675	93.73945	93.74125	93.75155	93.71985	93.72495	93.73895	93.7176	93.7127	93.70805	93.8613	90.1457	90.13205	88.99045	89.02275	90.17555	90.07305	90.17485	90.12645	90.09755	90.20225	90.08055	88.99735	90.06835	89.0148	90.10835	89.0313
Rhizobium_croatiense_QUR0227	89.29275	89.33605	89.2484	89.2315	89.26935	89.35005	89.32975	89.34025	89.3635	89.3235	89.275	89.31895	89.1064	89.283	89.31015	89.4008	89.2773	89.2243	89.2918	89.237	89.27995	89.3301	89.3522	89.3631	89.3575	89.2171	89.31555	89.34285	89.32705	89.2379	89.3687	89.34255	95.7487	99.4064	99.4003	99.41615	99.4019	99.9552	95.9222	97.7279	97.64225	97.71725	97.724	99.39415	99.40535	99.4046	97.72025	99.3346	99.3567	99.40025	99.41295	99.3943	99.4009	99.9689	97.71585	97.64035	99.37335	99.35065	99.3628	99.35245	99.40025	97.7174	97.6346	97.6557	99.96045	99.36545	97.72205	97.7233	99.38285	99.3186	97.54125	99.4011	99.97325	99.34755	99.9712	97.5296	97.72775	99.9938	99.40045	97.7264	97.71725	99.37855	99.3554	99.3522	99.37055	97.72435	99.42805	97.72015	99.3085	97.66695	97.7058	97.5709	97.7158	99.39895	99.9672	99.4173	99.40985	99.5559	96.34085	95.9378	95.94195	99.3746	97.5715	99.3638	99.3274	97.6087	100	99.3998	99.4117	99.3262	99.4119	99.3984	99.4101	99.4037	89.30215	89.3073	89.2901	89.29725	89.3471	89.30935	89.29015	89.28415	89.30945	89.29065	89.30875	89.28675	89.2983	89.2923	89.3074	89.2665	89.29055	89.3086	89.3049	89.29425	89.3111	89.30455	89.2353	89.27675	89.25975	89.24115	89.24665	89.198	89.18785	89.146	89.1598	88.92585	89.16295	88.8051	89.15195	89.1647	89.14615	89.14715	89.13805	89.16265	89.18645	88.8607	89.1433	89.2118	89.12805	89.1736	89.10935	89.09475	89.17525	89.10775	89.1621	89.1577	81.5493	81.544	81.56055	81.4995	93.7232	93.70025	93.71675	93.68495	93.72655	93.7088	93.71695	93.7251	93.6964	93.69585	93.73185	93.6963	93.6976	93.69125	93.6919	93.5392	93.7032	93.53365	93.71235	93.7145	93.69895	93.7044	93.6987	93.67385	93.7039	93.68695	93.71375	93.7225	93.7111	93.56285	90.0182	90.2546	89.0018	88.94945	90.10795	90.22775	90.0379	90.27	90.2732	90.0581	90.00005	88.9391	90.2246	89.02145	90.28615	88.9839
Rhizobium_croatiense_QUR0228	89.2644	89.41515	89.24755	89.26875	89.32465	89.35265	89.33325	89.3361	89.40415	89.3447	89.32435	89.32095	89.1584	89.3457	89.2624	89.40715	89.3079	89.31655	89.3318	89.29255	89.289	89.38715	89.37995	89.3844	89.3637	89.28075	89.2853	89.31415	89.29695	89.22535	89.38855	89.38185	95.71015	99.9945	99.991	99.99025	99.98975	99.4601	96.00865	97.726	97.7303	97.7371	97.74175	99.9907	99.99495	99.98945	97.732	99.3298	99.4102	99.9923	99.98715	99.9831	99.974	99.44115	97.7388	97.7224	99.40035	99.4034	99.4088	99.3177	99.9902	97.76315	97.7666	97.72745	99.4494	99.4062	97.7318	97.72795	99.9884	99.297	97.7112	99.98915	99.44785	99.41675	99.4644	97.68815	97.73925	99.3894	99.98845	97.72545	97.73095	99.39755	99.4041	99.4116	99.9863	97.7524	99.5158	97.7304	99.29085	97.64955	97.7273	97.6966	97.7422	99.987	99.45355	99.9939	99.99285	99.5109	96.4042	95.9734	95.9652	99.39345	97.7012	99.413	99.3064	97.7236	99.3998	100	99.99125	99.3178	99.9902	99.99385	99.98985	99.987	89.3565	89.33465	89.27445	89.35045	89.3266	89.31845	89.2608	89.26985	89.31695	89.29815	89.32675	89.3002	89.29785	89.2798	89.3028	89.25655	89.2921	89.32845	89.3389	89.33065	89.3476	89.3194	89.27885	89.26175	89.28655	89.2867	89.2696	89.22335	89.2252	89.1614	89.17435	89	89.1662	88.8146	89.19835	89.18525	89.16865	89.2199	89.1705	89.1824	89.19345	88.90775	89.16255	89.18095	89.1692	89.22315	89.16325	89.1019	89.2075	89.19015	89.20295	89.21075	81.55095	81.55045	81.5078	81.507	93.6661	93.6654	93.6948	93.6932	93.67035	93.66375	93.67665	93.71565	93.6677	93.6634	93.7195	93.7089	93.6618	93.6553	93.6604	93.5651	93.66765	93.54925	93.664	93.65925	93.65935	93.65495	93.68175	93.68445	93.6888	93.6787	93.6765	93.65325	93.6923	93.53545	90.10135	90.3025	89.0322	88.9635	90.1431	90.27545	90.0754	90.3047	90.32045	90.1066	90.0884	88.966	90.2451	89.0052	90.31085	88.9817
Rhizobium_croatiense_QUR0257	89.29705	89.4443	89.28485	89.29255	89.37415	89.34725	89.2941	89.35315	89.39835	89.3542	89.32715	89.33385	89.17785	89.3518	89.2861	89.4017	89.30065	89.32705	89.3217	89.30125	89.3101	89.39395	89.37275	89.44485	89.3911	89.3025	89.2871	89.3392	89.30375	89.26885	89.32865	89.4019	95.68635	99.9873	99.98485	99.97865	99.988	99.46175	95.98895	97.7328	97.74685	97.747	97.7286	99.99065	99.9897	99.9886	97.74095	99.3394	99.39895	99.9891	99.99495	99.984	99.9769	99.4487	97.7478	97.7183	99.38685	99.3911	99.3951	99.2939	99.98255	97.74895	97.7425	97.72645	99.45045	99.3865	97.73325	97.7302	99.9795	99.2722	97.6941	99.97595	99.449	99.4023	99.4506	97.6442	97.73365	99.36185	99.9891	97.7339	97.7156	99.3857	99.3836	99.4049	99.9923	97.7406	99.5154	97.7282	99.27685	97.64925	97.73845	97.684	97.73705	99.9421	99.45045	99.9901	99.98855	99.50865	96.43485	95.99525	95.91815	99.3829	97.7051	99.3992	99.27575	97.74235	99.4117	99.99125	100	99.2902	99.9927	99.98825	99.99165	99.99245	89.36255	89.3186	89.2698	89.3065	89.3374	89.31335	89.252	89.25465	89.3083	89.28475	89.28375	89.2753	89.2842	89.27145	89.31705	89.24745	89.2592	89.3259	89.30315	89.31125	89.31965	89.3178	89.33635	89.32355	89.3228	89.28195	89.2956	89.2181	89.22005	89.18995	89.16625	88.97025	89.19445	88.84935	89.2122	89.19495	89.1648	89.18895	89.1611	89.19845	89.24765	88.95965	89.1485	89.1486	89.17745	89.1954	89.20265	89.1114	89.20745	89.17075	89.19375	89.2137	81.5449	81.5768	81.5215	81.51865	93.6471	93.6621	93.6539	93.6382	93.67845	93.6553	93.6567	93.66485	93.6589	93.6626	93.66025	93.66375	93.6459	93.6361	93.6408	93.55675	93.65865	93.59475	93.647	93.65435	93.6493	93.66035	93.64575	93.6422	93.67185	93.6373	93.6484	93.66445	93.6756	93.54725	90.08435	90.2683	89.0304	89.01085	90.1748	90.25635	90.11425	90.27505	90.2998	90.13375	90.1263	88.99525	90.2634	88.9945	90.27085	89.01965
Rhizobium_croatiense_QUR0258	89.30325	89.3821	89.2918	89.31255	89.35335	89.31265	89.2928	89.3596	89.34825	89.32825	89.30195	89.3013	89.1407	89.2879	89.2828	89.37815	89.29475	89.3143	89.2729	89.25785	89.2633	89.35975	89.35075	89.3769	89.38385	89.28495	89.3388	89.303	89.29595	89.23895	89.34575	89.3564	95.82265	99.3244	99.3085	99.3182	99.29085	99.29005	95.9732	97.72915	97.665	97.74335	97.7539	99.29585	99.32015	99.3051	97.7751	99.49475	99.41305	99.3043	99.24995	99.30305	99.30865	99.3319	97.7427	97.6595	99.3914	99.4075	99.4138	99.98945	99.3095	97.7537	97.68935	97.6793	99.2951	99.4202	97.75635	97.75675	99.23375	99.9913	97.5763	99.2912	99.328	99.3999	99.3307	97.56785	97.75925	99.32675	99.2968	97.7564	97.73375	99.4138	99.4266	99.40095	99.27685	97.74825	99.22135	97.7693	99.9929	97.6385	97.7331	97.60005	97.7026	99.2929	99.3323	99.32525	99.3181	99.32925	96.4586	95.9686	95.9389	99.4128	97.59945	99.4169	99.99325	97.6684	99.3262	99.3178	99.2902	100	99.3262	99.3215	99.3085	99.30165	89.35715	89.3269	89.34475	89.33935	89.35035	89.3482	89.34295	89.31855	89.31735	89.2861	89.35465	89.34435	89.32335	89.3133	89.35885	89.3215	89.31555	89.3496	89.33815	89.3343	89.3408	89.3393	89.34275	89.34645	89.2717	89.282	89.31805	89.26635	89.2181	89.2416	89.2391	88.99485	89.25155	88.85515	89.18785	89.2137	89.1831	89.23995	89.2318	89.20135	89.23595	88.93825	89.2136	89.28315	89.21	89.21995	89.1606	89.1382	89.23625	89.22565	89.24605	89.2322	81.4856	81.51695	81.48455	81.4841	93.771	93.77765	93.8069	93.79275	93.7634	93.8039	93.7855	93.8145	93.77855	93.7734	93.8128	93.8108	93.781	93.78105	93.7669	93.6531	93.7894	93.6572	93.8006	93.77795	93.78835	93.7681	93.78615	93.7823	93.8099	93.78625	93.78705	93.76215	93.80045	93.64785	90.08455	90.3425	89.01535	88.97185	90.192	90.32115	90.11695	90.3305	90.34715	90.1541	90.11565	88.96695	90.31105	89.0214	90.31755	88.9956
Rhizobium_croatiense_QUR0261	89.41295	89.5006	89.39945	89.39975	89.44445	89.42965	89.3587	89.46925	89.4775	89.42555	89.383	89.36985	89.2602	89.41445	89.39535	89.47165	89.37105	89.40715	89.3943	89.40595	89.3845	89.4966	89.4511	89.5076	89.4571	89.39175	89.3671	89.35345	89.3427	89.2638	89.39535	89.42895	95.79765	99.9865	99.98875	99.9836	99.9891	99.4654	96.0526	97.73965	97.7471	97.76655	97.75955	99.9886	99.9878	99.98945	97.7687	99.333	99.3852	99.989	99.99125	99.9815	99.9752	99.4505	97.7472	97.72115	99.3992	99.39355	99.40685	99.3353	99.97875	97.7518	97.78365	97.729	99.4398	99.3991	97.776	97.7621	99.9734	99.3133	97.7092	99.981	99.45755	99.4034	99.4606	97.63545	97.73645	99.3744	99.9909	97.76305	97.7305	99.3968	99.3895	99.3977	99.9898	97.75345	99.5229	97.7498	99.3173	97.69505	97.7478	97.6765	97.7474	99.93905	99.4607	99.9895	99.9864	99.50685	96.4658	96.03905	95.9851	99.39315	97.69495	99.40205	99.3304	97.75115	99.4119	99.9902	99.9927	99.3262	100	99.98555	99.9885	99.9924	89.43355	89.3994	89.3875	89.39585	89.4232	89.3866	89.3857	89.3615	89.39425	89.38255	89.4155	89.40045	89.3874	89.38415	89.40215	89.37075	89.3725	89.40245	89.39135	89.38865	89.40255	89.38735	89.42015	89.42785	89.3652	89.36205	89.36725	89.3215	89.33855	89.27475	89.25285	89.05425	89.24385	88.97885	89.28865	89.2616	89.2015	89.3273	89.2411	89.29725	89.2766	89.0735	89.30345	89.34175	89.27915	89.30495	89.254	89.2209	89.3038	89.28895	89.32685	89.3443	81.57975	81.578	81.52	81.58405	93.6902	93.67725	93.67615	93.7045	93.70655	93.70945	93.6954	93.69945	93.7134	93.70625	93.7057	93.67905	93.6604	93.6943	93.679	93.55675	93.65215	93.58735	93.70005	93.69615	93.7072	93.7063	93.7037	93.68895	93.7094	93.6821	93.67835	93.69515	93.71465	93.5693	90.14865	90.3537	89.1327	89.0735	90.1965	90.338	90.1223	90.3409	90.3956	90.1537	90.1284	89.09355	90.32405	89.13145	90.36955	89.1345
Rhizobium_croatiense_QUR0266	89.28975	89.3852	89.2471	89.2806	89.3081	89.3166	89.30625	89.32425	89.3997	89.3391	89.3031	89.3277	89.16055	89.293	89.2787	89.3802	89.2817	89.3047	89.34135	89.28355	89.31665	89.36585	89.34115	89.3908	89.3544	89.2783	89.3217	89.3122	89.2649	89.2309	89.37385	89.3766	95.76035	99.9927	99.9934	99.9881	99.98885	99.45405	95.98435	97.7243	97.7432	97.75595	97.7438	99.99035	99.9939	99.98705	97.73965	99.3291	99.414	99.9922	99.98805	99.9838	99.9779	99.447	97.7246	97.71295	99.40015	99.4056	99.4099	99.31835	99.98795	97.75715	97.7798	97.7384	99.44365	99.409	97.7335	97.7491	99.98665	99.29925	97.6888	99.9879	99.44035	99.4094	99.44615	97.6897	97.7327	99.3752	99.98535	97.747	97.72415	99.4007	99.39895	99.4223	99.9831	97.7517	99.52255	97.73055	99.2923	97.6593	97.73405	97.6941	97.7406	99.9835	99.4557	99.9918	99.9922	99.5062	96.40305	95.9755	95.9413	99.39785	97.7023	99.4138	99.3063	97.7359	99.3984	99.99385	99.98825	99.3215	99.98555	100	99.9903	99.9862	89.35585	89.31005	89.28555	89.2989	89.31315	89.2944	89.27035	89.2815	89.30515	89.28705	89.29055	89.2766	89.28775	89.2942	89.3041	89.26135	89.278	89.29935	89.293	89.28795	89.272	89.3028	89.28435	89.2585	89.2428	89.25305	89.256	89.1925	89.21895	89.13845	89.1788	88.96025	89.1782	88.8386	89.17175	89.1573	89.136	89.184	89.14855	89.17765	89.17435	88.8996	89.176	89.1965	89.1465	89.1911	89.1605	89.0714	89.19935	89.1464	89.1838	89.179	81.57125	81.592	81.517	81.53035	93.6756	93.702	93.67955	93.67385	93.6718	93.6801	93.67805	93.7081	93.69475	93.6788	93.69505	93.69495	93.679	93.6833	93.67035	93.58345	93.6848	93.5906	93.6677	93.68595	93.67535	93.6762	93.6873	93.68525	93.70535	93.68335	93.68005	93.6778	93.7077	93.5705	90.07935	90.27475	89.0074	88.94975	90.1434	90.27525	90.087	90.29745	90.28685	90.0709	90.07035	88.94795	90.265	88.98025	90.2883	89.0066
Rhizobium_croatiense_QUR0267	89.3269	89.3676	89.26475	89.2559	89.2841	89.3236	89.30245	89.33395	89.402	89.3242	89.3151	89.285	89.14555	89.32465	89.28095	89.42365	89.29715	89.2886	89.31495	89.3254	89.3206	89.3939	89.3831	89.37385	89.36055	89.27945	89.3117	89.31025	89.31125	89.1991	89.35675	89.32435	95.7592	99.9918	99.9899	99.9895	99.9934	99.4556	96.01865	97.71825	97.74475	97.74995	97.7514	99.9873	99.9919	99.99255	97.73885	99.3342	99.3933	99.98865	99.99045	99.98795	99.98005	99.445	97.7438	97.73745	99.39565	99.40415	99.4062	99.3041	99.9827	97.7338	97.7741	97.7405	99.45525	99.3988	97.73455	97.7465	99.9893	99.28775	97.71755	99.98765	99.4528	99.4118	99.4506	97.6813	97.7238	99.39065	99.98985	97.7465	97.7073	99.39735	99.39675	99.40015	99.9886	97.72935	99.5198	97.732	99.3021	97.6824	97.74455	97.68635	97.7367	99.9876	99.45495	99.9902	99.98755	99.5167	96.4182	95.9908	95.96265	99.39405	97.70275	99.40385	99.2981	97.74345	99.4101	99.98985	99.99165	99.3085	99.9885	99.9903	100	99.9879	89.3529	89.30745	89.2851	89.2885	89.29345	89.30335	89.27495	89.2489	89.29355	89.2583	89.31835	89.27265	89.2885	89.30045	89.3013	89.2715	89.2796	89.3023	89.2966	89.28155	89.2924	89.3023	89.27445	89.2926	89.2879	89.28435	89.3051	89.20475	89.238	89.17545	89.1945	88.9937	89.15115	88.8565	89.2023	89.22165	89.1427	89.21465	89.11615	89.1978	89.2227	88.90325	89.1766	89.2295	89.207	89.2207	89.1487	89.13735	89.2135	89.16665	89.20615	89.2247	81.56625	81.5582	81.47825	81.50495	93.66955	93.65845	93.666	93.66995	93.6521	93.65485	93.67875	93.67875	93.67065	93.65185	93.67655	93.66545	93.65085	93.66595	93.6647	93.544	93.657	93.5346	93.65575	93.66945	93.66185	93.6427	93.64655	93.67875	93.6793	93.65455	93.67215	93.66155	93.68175	93.5293	90.0982	90.24795	89.04345	88.99685	90.1617	90.29495	90.06115	90.29815	90.31945	90.073	90.0783	88.96835	90.29105	89.03025	90.27655	89.029
Rhizobium_croatiense_QUR0268	89.33265	89.3927	89.3073	89.2472	89.3184	89.3077	89.2818	89.3473	89.36555	89.3171	89.3202	89.2686	89.1334	89.2898	89.25315	89.3382	89.308	89.27285	89.2613	89.314	89.28995	89.38945	89.35735	89.40635	89.37225	89.2505	89.31085	89.30235	89.2821	89.20275	89.3434	89.3321	95.7206	99.98715	99.9872	99.9824	99.9875	99.4505	95.99315	97.7061	97.73095	97.71845	97.68855	99.98575	99.9891	99.98615	97.733	99.3236	99.38725	99.9879	99.99135	99.9822	99.97355	99.44585	97.728	97.6923	99.39615	99.39205	99.40555	99.30615	99.98375	97.70665	97.7431	97.72905	99.45955	99.4031	97.7191	97.69035	99.97435	99.28365	97.69455	99.98095	99.44405	99.4066	99.45055	97.67285	97.71395	99.3726	99.98725	97.7	97.70335	99.396	99.39935	99.39245	99.99095	97.69995	99.50715	97.688	99.29395	97.6791	97.7234	97.68045	97.72195	99.93545	99.4534	99.98615	99.9843	99.50955	96.40405	95.9564	95.93835	99.3929	97.7137	99.40545	99.2927	97.7256	99.4037	99.987	99.99245	99.30165	99.9924	99.9862	99.9879	100	89.363	89.3161	89.3105	89.2917	89.31105	89.2963	89.30005	89.2989	89.3037	89.26975	89.29925	89.2904	89.2842	89.2739	89.316	89.29155	89.31535	89.2947	89.30085	89.29645	89.3173	89.2992	89.3095	89.31105	89.26325	89.2678	89.30455	89.20135	89.2182	89.147	89.1479	88.9595	89.1485	88.85225	89.1695	89.19265	89.1297	89.2019	89.12755	89.15995	89.1876	88.90315	89.2146	89.2391	89.18855	89.1649	89.1565	89.1026	89.21765	89.166	89.1981	89.2235	81.5446	81.5627	81.49295	81.5205	93.66055	93.64815	93.65675	93.70595	93.6435	93.677	93.666	93.68045	93.6856	93.6617	93.67205	93.66895	93.6449	93.6761	93.6562	93.54515	93.64475	93.55445	93.6797	93.66495	93.6795	93.6561	93.6815	93.68055	93.6994	93.6675	93.66885	93.6625	93.68905	93.5257	90.10905	90.316	88.98335	89.0041	90.1641	90.30405	90.0831	90.30245	90.33875	90.1141	90.0864	88.9972	90.29635	89.0132	90.2962	88.9691
Rhizobium_hidalgonense_QUR0172	89.9978	90.12095	89.9919	89.9702	90.0339	90.07755	89.96735	90.0396	90.06665	90.03785	89.9892	89.96275	89.8408	90.0335	89.96535	90.06955	90.0076	89.96625	89.9562	90.00345	89.98045	90.0802	90.0455	90.0713	90.078	89.95875	90.7448	90.7254	90.68075	90.68975	90.7608	90.81445	89.1985	89.3926	89.39445	89.39305	89.3856	89.3354	89.2598	88.97465	88.98085	88.9943	88.98235	89.39295	89.34995	89.3553	88.9911	89.36025	89.356	89.3431	89.3564	89.3579	89.3463	89.31125	89.0079	89.01415	89.3276	89.3579	89.38495	89.3935	89.3601	88.99625	89.00565	89.04245	89.3021	89.3607	89.009	88.9319	89.33185	89.3491	88.9267	89.35745	89.36585	89.34175	89.30405	88.9765	88.9875	89.3886	89.3544	89.037	88.9821	89.35595	89.351	89.3651	89.35155	88.9762	89.35755	89.00745	89.3436	88.97275	89.0438	88.97155	89.0347	89.391	89.40365	89.3533	89.35795	89.3228	89.0273	89.25425	89.2521	89.38075	88.90575	89.32845	89.3689	89.00455	89.30215	89.3565	89.36255	89.35715	89.43355	89.35585	89.3529	89.363	100	89.81355	89.7977	89.82665	89.76835	89.81765	89.84305	89.80265	89.80585	89.79715	89.82695	89.83015	89.7906	89.83105	89.80295	89.8358	89.80765	89.80005	89.81005	89.807	89.7841	89.80815	89.8317	89.8481	89.5813	89.60095	89.64675	89.79685	89.8142	89.82765	89.78715	89.62335	89.7339	89.5214	89.79695	89.7916	89.7769	89.79075	89.7783	89.79895	89.79815	89.5609	89.8326	89.8115	89.7645	89.815	89.82885	89.71505	89.7819	89.77945	89.80005	89.7914	81.4438	81.4445	81.46495	81.4656	88.8299	88.77145	88.7883	88.8168	88.80605	88.8097	88.7606	88.80665	88.77575	88.80575	88.80925	88.7965	88.78575	88.788	88.79095	88.6745	88.73805	88.63785	88.8224	88.80485	88.80625	88.7994	88.79725	88.7483	88.7812	88.794	88.7622	88.7878	88.8147	88.6836	91.2551	91.42905	89.44375	89.44225	91.27745	91.40005	91.23825	91.4385	91.47235	91.27975	91.2742	89.4232	91.3872	89.4442	91.4675	89.38205
Rhizobium_johnstonii_QUR0049	91.8473	91.9156	91.82475	91.87285	91.9003	91.8559	91.8335	91.8515	91.88795	91.8426	91.82995	91.7999	91.72885	91.86195	91.80975	91.89	91.8188	91.8824	91.81675	91.8234	91.8652	91.8937	91.8553	91.9004	91.92385	91.87315	90.8961	90.8778	90.8833	90.8253	90.9393	90.86795	89.088	89.30515	89.311	89.31465	89.31755	89.2777	89.10915	89.01835	89.0183	89.04155	88.98385	89.29455	89.3252	89.28785	89.01815	89.29855	89.2976	89.3301	89.31625	89.32785	89.3446	89.261	89.02355	89.02155	89.3477	89.3515	89.33515	89.3135	89.30715	88.979	89.01855	89.0195	89.29155	89.3136	89.0254	88.98565	89.2882	89.36365	88.9175	89.26495	89.2619	89.32765	89.2853	88.9315	89.0185	89.33295	89.2794	89.0269	89.00405	89.32505	89.2916	89.3064	89.237	89.0172	89.3649	88.9722	89.30135	89.00775	89.0568	88.90005	89.03105	89.2991	89.258	89.3176	89.34565	89.2882	88.9979	89.0856	89.109	89.36215	88.92275	89.3242	89.33895	88.9922	89.3073	89.33465	89.3186	89.3269	89.3994	89.31005	89.30745	89.3161	89.81355	100	99.9914	99.98715	99.9925	99.9928	99.99095	99.99185	99.9935	99.99025	99.9919	99.9909	99.9922	99.9916	99.99	99.9908	99.9923	99.99205	99.99175	99.99175	99.99205	99.9917	99.01195	99.02035	94.9451	94.95515	94.94855	93.44825	93.4356	93.48515	93.43225	93.3048	93.43715	93.24385	93.41355	93.4305	93.4514	93.433	93.37485	93.4459	93.4268	93.30265	93.44625	93.45575	93.4473	93.4353	93.4799	93.4094	93.42825	93.4018	93.4407	93.43665	81.7889	81.7986	81.75685	81.7541	88.6889	88.6626	88.70065	88.66665	88.713	88.6846	88.7238	88.65135	88.66935	88.6694	88.6489	88.64405	88.6772	88.69135	88.6937	88.6112	88.6161	88.5588	88.6907	88.6812	88.66315	88.66875	88.68725	88.683	88.6923	88.67865	88.72615	88.6511	88.70135	88.56835	89.94205	90.08365	93.8632	93.8441	89.9605	90.0905	89.9182	90.09385	90.06795	89.90545	89.89355	93.82785	90.1013	93.86245	90.06535	93.80155
Rhizobium_johnstonii_QUR0061	91.85485	91.88505	91.88025	91.8821	91.8975	91.87475	91.8174	91.8904	91.8956	91.87455	91.8129	91.84555	91.7577	91.8616	91.84665	91.85555	91.83875	91.88685	91.81955	91.8581	91.8627	91.9068	91.8671	91.8923	91.88655	91.8785	90.85665	90.85595	90.87305	90.831	90.88035	90.8895	89.08685	89.28475	89.2908	89.29205	89.29955	89.29035	89.14655	89.00675	88.9604	88.9804	88.9731	89.27505	89.29795	89.2906	88.99825	89.3006	89.304	89.2803	89.2931	89.2968	89.32245	89.27265	89.00565	88.9884	89.35805	89.3738	89.3781	89.29865	89.2668	88.98195	88.9674	89.0274	89.2868	89.30435	88.9656	88.98785	89.26685	89.32405	88.8944	89.25415	89.24395	89.2723	89.2659	88.91425	88.9576	89.29455	89.273	88.9899	88.97915	89.3668	89.26865	89.2903	89.24745	88.99535	89.35955	88.96745	89.29045	88.97375	89.0031	88.91985	89.00625	89.26745	89.29485	89.25595	89.2916	89.3212	89.0645	89.1139	89.0799	89.3532	88.938	89.3212	89.3225	88.95505	89.2901	89.27445	89.2698	89.34475	89.3875	89.28555	89.2851	89.3105	89.7977	99.9914	100	99.9891	99.99225	99.99365	99.99075	99.9941	99.9941	99.99275	99.9936	99.99085	99.99475	99.99495	99.9899	99.99245	99.99285	99.9927	99.9933	99.9931	99.9924	99.9943	98.98935	99.00015	94.929	94.9106	94.90995	93.4563	93.43045	93.4412	93.43615	93.31855	93.40805	93.2227	93.4134	93.3895	93.4383	93.3946	93.33735	93.4794	93.45615	93.26205	93.43875	93.44395	93.42575	93.43475	93.4601	93.3979	93.39215	93.3965	93.3929	93.38705	81.7594	81.78075	81.74685	81.72055	88.6841	88.6233	88.65215	88.6444	88.69445	88.65935	88.71325	88.5972	88.66315	88.6687	88.5968	88.60695	88.64515	88.6997	88.6994	88.57165	88.6079	88.5103	88.6665	88.6811	88.68795	88.6905	88.6627	88.6528	88.6703	88.6732	88.7029	88.62355	88.6594	88.57245	89.91895	90.03225	93.88265	93.8502	89.91145	90.08205	89.88895	90.08175	90.06805	89.8838	89.9228	93.84435	90.08125	93.8711	90.0702	93.81225
Rhizobium_johnstonii_QUR0064	91.8392	91.90835	91.82665	91.86455	91.9089	91.859	91.82165	91.84355	91.8804	91.8427	91.83705	91.78675	91.72525	91.8677	91.81585	91.8875	91.80905	91.87285	91.80185	91.8146	91.86055	91.9028	91.8489	91.8974	91.91305	91.8758	90.91	90.8757	90.9115	90.82545	90.93495	90.86255	89.06495	89.3043	89.309	89.2962	89.3217	89.265	89.13675	89.0076	88.99125	89.03835	88.9998	89.2957	89.31835	89.29925	89.01045	89.3053	89.29	89.31195	89.2998	89.3005	89.33095	89.2608	89.00645	89.01105	89.2971	89.3514	89.3346	89.3492	89.29555	88.99705	89.01325	89.03895	89.3158	89.31385	89.0336	88.98025	89.2844	89.34455	88.92085	89.2812	89.25315	89.313	89.28	88.9359	89.02075	89.34835	89.25835	89.0293	89.01865	89.299	89.2739	89.30115	89.2447	89.00025	89.3604	88.9718	89.31385	89.00405	89.06485	88.9212	89.05965	89.28365	89.2752	89.28685	89.31655	89.294	89.0141	89.1123	89.11875	89.3349	88.94195	89.284	89.32765	88.9899	89.29725	89.35045	89.3065	89.33935	89.39585	89.2989	89.2885	89.2917	89.82665	99.98715	99.9891	100	99.98815	99.98905	99.9875	99.9892	99.9898	99.9858	99.9885	99.98895	99.9896	99.98945	99.987	99.9873	99.9876	99.98705	99.9882	99.9884	99.9868	99.9898	99.01095	99.02335	94.92535	94.9379	94.9351	93.4376	93.4196	93.4693	93.4239	93.30745	93.4363	93.2195	93.4198	93.4314	93.44375	93.426	93.36045	93.43995	93.42615	93.27415	93.45405	93.45015	93.44275	93.42615	93.47425	93.40245	93.41245	93.40125	93.43495	93.4311	81.79615	81.78975	81.7822	81.7852	88.7165	88.67095	88.69075	88.64855	88.71485	88.68575	88.73755	88.6517	88.6546	88.70675	88.645	88.6419	88.691	88.71745	88.72615	88.62525	88.6099	88.5584	88.70165	88.71515	88.68745	88.6694	88.7014	88.70505	88.7167	88.7051	88.7557	88.643	88.7077	88.5921	89.9826	90.1119	93.862	93.84155	89.9988	90.08325	89.9376	90.1324	90.0924	89.93865	89.93645	93.82255	90.1025	93.8567	90.0709	93.8028
Rhizobium_johnstonii_QUR0065	91.83285	91.89355	91.82985	91.859	91.8978	91.8771	91.828	91.8692	91.90035	91.8453	91.81295	91.82085	91.7166	91.87355	91.8289	91.88175	91.8216	91.8644	91.81425	91.8244	91.87895	91.9079	91.86265	91.89715	91.89485	91.8582	90.8407	90.8209	90.8524	90.81195	90.90985	90.82355	89.07295	89.30985	89.30045	89.29105	89.29635	89.31055	89.13375	89.00275	88.9848	89.03025	88.98605	89.29565	89.2971	89.29495	89.00645	89.31375	89.3142	89.297	89.329	89.3196	89.37565	89.29825	89.0406	88.99565	89.3394	89.35735	89.3506	89.3524	89.286	89.00885	89.04075	88.9905	89.30645	89.3128	89.0218	88.99565	89.272	89.3605	88.9191	89.2723	89.28905	89.2875	89.3042	88.91055	89.00495	89.34845	89.2776	89.0096	88.9713	89.3427	89.2841	89.31645	89.27035	89.0235	89.35035	89.00945	89.31975	88.99195	89.05505	88.8969	89.00995	89.28695	89.28455	89.3313	89.3371	89.28065	89.0193	89.1077	89.1387	89.34035	88.9227	89.30955	89.36055	89.0005	89.3471	89.3266	89.3374	89.35035	89.4232	89.31315	89.29345	89.31105	89.76835	99.9925	99.99225	99.98815	100	99.99305	99.99295	99.98975	99.9945	99.99175	99.99255	99.9938	99.99385	99.99285	99.99205	99.9927	99.99315	99.99175	99.99315	99.9924	99.99365	99.9936	98.99925	98.99675	94.90055	94.9393	94.91905	93.4521	93.4178	93.47785	93.41445	93.27955	93.435	93.2242	93.42825	93.4421	93.46565	93.42895	93.3695	93.4529	93.43295	93.2864	93.4319	93.44085	93.45735	93.42225	93.4495	93.44385	93.41845	93.4049	93.4374	93.43535	81.8106	81.8049	81.776	81.7442	88.72195	88.70195	88.713	88.6533	88.72605	88.6665	88.744	88.6755	88.69265	88.7195	88.6852	88.6786	88.6793	88.6746	88.7204	88.5869	88.6146	88.57765	88.66805	88.6564	88.67015	88.67565	88.66405	88.69875	88.7174	88.6711	88.71885	88.64165	88.7071	88.57895	89.9323	90.07885	93.8706	93.8322	89.98645	90.10865	89.8743	90.0889	90.04545	89.9045	89.9007	93.8466	90.0776	93.88745	90.0402	93.8082
Rhizobium_johnstonii_QUR0098	91.8119	91.89525	91.8109	91.8726	91.8833	91.85655	91.81475	91.8144	91.8584	91.83135	91.8275	91.80375	91.6973	91.86035	91.82135	91.8718	91.8224	91.87115	91.805	91.8074	91.83705	91.88445	91.8541	91.9051	91.9027	91.86325	90.90045	90.8506	90.86775	90.8481	90.91365	90.84815	89.10595	89.31345	89.29335	89.303	89.3091	89.32545	89.15725	88.98935	88.9699	89.01375	88.97445	89.2869	89.3254	89.3108	88.9842	89.301	89.34255	89.30565	89.3253	89.2977	89.35045	89.3249	88.9897	88.98815	89.3325	89.38395	89.36615	89.3456	89.3106	89.012	88.98725	89.04405	89.33525	89.3473	89.01	88.97415	89.31715	89.37225	88.9253	89.2887	89.28475	89.3566	89.2849	88.9742	88.9938	89.33555	89.2939	89.0005	88.98955	89.3517	89.3086	89.3363	89.27475	88.9932	89.38595	88.96675	89.32725	88.9828	89.0169	88.92545	89.01025	89.2964	89.28565	89.2946	89.31985	89.321	89.00725	89.1336	89.1588	89.36685	88.9376	89.32465	89.3678	88.98155	89.30935	89.31845	89.31335	89.3482	89.3866	89.2944	89.30335	89.2963	89.81765	99.9928	99.99365	99.98905	99.99305	100	99.9942	99.99215	99.99305	99.99425	99.99365	99.9926	99.9958	99.996	99.99285	99.99445	99.995	99.9941	99.9934	99.99415	99.99405	99.9946	99.0061	99.01655	94.9426	94.96565	94.9224	93.45075	93.43295	93.4778	93.45005	93.3252	93.4566	93.24125	93.39285	93.44875	93.47275	93.40505	93.37415	93.4372	93.42375	93.2896	93.4454	93.4307	93.46115	93.42855	93.46665	93.4167	93.42235	93.4088	93.39415	93.40545	81.79025	81.77695	81.79175	81.76115	88.6828	88.6699	88.6708	88.67575	88.68395	88.66055	88.70925	88.64915	88.65005	88.6553	88.6466	88.66005	88.66095	88.69635	88.7045	88.61785	88.63665	88.5782	88.66935	88.68835	88.6727	88.6613	88.65335	88.6712	88.70095	88.68295	88.69015	88.6471	88.6688	88.57915	89.95045	90.09865	93.8664	93.8464	89.98305	90.101	89.9228	90.1446	90.0706	89.9227	89.94385	93.87825	90.11615	93.887	90.1127	93.83365
Rhizobium_johnstonii_QUR0099	91.8538	91.8652	91.86405	91.86205	91.89235	91.87085	91.8285	91.9011	91.876	91.8494	91.8231	91.8249	91.74405	91.89115	91.8407	91.859	91.8319	91.8759	91.84525	91.8662	91.8494	91.897	91.8749	91.9086	91.87745	91.8727	90.88155	90.88795	90.90095	90.8571	90.9321	90.8652	89.0969	89.29685	89.2684	89.2714	89.30375	89.28755	89.1681	89.017	89.005	88.96655	88.96725	89.2786	89.295	89.30845	88.98945	89.2841	89.3274	89.26475	89.26055	89.2698	89.30265	89.2886	89.01935	88.9723	89.3694	89.37735	89.3756	89.3441	89.25665	88.9972	88.9819	89.02535	89.3023	89.3358	88.9886	88.96065	89.2923	89.34255	88.9009	89.2603	89.2667	89.32455	89.2747	88.9137	89.01435	89.2731	89.2957	88.97515	89.0103	89.37205	89.24495	89.3458	89.25155	89.03885	89.35175	88.9853	89.30005	88.9808	89.00965	88.9316	88.9784	89.26445	89.2423	89.2517	89.2879	89.31925	89.06335	89.11775	89.11105	89.3685	88.94965	89.30665	89.3407	88.97465	89.29015	89.2608	89.252	89.34295	89.3857	89.27035	89.27495	89.30005	89.84305	99.99095	99.99075	99.9875	99.99295	99.9942	100	99.9932	99.99335	99.9916	99.99225	99.99365	99.9935	99.99305	99.993	99.9961	99.9939	99.99375	99.9906	99.9926	99.9922	99.993	98.9839	98.9911	94.9112	94.92685	94.91705	93.47175	93.45895	93.4713	93.4383	93.31675	93.4168	93.22065	93.42015	93.41915	93.4484	93.4532	93.35165	93.4818	93.4665	93.26395	93.44865	93.4632	93.45385	93.42735	93.4767	93.4274	93.4269	93.3963	93.4346	93.44855	81.76645	81.76885	81.74775	81.7406	88.6844	88.6631	88.63445	88.64785	88.65575	88.63155	88.68095	88.6239	88.6647	88.63825	88.63685	88.64905	88.68415	88.64075	88.7062	88.5951	88.62145	88.5531	88.63335	88.65035	88.63065	88.6418	88.63395	88.66715	88.66885	88.67015	88.67175	88.65	88.6828	88.5599	89.8878	90.0503	93.88015	93.83675	89.91635	90.09635	89.8844	90.0727	90.0767	89.8821	89.9271	93.8577	90.0757	93.8928	90.10395	93.82915
Rhizobium_johnstonii_QUR0100	91.85855	91.91635	91.87525	91.88605	91.9067	91.8904	91.8346	91.90325	91.89825	91.86965	91.83505	91.838	91.76405	91.86735	91.85705	91.86075	91.83425	91.8838	91.8378	91.8771	91.8792	91.91575	91.8734	91.9103	91.9028	91.87505	90.87605	90.8561	90.89355	90.83395	90.88225	90.88025	89.09285	89.27865	89.2714	89.27225	89.29055	89.3002	89.1492	88.98925	88.97375	88.9706	88.9512	89.2596	89.29405	89.2789	89.0046	89.28345	89.30985	89.2657	89.2985	89.2892	89.31955	89.2719	89.008	88.9821	89.35195	89.35955	89.37195	89.32365	89.25895	88.9952	88.98005	89.00855	89.2859	89.30205	88.99535	88.95995	89.2749	89.3221	88.87105	89.23965	89.2323	89.3023	89.26945	88.9093	88.97645	89.3035	89.2708	88.9786	88.9953	89.35815	89.2755	89.3077	89.23905	89.0156	89.34885	88.9654	89.29075	88.9717	89.01295	88.9223	88.98155	89.26605	89.27145	89.2533	89.2812	89.321	89.0524	89.1284	89.11125	89.3719	88.94205	89.322	89.3089	88.96735	89.28415	89.26985	89.25465	89.31855	89.3615	89.2815	89.2489	89.2989	89.80265	99.99185	99.9941	99.9892	99.98975	99.99215	99.9932	100	99.99435	99.99295	99.9935	99.99395	99.9959	99.99565	99.993	99.9935	99.99115	99.9914	99.99285	99.9926	99.99095	99.99515	98.99015	99.0057	94.90075	94.9071	94.91415	93.44665	93.41165	93.44745	93.42095	93.3297	93.4384	93.21215	93.4079	93.4115	93.43365	93.40405	93.35505	93.48125	93.45765	93.26405	93.41545	93.4507	93.4272	93.43475	93.4331	93.42555	93.38805	93.38275	93.4064	93.4095	81.7805	81.7809	81.7555	81.7422	88.6881	88.6286	88.66775	88.6466	88.69405	88.6835	88.7178	88.6289	88.6612	88.67655	88.6306	88.6295	88.63515	88.7041	88.70575	88.5625	88.6148	88.5184	88.67955	88.7019	88.6991	88.70775	88.68	88.66675	88.66425	88.69255	88.7151	88.6339	88.6601	88.56775	89.91465	90.02905	93.88855	93.8573	89.94345	90.08905	89.8802	90.0934	90.0756	89.8964	89.93225	93.8661	90.0902	93.8692	90.07235	93.8122
Rhizobium_johnstonii_QUR0101	91.81555	91.9032	91.81765	91.86205	91.884	91.8634	91.82475	91.84205	91.88925	91.8486	91.833	91.80275	91.7092	91.85995	91.79385	91.88295	91.82945	91.86725	91.8137	91.81375	91.85185	91.90125	91.8404	91.9012	91.90395	91.8606	90.9028	90.88715	90.9103	90.83095	90.9622	90.844	89.0751	89.2869	89.28685	89.2915	89.29905	89.25985	89.11395	88.97835	88.97275	88.9887	88.9683	89.2965	89.3166	89.2957	88.9515	89.2867	89.28285	89.3142	89.30145	89.31085	89.33575	89.2568	89.01315	88.98045	89.35935	89.35375	89.33955	89.3163	89.3076	88.9713	88.97305	89.0188	89.29335	89.31535	88.9969	88.96715	89.26405	89.35545	88.92565	89.2562	89.2371	89.3195	89.2762	88.90645	88.9987	89.321	89.2694	88.99595	88.99625	89.3356	89.2656	89.2933	89.2369	88.9977	89.3401	88.9913	89.29275	88.98065	89.02375	88.91285	89.0113	89.2771	89.2582	89.2947	89.3142	89.2774	89.00285	89.09915	89.13775	89.35105	88.9526	89.31315	89.3186	88.9853	89.30945	89.31695	89.3083	89.31735	89.39425	89.30515	89.29355	89.3037	89.80585	99.9935	99.9941	99.9898	99.9945	99.99305	99.99335	99.99435	100	99.99435	99.9934	99.9945	99.99525	99.99495	99.9928	99.99405	99.99415	99.9941	99.994	99.9949	99.99375	99.9957	99.0111	99.0215	94.95275	94.94935	94.9377	93.44615	93.4484	93.48245	93.4433	93.30335	93.4302	93.23095	93.4323	93.4173	93.46485	93.44005	93.3951	93.4377	93.4324	93.2785	93.4789	93.4558	93.46185	93.4442	93.48885	93.4118	93.4258	93.4279	93.4552	93.4418	81.77795	81.7846	81.7309	81.73545	88.6791	88.66515	88.6732	88.63965	88.69195	88.662	88.71575	88.64385	88.6362	88.667	88.6515	88.6469	88.6863	88.66885	88.682	88.58025	88.5954	88.56445	88.66525	88.67585	88.6624	88.6602	88.6825	88.6742	88.7021	88.68655	88.7154	88.64905	88.6935	88.55635	89.96545	90.07835	93.8653	93.8356	89.96005	90.09395	89.92825	90.11175	90.0558	89.9038	89.91725	93.8383	90.0997	93.868	90.05285	93.79405
Rhizobium_johnstonii_QUR0102	91.7987	91.87185	91.80645	91.8406	91.87415	91.8405	91.78865	91.80795	91.8639	91.8311	91.8148	91.8065	91.68815	91.8324	91.7808	91.84685	91.79805	91.8418	91.8022	91.79635	91.81905	91.85755	91.8147	91.8794	91.87205	91.84205	90.8771	90.86375	90.88405	90.8227	90.9224	90.8446	89.0715	89.28275	89.26435	89.2464	89.27505	89.27305	89.08755	88.98495	88.97605	89.00385	88.9508	89.255	89.2862	89.2608	88.96515	89.2892	89.28445	89.28225	89.26685	89.29135	89.31015	89.2601	89.0258	89.0086	89.34585	89.3389	89.34385	89.32825	89.25205	88.963	88.97875	88.97245	89.25075	89.2919	89.00415	88.97205	89.24225	89.3405	88.9204	89.23425	89.25305	89.26355	89.2383	88.9331	88.9864	89.28165	89.2434	88.99935	88.9916	89.34345	89.26675	89.30165	89.2141	88.9941	89.323	88.96735	89.2532	88.9786	89.0124	88.89335	89.0015	89.25635	89.2486	89.2812	89.2985	89.26495	88.99445	89.081	89.106	89.33875	88.92175	89.3034	89.2956	88.97635	89.29065	89.29815	89.28475	89.2861	89.38255	89.28705	89.2583	89.26975	89.79715	99.99025	99.99275	99.9858	99.99175	99.99425	99.9916	99.99295	99.99435	100	99.99305	99.993	99.9919	99.993	99.99085	99.9927	99.99415	99.9938	99.99295	99.99415	99.9941	99.99235	99.00315	99.0164	94.9168	94.9183	94.94135	93.4468	93.41415	93.45085	93.4277	93.28175	93.40995	93.2448	93.42095	93.42805	93.4385	93.4192	93.3816	93.4388	93.44295	93.269	93.44235	93.448	93.45505	93.43815	93.46215	93.4273	93.40645	93.40665	93.4098	93.4248	81.79345	81.7791	81.74915	81.72765	88.6816	88.67505	88.68995	88.6301	88.6897	88.6184	88.70845	88.6613	88.67925	88.67095	88.6729	88.67785	88.6794	88.65455	88.68945	88.57625	88.6092	88.57135	88.6293	88.6538	88.6407	88.6452	88.64765	88.66735	88.69125	88.6526	88.71125	88.6508	88.67905	88.5616	89.9423	90.07815	93.8533	93.82365	89.9588	90.09835	89.88805	90.09265	90.0526	89.9109	89.9151	93.83115	90.0766	93.85705	90.0523	93.80335
Rhizobium_johnstonii_QUR0128	91.8126	91.9011	91.8338	91.87095	91.89235	91.8757	91.8106	91.8344	91.8577	91.8393	91.8406	91.7938	91.7188	91.85415	91.78305	91.8731	91.8435	91.86655	91.80575	91.80055	91.86665	91.89385	91.8378	91.8898	91.8929	91.8592	90.8992	90.857	90.89355	90.8402	90.9176	90.87175	89.10595	89.3157	89.31035	89.29875	89.313	89.30355	89.10985	88.99655	88.99605	89.0299	88.9904	89.3111	89.31165	89.3085	89.00265	89.3133	89.302	89.3148	89.3136	89.3126	89.32335	89.2675	89.0066	89.00395	89.3633	89.367	89.36255	89.34115	89.29205	88.99355	88.97595	89.0608	89.3058	89.3423	89.0208	88.959	89.28205	89.3614	88.9285	89.27885	89.25365	89.33095	89.3327	88.9263	88.98955	89.3522	89.2859	89.03045	89.01545	89.3589	89.2791	89.30515	89.2576	89.0141	89.3345	88.9809	89.3092	88.99395	89.036	88.9131	89.00455	89.28815	89.30795	89.31185	89.31465	89.3122	89.0023	89.0966	89.1307	89.3643	88.89865	89.3186	89.34255	88.97605	89.30875	89.32675	89.28375	89.35465	89.4155	89.29055	89.31835	89.29925	89.82695	99.9919	99.9936	99.9885	99.99255	99.99365	99.99225	99.9935	99.9934	99.99305	100	99.9954	99.995	99.9948	99.9916	99.9924	99.9941	99.993	99.99135	99.9942	99.99435	99.99385	99.00095	99.00625	94.92715	94.912	94.9315	93.44635	93.41995	93.47145	93.4361	93.32375	93.42955	93.2247	93.4194	93.42185	93.45065	93.4321	93.37835	93.4555	93.43375	93.29035	93.4407	93.47055	93.44905	93.4202	93.45995	93.42175	93.413	93.40265	93.434	93.42365	81.7886	81.7853	81.7317	81.7434	88.6824	88.6805	88.69625	88.64685	88.692	88.66605	88.72085	88.69735	88.674	88.6758	88.6852	88.68275	88.6902	88.6742	88.6909	88.5856	88.6362	88.5581	88.66665	88.66795	88.64795	88.6539	88.65615	88.6863	88.721	88.6753	88.7068	88.6456	88.7035	88.5593	89.9525	90.09475	93.89035	93.84255	89.95555	90.05945	89.9177	90.09775	90.0544	89.92915	89.91945	93.82555	90.0806	93.8602	90.0686	93.79245
Rhizobium_johnstonii_QUR0140	91.8287	91.9121	91.8235	91.8556	91.88085	91.86595	91.81125	91.84515	91.86745	91.8206	91.8156	91.7819	91.7289	91.8681	91.79005	91.87855	91.8104	91.8603	91.8087	91.8094	91.8534	91.87825	91.84905	91.8835	91.88825	91.8492	90.9028	90.8619	90.89565	90.847	90.95685	90.87325	89.11265	89.305	89.27395	89.28725	89.3003	89.3092	89.12235	89.00985	88.98135	89.01485	88.99955	89.27655	89.30315	89.27905	89.00815	89.32265	89.3083	89.28355	89.28465	89.3117	89.30005	89.2626	89.0217	89.0106	89.3887	89.3813	89.36135	89.351	89.2858	89.0029	89.00635	89.0554	89.2895	89.3527	89.04345	88.98265	89.2573	89.35495	88.9123	89.24145	89.26035	89.3465	89.2796	88.9436	89.00615	89.32335	89.26395	89.03195	89.01975	89.3608	89.2911	89.32355	89.23145	89.0097	89.337	89.0017	89.3005	88.9797	89.036	88.9411	89.024	89.2761	89.30615	89.2819	89.2835	89.3068	88.99015	89.09225	89.13265	89.3715	88.9319	89.34105	89.3461	88.988	89.28675	89.3002	89.2753	89.34435	89.40045	89.2766	89.27265	89.2904	89.83015	99.9909	99.99085	99.98895	99.9938	99.9926	99.99365	99.99395	99.9945	99.993	99.9954	100	99.995	99.99435	99.9923	99.99265	99.99245	99.99275	99.9924	99.99335	99.9934	99.99315	99.0033	99.0071	94.92525	94.9355	94.9427	93.4397	93.4244	93.4585	93.45375	93.3278	93.4492	93.2201	93.42585	93.41665	93.4445	93.41945	93.3921	93.45435	93.43265	93.2943	93.43765	93.46645	93.46715	93.43895	93.4661	93.43295	93.41045	93.4178	93.4294	93.4234	81.80405	81.7844	81.7373	81.7545	88.71135	88.67175	88.68755	88.67865	88.6952	88.68085	88.71905	88.68245	88.69765	88.6843	88.68445	88.68185	88.6904	88.70555	88.71865	88.5878	88.63195	88.5337	88.6999	88.71545	88.6953	88.66975	88.69305	88.693	88.7188	88.7121	88.71525	88.63905	88.7065	88.55175	89.94775	90.0798	93.8805	93.8473	89.92915	90.08675	89.9147	90.07645	90.04735	89.913	89.9198	93.8364	90.06725	93.85775	90.06245	93.7926
Rhizobium_johnstonii_QUR0141	91.8085	91.8786	91.84095	91.86495	91.8916	91.869	91.8064	91.8457	91.8677	91.82975	91.8139	91.78505	91.7227	91.844	91.8056	91.87155	91.84085	91.8583	91.78055	91.8155	91.8761	91.88825	91.854	91.88475	91.87345	91.8429	90.9132	90.8693	90.90445	90.8404	90.92915	90.8705	89.0597	89.31615	89.26725	89.2921	89.31695	89.28155	89.09505	88.97135	88.96555	88.99405	88.98965	89.28345	89.29255	89.29825	88.97195	89.32645	89.30575	89.2729	89.2899	89.29905	89.32255	89.2416	88.9889	88.97685	89.32455	89.32255	89.3353	89.3436	89.27765	88.98145	88.98965	89.0272	89.25025	89.31145	89.00825	88.9853	89.26505	89.32375	88.8902	89.261	89.2489	89.32125	89.2608	88.9197	88.9702	89.2921	89.27415	89.0167	88.9739	89.3285	89.27245	89.31375	89.2691	89.0015	89.3148	88.9755	89.3209	88.97275	89.00945	88.92775	88.9964	89.28545	89.2783	89.28375	89.2664	89.2884	89.0239	89.0897	89.1049	89.33315	88.8933	89.2985	89.3424	88.9776	89.2983	89.29785	89.2842	89.32335	89.3874	89.28775	89.2885	89.2842	89.7906	99.9922	99.99475	99.9896	99.99385	99.9958	99.9935	99.9959	99.99525	99.9919	99.995	99.995	100	99.995	99.993	99.99435	99.99305	99.9938	99.9937	99.9944	99.9945	99.9952	98.99305	99.0035	94.93035	94.93495	94.9555	93.42975	93.4094	93.4468	93.4509	93.33805	93.4495	93.22135	93.4197	93.4027	93.4473	93.4151	93.38565	93.4552	93.4275	93.29785	93.43045	93.44285	93.44095	93.4373	93.4712	93.4282	93.41045	93.4171	93.3971	93.4089	81.8082	81.80225	81.7628	81.75235	88.6863	88.65985	88.69545	88.6495	88.68145	88.6599	88.7227	88.6492	88.69785	88.6951	88.6569	88.68215	88.65205	88.69645	88.7383	88.59355	88.6083	88.5361	88.67535	88.69175	88.687	88.6781	88.67405	88.6801	88.7105	88.6912	88.6877	88.63185	88.6773	88.57595	89.9567	90.09065	93.87625	93.8395	89.9167	90.10415	89.9213	90.09385	90.0617	89.95565	89.95745	93.8268	90.0939	93.85865	90.08195	93.7999
Rhizobium_johnstonii_QUR0142	91.8112	91.9008	91.82675	91.8467	91.872	91.86445	91.81695	91.83255	91.8714	91.8129	91.8359	91.7841	91.72985	91.8303	91.8	91.8636	91.81995	91.8679	91.81355	91.8035	91.86455	91.86035	91.84705	91.88085	91.8881	91.84	90.8909	90.8293	90.8662	90.81605	90.89955	90.8691	89.0973	89.3089	89.2886	89.27555	89.29625	89.2766	89.09745	88.9492	88.97315	88.9852	88.97275	89.26155	89.31385	89.2843	88.9594	89.30515	89.2955	89.3112	89.29425	89.2988	89.31825	89.2523	88.96915	88.9691	89.34145	89.3155	89.35335	89.33395	89.26665	88.9801	88.9674	89.04485	89.2737	89.32935	89.0022	88.97105	89.2835	89.3418	88.901	89.2536	89.23155	89.3409	89.28235	88.92025	88.9663	89.30755	89.272	89.0165	88.96455	89.3535	89.2975	89.2977	89.25425	88.9825	89.3267	88.9535	89.30605	88.97535	88.97345	88.90985	88.9865	89.2969	89.27205	89.29285	89.26985	89.30195	88.99205	89.07425	89.131	89.34395	88.89045	89.30155	89.3345	88.9571	89.2923	89.2798	89.27145	89.3133	89.38415	89.2942	89.30045	89.2739	89.83105	99.9916	99.99495	99.98945	99.99285	99.996	99.99305	99.99565	99.99495	99.993	99.9948	99.99435	99.995	100	99.99295	99.9946	99.9946	99.99515	99.9934	99.9936	99.99375	99.9951	98.9949	98.996	94.93745	94.9326	94.95515	93.4573	93.4166	93.46515	93.45885	93.32735	93.4183	93.24965	93.4129	93.3905	93.4536	93.40415	93.40775	93.45005	93.4504	93.29625	93.4373	93.43225	93.45575	93.4395	93.4727	93.41625	93.3946	93.43255	93.4074	93.41125	81.82165	81.8091	81.7579	81.746	88.6968	88.6611	88.66235	88.6632	88.68055	88.69475	88.72265	88.6646	88.69555	88.68005	88.6567	88.6536	88.6611	88.71025	88.68855	88.5923	88.6322	88.5318	88.7073	88.6996	88.6952	88.6919	88.68385	88.65055	88.6844	88.70185	88.69235	88.63605	88.6671	88.5571	89.9667	90.10375	93.87015	93.85155	89.92965	90.09375	89.93265	90.12225	90.07545	89.95055	89.94425	93.8384	90.10415	93.84545	90.0902	93.7905
Rhizobium_johnstonii_QUR0143	91.82805	91.89065	91.8287	91.87615	91.89315	91.86685	91.82405	91.84825	91.8766	91.84105	91.835	91.8146	91.7213	91.8812	91.83045	91.8691	91.83675	91.88325	91.80975	91.80555	91.8504	91.8972	91.8719	91.90755	91.91195	91.8638	90.88995	90.86165	90.87195	90.83325	90.8966	90.8425	89.08475	89.3154	89.3009	89.30335	89.28985	89.3174	89.1216	89.00475	89.00185	88.99205	88.95525	89.2853	89.3246	89.3152	88.99435	89.31355	89.3321	89.29725	89.32195	89.31715	89.3629	89.30005	88.99185	88.99825	89.3535	89.37625	89.34045	89.378	89.31755	89.0144	89.01305	89.03835	89.32925	89.34785	89.01155	88.9483	89.29255	89.37145	88.92595	89.28225	89.28435	89.3379	89.3169	88.95435	88.9989	89.3289	89.27735	88.9981	88.999	89.35955	89.2893	89.3417	89.28585	89.03455	89.3627	88.96145	89.32175	88.9766	89.0364	88.93435	89.0157	89.3069	89.2823	89.29685	89.3307	89.3132	89.01665	89.11715	89.1357	89.36325	88.9455	89.3146	89.3721	88.9896	89.3074	89.3028	89.31705	89.35885	89.40215	89.3041	89.3013	89.316	89.80295	99.99	99.9899	99.987	99.99205	99.99285	99.993	99.993	99.9928	99.99085	99.9916	99.9923	99.993	99.99295	100	99.99345	99.992	99.9924	99.9902	99.9908	99.99165	99.9916	98.99895	99.0054	94.94575	94.96325	94.93615	93.4766	93.44985	93.4857	93.46265	93.33265	93.45225	93.26715	93.42555	93.44165	93.4821	93.4368	93.3723	93.45185	93.437	93.30285	93.4702	93.44485	93.4854	93.4432	93.4745	93.4209	93.4269	93.4219	93.4147	93.41065	81.78345	81.7818	81.7984	81.7865	88.69865	88.68105	88.67635	88.67135	88.67685	88.67205	88.70385	88.67035	88.656	88.659	88.66875	88.67865	88.69365	88.6864	88.7187	88.6326	88.6412	88.58025	88.6797	88.68925	88.67305	88.67195	88.67665	88.66385	88.69525	88.70465	88.6872	88.64615	88.68965	88.60505	89.93775	90.0862	93.8529	93.8503	89.9739	90.10185	89.91885	90.1032	90.06945	89.9102	89.9275	93.87125	90.08575	93.8782	90.0932	93.83275
Rhizobium_johnstonii_QUR0144	91.8605	91.88385	91.8597	91.8728	91.90415	91.8667	91.83915	91.91105	91.8996	91.8658	91.8328	91.82675	91.7535	91.8896	91.843	91.8821	91.8553	91.8885	91.85165	91.87305	91.8655	91.91515	91.8867	91.9134	91.88275	91.8743	90.8805	90.87435	90.89985	90.8274	90.92945	90.8611	89.0873	89.28825	89.2688	89.2523	89.28345	89.25135	89.15535	88.98295	88.96975	88.94555	88.93585	89.27375	89.2879	89.29595	88.9652	89.26815	89.30135	89.26645	89.2418	89.2564	89.30235	89.28515	88.9848	88.9365	89.34855	89.3554	89.34135	89.32635	89.25205	88.9565	88.93615	89.02685	89.29725	89.3214	88.9843	88.93375	89.28265	89.32095	88.9083	89.24645	89.24025	89.3146	89.26295	88.9129	88.991	89.2618	89.294	88.9566	88.9736	89.334	89.24945	89.3228	89.23345	89.0049	89.34135	88.9426	89.27825	88.93515	88.979	88.94615	88.97345	89.2633	89.2391	89.2617	89.27325	89.30145	89.0293	89.12805	89.12285	89.3518	88.91565	89.29335	89.31825	88.92535	89.2665	89.25655	89.24745	89.3215	89.37075	89.26135	89.2715	89.29155	89.8358	99.9908	99.99245	99.9873	99.9927	99.99445	99.9961	99.9935	99.99405	99.9927	99.9924	99.99265	99.99435	99.9946	99.99345	100	99.99365	99.99275	99.9918	99.9915	99.99125	99.99295	98.98955	98.997	94.9083	94.9207	94.9279	93.4802	93.44575	93.47375	93.43085	93.32495	93.44705	93.23035	93.4094	93.416	93.4446	93.43685	93.3498	93.47435	93.4679	93.2595	93.45125	93.46205	93.4386	93.41725	93.47615	93.41735	93.4316	93.376	93.43145	93.43565	81.77525	81.77035	81.7683	81.74215	88.70635	88.63685	88.6626	88.64285	88.6719	88.66755	88.69325	88.62125	88.67555	88.6617	88.6306	88.6402	88.659	88.67425	88.72725	88.5742	88.62425	88.54405	88.6711	88.67995	88.6627	88.6641	88.652	88.65095	88.64645	88.69365	88.69865	88.6359	88.6623	88.56295	89.91055	90.0793	93.8644	93.83755	89.9459	90.11565	89.9127	90.10515	90.09625	89.91135	89.9438	93.86605	90.11085	93.88515	90.12345	93.83945
Rhizobium_johnstonii_QUR0145	91.88025	91.92195	91.8526	91.8927	91.90945	91.8724	91.8362	91.9163	91.91415	91.90055	91.838	91.8503	91.7758	91.87065	91.8527	91.8814	91.86245	91.90715	91.85685	91.89345	91.88025	91.9065	91.9035	91.92815	91.91515	91.8859	90.87615	90.8734	90.9041	90.84365	90.9291	90.8816	89.06935	89.2911	89.29555	89.28405	89.2954	89.29235	89.14535	89.0107	88.97935	88.9762	88.9537	89.2696	89.31265	89.2848	88.99525	89.3222	89.34155	89.31075	89.3226	89.3096	89.3278	89.2506	89.00955	88.9781	89.3853	89.39835	89.39165	89.3332	89.27815	88.97275	88.96955	89.01575	89.2799	89.3432	89.00335	88.969	89.28745	89.33125	88.8958	89.27945	89.24585	89.34495	89.2348	88.9489	88.97895	89.30125	89.30405	89.00495	89.0024	89.3815	89.34215	89.33275	89.24725	88.98925	89.37465	88.951	89.29055	88.9904	89.00915	88.9373	88.997	89.2922	89.27155	89.2803	89.3086	89.33725	88.9926	89.1081	89.08545	89.3814	88.95065	89.3625	89.31555	88.94895	89.29055	89.2921	89.2592	89.31555	89.3725	89.278	89.2796	89.31535	89.80765	99.9923	99.99285	99.9876	99.99315	99.995	99.9939	99.99115	99.99415	99.99415	99.9941	99.99245	99.99305	99.9946	99.992	99.99365	100	99.9942	99.9928	99.9944	99.99435	99.99275	98.97305	98.9767	94.9	94.88695	94.9306	93.4218	93.4185	93.4345	93.4434	93.29925	93.4362	93.1938	93.42795	93.4153	93.4211	93.40665	93.35745	93.43285	93.45725	93.258	93.4574	93.4601	93.4374	93.4324	93.46815	93.39765	93.38865	93.39695	93.40115	93.41295	81.74485	81.75005	81.7218	81.69815	88.7138	88.66705	88.66495	88.6768	88.6822	88.6673	88.69125	88.66155	88.68015	88.68145	88.65705	88.6608	88.6817	88.6815	88.7167	88.58595	88.6497	88.49865	88.67565	88.70065	88.6737	88.69145	88.6731	88.6821	88.7107	88.68575	88.7015	88.67095	88.7008	88.5549	89.9531	90.03785	93.86985	93.83455	89.95175	90.0733	89.8862	90.1083	90.10595	89.913	89.94425	93.8173	90.089	93.8557	90.1037	93.7931
Rhizobium_johnstonii_QUR0175	91.80885	91.88505	91.79005	91.8506	91.86595	91.82485	91.7854	91.82085	91.85545	91.8222	91.8085	91.8012	91.6813	91.8497	91.7936	91.8737	91.8016	91.84575	91.78675	91.78485	91.8187	91.863	91.83145	91.88415	91.8967	91.84	90.8982	90.8446	90.8827	90.8335	90.9183	90.82245	89.10515	89.3239	89.3138	89.30165	89.31305	89.3303	89.16005	88.99815	88.9866	89.00305	88.97025	89.29065	89.3347	89.3186	89.0025	89.2981	89.32945	89.3296	89.3267	89.3141	89.34925	89.30675	88.99335	88.99515	89.3317	89.3863	89.3644	89.35845	89.32395	89.01865	88.9784	89.0638	89.3404	89.3514	89.0317	88.9526	89.3072	89.3491	88.9208	89.3015	89.28885	89.35855	89.2633	88.9827	89.0117	89.32675	89.29485	88.9953	89.0023	89.3474	89.30695	89.33585	89.27265	89.01025	89.38075	88.9728	89.3169	88.97115	89.023	88.949	89.00245	89.30475	89.29155	89.30165	89.3417	89.3377	89.019	89.1275	89.1408	89.36605	88.96085	89.31675	89.36595	88.9638	89.3086	89.32845	89.3259	89.3496	89.40245	89.29935	89.3023	89.2947	89.80005	99.99205	99.9927	99.98705	99.99175	99.9941	99.99375	99.9914	99.9941	99.9938	99.993	99.99275	99.9938	99.99515	99.9924	99.99275	99.9942	100	99.9913	99.9936	99.99345	99.992	99.0035	99.01675	94.95025	94.947	94.92625	93.4608	93.44745	93.4948	93.46115	93.3138	93.44725	93.23945	93.41225	93.45185	93.47515	93.431	93.3786	93.4442	93.451	93.2757	93.48155	93.4411	93.48105	93.4431	93.47775	93.413	93.4257	93.42545	93.41555	93.4335	81.7797	81.78695	81.7969	81.7787	88.6869	88.67205	88.65625	88.6603	88.6511	88.65645	88.6875	88.65255	88.64285	88.65005	88.64295	88.6573	88.6567	88.6797	88.69745	88.6128	88.6307	88.57305	88.66175	88.68	88.65875	88.65575	88.65245	88.66915	88.68875	88.6838	88.70195	88.6233	88.6628	88.5911	89.9533	90.10275	93.8504	93.84305	89.9854	90.09945	89.92235	90.11595	90.0764	89.934	89.95545	93.8593	90.0992	93.8765	90.1145	93.8254
Rhizobium_johnstonii_QUR0176	91.83555	91.8839	91.82525	91.86965	91.89325	91.8623	91.8238	91.8335	91.8862	91.8487	91.81795	91.8105	91.71055	91.86495	91.81035	91.88335	91.82025	91.87435	91.8082	91.81	91.8631	91.897	91.83315	91.90325	91.9239	91.8766	90.9033	90.88815	90.89875	90.82435	90.9478	90.84745	89.0926	89.29825	89.2874	89.2922	89.3117	89.26745	89.12285	89.00825	88.97575	89.01795	88.9776	89.2907	89.31505	89.2907	89.0029	89.27475	89.27075	89.3026	89.295	89.3064	89.34185	89.2598	89.00295	89.0081	89.3285	89.33795	89.3443	89.3135	89.31045	88.96465	88.98445	89.03235	89.30175	89.30105	89.0046	88.9789	89.2758	89.36295	88.9141	89.2567	89.26235	89.307	89.26495	88.93365	88.99745	89.3321	89.2825	89.02985	88.98915	89.3135	89.2703	89.2925	89.21925	88.97735	89.3707	88.9621	89.3032	88.9839	89.0183	88.9029	89.021	89.27115	89.26805	89.31595	89.31925	89.29545	89.00465	89.1022	89.11595	89.3493	88.95595	89.31425	89.33845	88.9737	89.3049	89.3389	89.30315	89.33815	89.39135	89.293	89.2966	89.30085	89.81005	99.99175	99.9933	99.9882	99.99315	99.9934	99.9906	99.99285	99.994	99.99295	99.99135	99.9924	99.9937	99.9934	99.9902	99.9918	99.9928	99.9913	100	99.9929	99.99135	99.9931	99.0159	99.03065	94.93955	94.95615	94.9333	93.44225	93.42925	93.45375	93.43235	93.2937	93.43635	93.2339	93.4228	93.42415	93.46215	93.41775	93.36265	93.4403	93.4158	93.27025	93.44905	93.44885	93.44055	93.42895	93.48665	93.40335	93.4019	93.40655	93.42385	93.4192	81.7903	81.78465	81.7424	81.7261	88.69615	88.6634	88.6923	88.64725	88.698	88.66935	88.7205	88.64265	88.6504	88.68145	88.64	88.6348	88.68055	88.67965	88.70395	88.592	88.612	88.55115	88.6798	88.6761	88.662	88.66595	88.68185	88.68655	88.7022	88.6819	88.7147	88.6595	88.70445	88.57125	89.9711	90.07215	93.864	93.8309	89.95845	90.0845	89.93575	90.11605	90.0533	89.9113	89.9257	93.8418	90.0964	93.8731	90.05755	93.8051
Rhizobium_johnstonii_QUR0178	91.8313	91.9011	91.79845	91.85235	91.89305	91.8438	91.814	91.83845	91.8686	91.83785	91.8148	91.78415	91.70755	91.85265	91.7874	91.8766	91.80595	91.85605	91.7965	91.7989	91.8387	91.8819	91.84905	91.88715	91.89735	91.8576	90.9062	90.8824	90.9201	90.8459	90.96715	90.83665	89.0866	89.2835	89.29665	89.29125	89.3052	89.27345	89.14455	89.01235	89.00905	89.0261	88.9848	89.2867	89.31675	89.2774	89.0007	89.28965	89.2919	89.32295	89.29465	89.3183	89.3319	89.2463	89.0378	88.99385	89.35615	89.3665	89.34705	89.33065	89.3051	88.99535	89.01215	89.02505	89.29335	89.32815	89.0288	88.99075	89.2644	89.3426	88.91895	89.26185	89.2615	89.32995	89.25055	88.955	89.01675	89.31405	89.28285	89.0104	89.02335	89.33775	89.28715	89.30015	89.2243	89.01735	89.35595	88.97615	89.30225	88.9954	89.04405	88.9318	89.0223	89.28505	89.2608	89.30155	89.33285	89.2987	88.98745	89.11025	89.1358	89.3512	88.9518	89.3324	89.3327	88.9929	89.29425	89.33065	89.31125	89.3343	89.38865	89.28795	89.28155	89.29645	89.807	99.99175	99.9931	99.9884	99.9924	99.99415	99.9926	99.9926	99.9949	99.99415	99.9942	99.99335	99.9944	99.9936	99.9908	99.9915	99.9944	99.9936	99.9929	100	99.99375	99.99295	99.01115	99.0145	94.9459	94.9464	94.945	93.442	93.43335	93.47315	93.44	93.28005	93.44575	93.21855	93.4142	93.43475	93.46255	93.4438	93.36875	93.43535	93.43435	93.28205	93.4643	93.4652	93.4532	93.43225	93.4802	93.4042	93.42195	93.4018	93.44805	93.4482	81.79625	81.8061	81.74235	81.7396	88.7084	88.69115	88.702	88.6753	88.69575	88.68015	88.7181	88.6671	88.6764	88.67975	88.67165	88.66205	88.6962	88.69285	88.7035	88.60015	88.6348	88.5664	88.6794	88.7003	88.67135	88.6647	88.6822	88.7221	88.725	88.69695	88.7531	88.65635	88.71865	88.55835	89.9503	90.0971	93.84705	93.8219	89.97505	90.1047	89.9129	90.11345	90.05335	89.92605	89.91975	93.81725	90.1024	93.8603	90.0669	93.79805
Rhizobium_johnstonii_QUR0179	91.8446	91.90645	91.83805	91.872	91.89455	91.86095	91.83105	91.8778	91.87245	91.84905	91.82335	91.78985	91.72665	91.84695	91.8033	91.88255	91.84265	91.87655	91.8081	91.82705	91.8792	91.8874	91.8686	91.92855	91.9044	91.8701	90.90585	90.8537	90.9091	90.83215	90.937	90.8304	89.09805	89.2963	89.28765	89.30135	89.3033	89.29755	89.15275	89.00435	88.9889	89.006	88.97395	89.30515	89.3257	89.2967	89.00305	89.3026	89.3067	89.31265	89.3154	89.31905	89.32285	89.2331	88.99675	88.9808	89.32895	89.38015	89.34585	89.34875	89.3099	88.9972	88.9896	89.01585	89.2821	89.32825	89.04345	88.95405	89.2709	89.3159	88.8829	89.2859	89.2595	89.33665	89.25095	88.91685	89.00635	89.3012	89.2842	89.00925	89.02055	89.31925	89.2925	89.3072	89.25825	89.01625	89.3459	88.9848	89.2971	88.97705	89.01575	88.9624	88.9927	89.2976	89.27925	89.3194	89.32095	89.3207	89.02255	89.10815	89.15685	89.33205	88.95125	89.32355	89.3444	88.9795	89.3111	89.3476	89.31965	89.3408	89.40255	89.272	89.2924	89.3173	89.7841	99.99205	99.9924	99.9868	99.99365	99.99405	99.9922	99.99095	99.99375	99.9941	99.99435	99.9934	99.9945	99.99375	99.99165	99.99125	99.99435	99.99345	99.99135	99.99375	100	99.993	98.99275	99.0018	94.92125	94.92085	94.91775	93.4216	93.4132	93.46385	93.44645	93.28855	93.4314	93.22445	93.4211	93.4171	93.43775	93.43255	93.37885	93.42515	93.453	93.26915	93.4523	93.45135	93.44495	93.4184	93.4765	93.4179	93.406	93.4316	93.41185	93.44725	81.8179	81.79585	81.76535	81.75815	88.6767	88.67655	88.69465	88.6439	88.6834	88.6225	88.7075	88.6889	88.6889	88.69355	88.67925	88.71325	88.68525	88.64515	88.71055	88.59255	88.60905	88.54875	88.63185	88.6573	88.64275	88.6471	88.64365	88.70295	88.73185	88.65405	88.70625	88.6461	88.70375	88.59015	89.9549	90.12675	93.8871	93.84105	89.95905	90.0895	89.90035	90.1263	90.06505	89.95735	89.94615	93.8086	90.09655	93.8588	90.1065	93.7947
Rhizobium_johnstonii_QUR0180	91.8166	91.9006	91.8137	91.8698	91.8988	91.8717	91.8204	91.82115	91.88325	91.8283	91.8282	91.79935	91.71945	91.8746	91.79585	91.8856	91.8352	91.87135	91.80605	91.8123	91.85735	91.88325	91.8333	91.8891	91.9003	91.86665	90.8965	90.87135	90.8982	90.8369	90.93975	90.87845	89.07015	89.283	89.28265	89.2941	89.3265	89.2683	89.10515	88.9947	88.9877	89.0421	88.99385	89.298	89.30425	89.29055	88.99985	89.31055	89.28405	89.2983	89.30385	89.3156	89.34675	89.2802	89.0361	89.0187	89.35515	89.356	89.3372	89.3466	89.30425	88.97	89.0074	89.04485	89.30725	89.3208	89.0108	88.98215	89.2985	89.383	88.92555	89.24615	89.26925	89.30665	89.2913	88.948	89.0106	89.35335	89.27955	89.0334	89.0211	89.336	89.2696	89.30815	89.23885	89.02395	89.35305	88.9853	89.3001	89.00345	89.05755	88.9115	89.05145	89.26725	89.26345	89.2897	89.3287	89.2854	89.00385	89.12085	89.11895	89.35645	88.9422	89.33285	89.34025	88.9975	89.30455	89.3194	89.3178	89.3393	89.38735	89.3028	89.3023	89.2992	89.80815	99.9917	99.9943	99.9898	99.9936	99.9946	99.993	99.99515	99.9957	99.99235	99.99385	99.99315	99.9952	99.9951	99.9916	99.99295	99.99275	99.992	99.9931	99.99295	99.993	100	99.01455	99.0221	94.92865	94.93905	94.93025	93.4328	93.4294	93.47215	93.43775	93.31205	93.4264	93.2186	93.39965	93.41765	93.4535	93.41845	93.3541	93.43945	93.4218	93.2849	93.4181	93.44295	93.44235	93.42905	93.46925	93.41945	93.41655	93.39035	93.4247	93.42235	81.79615	81.79235	81.75825	81.734	88.69495	88.6722	88.69865	88.66055	88.71805	88.6875	88.73025	88.6581	88.66325	88.6867	88.6596	88.6504	88.6937	88.7051	88.70155	88.59225	88.62865	88.58145	88.7007	88.69895	88.6844	88.68335	88.69205	88.6999	88.7067	88.70295	88.74875	88.662	88.71365	88.56475	89.9504	90.0662	93.8787	93.84165	89.9551	90.1021	89.914	90.1011	90.05395	89.902	89.9291	93.8484	90.10195	93.8816	90.0346	93.81695
Rhizobium_johnstonii_QUR0263	91.8398	91.905	91.8241	91.8316	91.87025	91.85995	91.83535	91.84625	91.8846	91.88615	91.86935	91.8614	91.6909	91.87995	91.7953	91.8779	91.8718	91.8509	91.84285	91.83485	91.83085	91.89145	91.8751	91.88445	91.88205	91.81735	90.8524	90.83085	90.8481	90.77395	90.8777	90.8814	89.07055	89.25975	89.34085	89.3049	89.3233	89.2653	89.1335	89.00265	89.0248	88.98635	88.9695	89.2786	89.29935	89.3028	88.9926	89.36365	89.30405	89.309	89.3125	89.29665	89.3265	89.2733	89.00135	88.98645	89.31065	89.30785	89.3141	89.34905	89.30195	88.97775	88.99735	88.99875	89.30405	89.32345	88.97635	88.9657	89.31025	89.30305	88.93865	89.30015	89.2715	89.32945	89.24705	88.88645	88.9953	89.2852	89.26935	88.989	89.01725	89.30125	89.25835	89.309	89.29045	88.9901	89.31565	88.93325	89.3052	88.9853	89.06075	88.93195	88.99445	89.3081	89.29535	89.27915	89.29535	89.3179	89.03815	89.1089	89.09425	89.30515	88.89615	89.3133	89.29825	88.99465	89.2353	89.27885	89.33635	89.34275	89.42015	89.28435	89.27445	89.3095	89.8317	99.01195	98.98935	99.01095	98.99925	99.0061	98.9839	98.99015	99.0111	99.00315	99.00095	99.0033	98.99305	98.9949	98.99895	98.98955	98.97305	99.0035	99.0159	99.01115	98.99275	99.01455	100	99.9936	94.944	94.93265	94.9592	93.4288	93.4179	93.41795	93.41335	93.2837	93.4107	93.21075	93.4057	93.39365	93.3822	93.3872	93.348	93.41555	93.3921	93.3008	93.43415	93.43665	93.39845	93.41025	93.5036	93.3838	93.3761	93.38805	93.4001	93.3934	81.6871	81.66415	81.683	81.6795	88.70715	88.65445	88.64805	88.66715	88.693	88.6669	88.6772	88.6613	88.63825	88.68445	88.6617	88.6564	88.66985	88.7036	88.69095	88.57135	88.63225	88.56245	88.6707	88.71545	88.6865	88.67235	88.67095	88.67335	88.67545	88.68465	88.66345	88.6405	88.6739	88.5758	89.8936	90.11915	93.8515	93.8593	89.9549	90.08025	89.8611	90.1049	90.1127	89.86895	89.91585	93.83475	90.10645	93.8458	90.1328	93.7917
Rhizobium_johnstonii_QUR0264	91.8449	91.92835	91.81675	91.8267	91.8512	91.86345	91.85185	91.8611	91.87545	91.87445	91.88675	91.84745	91.70295	91.86195	91.8126	91.86695	91.8586	91.82725	91.8374	91.8248	91.84755	91.8825	91.8741	91.89305	91.88695	91.82995	90.8842	90.844	90.90355	90.7865	90.88625	90.8699	89.0683	89.27695	89.31085	89.3135	89.30425	89.28395	89.1369	89.01635	89.05185	88.9884	88.98685	89.3	89.3027	89.3107	89.02685	89.3718	89.287	89.2954	89.31625	89.275	89.31845	89.2987	89.0562	89.00125	89.2898	89.2983	89.3062	89.34795	89.3039	89.0046	89.024	89.04	89.3209	89.3305	89.01585	88.97245	89.29565	89.3109	88.94465	89.3073	89.28845	89.3069	89.27805	88.8944	89.03685	89.333	89.27665	89.00645	89.0318	89.2851	89.24805	89.28875	89.3058	89.03915	89.30485	88.9691	89.2975	88.9973	89.0805	88.93005	89.03285	89.28755	89.3238	89.26885	89.2773	89.3352	89.05715	89.10115	89.09135	89.2919	88.9465	89.30895	89.29865	89.03085	89.27675	89.26175	89.32355	89.34645	89.42785	89.2585	89.2926	89.31105	89.8481	99.02035	99.00015	99.02335	98.99675	99.01655	98.9911	99.0057	99.0215	99.0164	99.00625	99.0071	99.0035	98.996	99.0054	98.997	98.9767	99.01675	99.03065	99.0145	99.0018	99.0221	99.9936	100	94.9229	94.9291	94.9353	93.45075	93.42475	93.44705	93.41205	93.3024	93.4345	93.2244	93.38815	93.3917	93.40165	93.3801	93.36825	93.4281	93.4149	93.2739	93.43785	93.4257	93.3939	93.42245	93.52805	93.4054	93.3802	93.3712	93.39275	93.38115	81.70075	81.6821	81.67735	81.6754	88.72335	88.6684	88.6485	88.67305	88.71295	88.70465	88.71445	88.66405	88.67255	88.69005	88.6532	88.65235	88.70595	88.72105	88.7141	88.582	88.64715	88.5758	88.7175	88.73105	88.70425	88.7077	88.713	88.68105	88.6905	88.7254	88.70495	88.6514	88.69925	88.5877	89.90505	90.12875	93.84805	93.8478	89.9647	90.12145	89.8845	90.1333	90.1498	89.90195	89.9478	93.81245	90.1293	93.8456	90.1321	93.81865
Rhizobium_laguerreae_QUR0112	91.51345	91.62085	91.5135	91.51735	91.5762	91.5407	91.4995	91.56155	91.5859	91.54085	91.50905	91.49585	91.34485	91.56555	91.5268	91.5742	91.54025	91.54705	91.52455	91.51805	91.51085	91.59705	91.5545	91.57585	91.59155	91.5273	90.76795	90.72605	90.73525	90.68545	90.78325	90.6806	88.9873	89.2543	89.2522	89.2523	89.29185	89.29675	89.0532	88.88495	88.8892	88.8827	88.8222	89.26005	89.2618	89.28105	88.89515	89.2302	89.2762	89.2717	89.26565	89.26545	89.26945	89.2997	88.89125	88.88455	89.2682	89.277	89.2871	89.32195	89.2138	88.9154	88.92375	88.90735	89.2679	89.25295	88.85065	88.8421	89.26745	89.27025	88.8512	89.25385	89.2659	89.26605	89.27815	88.87755	88.90405	89.24685	89.2719	88.84595	88.8666	89.2746	89.2087	89.28295	89.25555	88.9157	89.23135	88.8771	89.2854	88.8503	88.9156	88.87525	88.88665	89.3038	89.3051	89.2812	89.25645	89.2377	88.94325	89.0402	89.08905	89.28425	88.81035	89.2361	89.33565	88.9016	89.25975	89.28655	89.3228	89.2717	89.3652	89.2428	89.2879	89.26325	89.5813	94.9451	94.929	94.92535	94.90055	94.9426	94.9112	94.90075	94.95275	94.9168	94.92715	94.92525	94.93035	94.93745	94.94575	94.9083	94.9	94.95025	94.93955	94.9459	94.92125	94.92865	94.944	94.9229	100	99.993	99.9915	93.06935	93.01645	93.0123	93.0186	92.9021	92.9954	92.83355	93.0123	93.02015	92.99735	92.99015	92.96105	93.04295	93.0245	92.8773	93.01545	93.0221	93.00985	93.03205	93.15585	92.98525	92.99545	92.98495	93.02035	93.0169	81.81655	81.82655	81.8673	81.8036	88.62815	88.598	88.58835	88.59095	88.61735	88.61345	88.6078	88.5572	88.56015	88.5982	88.5659	88.5604	88.5943	88.59235	88.61785	88.4791	88.5437	88.4308	88.6109	88.61185	88.5906	88.60415	88.5852	88.61875	88.6167	88.60685	88.60245	88.5547	88.629	88.49685	89.83075	90.0011	93.60625	93.666	89.8803	90.03515	89.8523	90.03165	90.004	89.8517	89.8536	93.62315	90.0295	93.626	89.97695	93.57295
Rhizobium_laguerreae_QUR0159	91.51355	91.62875	91.5197	91.54045	91.56545	91.5288	91.52075	91.5019	91.59995	91.54665	91.5136	91.4892	91.3872	91.55775	91.51735	91.5657	91.5276	91.5634	91.51125	91.50945	91.49755	91.61205	91.57525	91.56435	91.55815	91.52445	90.76325	90.74035	90.76195	90.67935	90.80975	90.6907	88.99055	89.2688	89.2749	89.2451	89.28865	89.268	89.08845	88.83635	88.91435	88.89245	88.898	89.27585	89.24965	89.2842	88.87535	89.2516	89.30945	89.26005	89.2802	89.27795	89.24145	89.2753	88.91125	88.87795	89.3104	89.3113	89.2902	89.3243	89.24365	88.87385	88.92	88.9164	89.28205	89.2884	88.893	88.90205	89.25715	89.2874	88.81575	89.2493	89.2805	89.29385	89.23575	88.81585	88.90685	89.2494	89.2632	88.85655	88.88875	89.30955	89.2177	89.3055	89.29445	88.8794	89.24135	88.866	89.27385	88.87965	88.93305	88.86945	88.89145	89.3144	89.28505	89.25915	89.25585	89.2779	88.9594	89.06845	89.08625	89.28325	88.84345	89.26375	89.3381	88.9268	89.24115	89.2867	89.28195	89.282	89.36205	89.25305	89.28435	89.2678	89.60095	94.95515	94.9106	94.9379	94.9393	94.96565	94.92685	94.9071	94.94935	94.9183	94.912	94.9355	94.93495	94.9326	94.96325	94.9207	94.88695	94.947	94.95615	94.9464	94.92085	94.93905	94.93265	94.9291	99.993	100	99.99035	93.0608	93.00305	93.01615	93.01025	92.87975	92.9868	92.85525	93.0311	93.03085	93.0111	93.0162	93.01785	93.0256	93.00645	92.8857	93.0463	93.01905	93.0145	93.0281	93.1597	93.00105	93.03205	92.9968	93.0389	93.03675	81.83715	81.8658	81.8556	81.8637	88.6094	88.58215	88.5513	88.58695	88.6061	88.582	88.5864	88.5383	88.5685	88.58825	88.55165	88.5388	88.5746	88.5218	88.59435	88.47115	88.5471	88.44555	88.5844	88.5753	88.578	88.5677	88.56415	88.58655	88.57875	88.57645	88.55825	88.519	88.5962	88.49365	89.8598	90.00985	93.62795	93.67875	89.89675	90.0496	89.84645	90.0168	90.00975	89.8684	89.8382	93.6147	90.03455	93.60955	89.99825	93.5918
Rhizobium_laguerreae_QUR0226	91.5134	91.64655	91.5212	91.49235	91.5492	91.5566	91.531	91.55725	91.5735	91.53345	91.50795	91.51195	91.4061	91.5795	91.5498	91.61105	91.52325	91.50525	91.5293	91.5255	91.5101	91.58955	91.5414	91.5686	91.54425	91.496	90.717	90.67385	90.7348	90.5976	90.72655	90.65505	89.01605	89.27	89.2865	89.2923	89.29405	89.31025	89.08315	88.9158	88.9241	88.89865	88.8702	89.31565	89.2355	89.28725	88.9246	89.2626	89.3277	89.2612	89.33095	89.27065	89.2858	89.2984	88.9558	88.8979	89.287	89.27325	89.29995	89.30765	89.2568	88.92795	88.93045	88.8808	89.3293	89.29125	88.92035	88.87935	89.24445	89.3198	88.8658	89.26995	89.26395	89.2446	89.2814	88.85465	88.92965	89.24405	89.274	88.93155	88.94235	89.2963	89.2271	89.309	89.2673	88.9318	89.2545	88.9107	89.28595	88.89765	88.9443	88.898	88.89195	89.2679	89.262	89.2476	89.25365	89.30285	88.93075	89.10085	89.1314	89.2581	88.87375	89.25165	89.3304	88.97315	89.24665	89.2696	89.2956	89.31805	89.36725	89.256	89.3051	89.30455	89.64675	94.94855	94.90995	94.9351	94.91905	94.9224	94.91705	94.91415	94.9377	94.94135	94.9315	94.9427	94.9555	94.95515	94.93615	94.9279	94.9306	94.92625	94.9333	94.945	94.91775	94.93025	94.9592	94.9353	99.9915	99.99035	100	93.0392	92.97815	92.99475	92.9948	92.8742	92.934	92.8121	92.977	92.97155	92.9251	93.00355	92.9562	92.9873	92.95825	92.8782	92.9913	92.9885	92.9679	92.9895	93.1004	92.96665	93.00145	92.96655	93.0185	93.01325	81.80745	81.8056	81.85545	81.8015	88.6018	88.5758	88.5329	88.59885	88.6211	88.59175	88.585	88.5384	88.5827	88.5936	88.5577	88.5183	88.5772	88.5756	88.57515	88.4573	88.54465	88.43825	88.59475	88.5992	88.5726	88.593	88.5672	88.5754	88.5866	88.59635	88.59415	88.51915	88.57785	88.4434	89.86635	90.01025	93.64455	93.649	89.87385	90.00965	89.85695	90.03175	90.0387	89.84415	89.8725	93.62355	90.01185	93.6325	90.02395	93.55135
Rhizobium_leguminosarum_QUR0028	92.23235	92.23905	92.168	92.1372	92.1653	92.19775	92.1628	92.22315	92.2087	92.2066	92.1651	92.17925	92.0667	92.12705	92.166	92.2353	92.1673	92.14915	92.1565	92.21205	92.17885	92.2095	92.22125	92.23715	92.23335	92.15625	91.01715	91.05285	91.0304	90.9743	91.11395	91.056	88.9525	89.2123	89.1633	89.2339	89.2142	89.18245	89.03815	88.8216	88.8045	88.8334	88.83325	89.1815	89.2018	89.20245	88.82965	89.2453	89.241	89.19245	89.2214	89.1888	89.22095	89.18555	88.85265	88.8203	89.19785	89.2614	89.2147	89.2173	89.1954	88.85375	88.84095	88.9966	89.22865	89.231	88.83095	88.8296	89.2274	89.26255	88.71635	89.2024	89.2109	89.21665	89.2384	88.75595	88.8687	89.2088	89.2641	88.82825	88.84805	89.22155	89.2105	89.2276	89.2336	88.86435	89.18635	88.81215	89.27365	88.78975	88.8976	88.80335	88.89015	89.2232	89.20585	89.19445	89.18065	89.1934	88.9148	88.9723	89.01705	89.2242	88.8163	89.23875	89.2716	88.78515	89.198	89.22335	89.2181	89.26635	89.3215	89.1925	89.20475	89.20135	89.79685	93.44825	93.4563	93.4376	93.4521	93.45075	93.47175	93.44665	93.44615	93.4468	93.44635	93.4397	93.42975	93.4573	93.4766	93.4802	93.4218	93.4608	93.44225	93.442	93.4216	93.4328	93.4288	93.45075	93.06935	93.0608	93.0392	100	99.97805	99.9739	99.92225	98.1961	98.87385	98.09995	99.97805	99.97685	99.96895	99.9643	99.9437	99.98145	99.98155	98.1954	99.9197	99.95425	99.9793	99.9719	98.28045	98.56525	99.96195	99.94625	99.9612	99.96485	81.6283	81.6483	81.6656	81.6407	88.5782	88.57765	88.56425	88.58775	88.60355	88.54975	88.57625	88.58735	88.5722	88.5894	88.59395	88.5844	88.56545	88.54125	88.56755	88.48505	88.55975	88.44125	88.5632	88.57525	88.5504	88.58535	88.5755	88.59825	88.59265	88.5564	88.56325	88.59025	88.57655	88.4714	89.76995	89.9853	94.14415	94.14765	89.8158	90.00865	89.7805	90.0367	89.97115	89.8545	89.8082	94.159	90.0278	94.1426	89.99555	94.063
Rhizobium_leguminosarum_QUR0030	92.21585	92.2581	92.1836	92.16315	92.21885	92.2494	92.17	92.23785	92.2331	92.2198	92.2009	92.1973	92.09475	92.21605	92.19315	92.25325	92.1798	92.16635	92.17875	92.2141	92.20675	92.23435	92.2238	92.28415	92.25885	92.18965	91.0549	91.04625	91.0583	91.02805	91.1346	91.10705	88.99685	89.2013	89.1795	89.23125	89.1975	89.176	89.00625	88.8401	88.8477	88.8095	88.8417	89.2208	89.20195	89.21135	88.85315	89.1846	89.20725	89.1953	89.2113	89.2177	89.253	89.173	88.85095	88.82835	89.18865	89.24445	89.173	89.19755	89.24105	88.8676	88.89585	88.96535	89.2136	89.1948	88.80485	88.81245	89.24795	89.23705	88.78395	89.20395	89.1543	89.1993	89.1991	88.8353	88.8935	89.2077	89.22575	88.8543	88.8338	89.1861	89.19495	89.2256	89.2246	88.8603	89.18915	88.82575	89.2182	88.78365	88.90525	88.7954	88.8403	89.23285	89.1443	89.2113	89.2323	89.21155	88.912	88.95625	89.01685	89.182	88.84335	89.23145	89.2121	88.8885	89.18785	89.2252	89.22005	89.2181	89.33855	89.21895	89.238	89.2182	89.8142	93.4356	93.43045	93.4196	93.4178	93.43295	93.45895	93.41165	93.4484	93.41415	93.41995	93.4244	93.4094	93.4166	93.44985	93.44575	93.4185	93.44745	93.42925	93.43335	93.4132	93.4294	93.4179	93.42475	93.01645	93.00305	92.97815	99.97805	100	99.97105	99.9098	98.15365	98.8762	98.07525	99.98865	99.9849	99.9399	99.96355	99.95815	99.9792	99.9796	98.1996	99.9149	99.9844	99.98645	99.97065	98.2798	98.5296	99.9671	99.9608	99.96355	99.96355	81.64405	81.68935	81.69525	81.69915	88.5783	88.55575	88.53235	88.6185	88.57035	88.53795	88.5738	88.5461	88.57085	88.55105	88.5453	88.5399	88.54575	88.55615	88.5696	88.49315	88.58955	88.4881	88.5652	88.57865	88.5548	88.57525	88.57485	88.57295	88.5654	88.5791	88.5407	88.5607	88.54345	88.53105	89.7953	89.99455	94.12765	94.12765	89.8175	90.01035	89.7557	90.0448	89.9712	89.83785	89.8189	94.147	90.00345	94.1211	89.9699	94.0333
Rhizobium_leguminosarum_QUR0031	92.17625	92.2649	92.17105	92.1429	92.1907	92.23525	92.17575	92.2098	92.2018	92.2168	92.19025	92.1991	92.06815	92.1991	92.1604	92.2338	92.187	92.17345	92.19495	92.19965	92.2031	92.21255	92.2309	92.2475	92.2707	92.19255	91.0096	91.00755	91.04875	91.0136	91.1323	91.073	89.03285	89.1315	89.15335	89.17635	89.1497	89.1989	88.9568	88.9024	88.8822	88.8294	88.84015	89.15305	89.1432	89.16935	88.8703	89.2068	89.19755	89.1794	89.16535	89.1441	89.1227	89.1873	88.86125	88.84525	89.1483	89.2051	89.1735	89.22835	89.1613	88.85915	88.9103	88.90135	89.19355	89.19215	88.8619	88.8366	89.17135	89.1978	88.78465	89.19555	89.18315	89.2147	89.1641	88.8514	88.88535	89.1773	89.14225	88.83185	88.8745	89.1659	89.18555	89.21735	89.1686	88.8777	89.18605	88.84065	89.1792	88.80315	88.8796	88.8775	88.84945	89.16295	89.16665	89.15825	89.1678	89.2058	88.92615	88.95355	89.018	89.1726	88.85435	89.18535	89.23935	88.8754	89.146	89.1614	89.18995	89.2416	89.27475	89.13845	89.17545	89.147	89.82765	93.48515	93.4412	93.4693	93.47785	93.4778	93.4713	93.44745	93.48245	93.45085	93.47145	93.4585	93.4468	93.46515	93.4857	93.47375	93.4345	93.4948	93.45375	93.47315	93.46385	93.47215	93.41795	93.44705	93.0123	93.01615	92.99475	99.9739	99.97105	100	99.9028	98.14625	98.8845	98.05785	99.97045	99.96635	99.95535	99.95745	99.95415	99.9793	99.9793	98.2085	99.9056	99.9839	99.9706	99.9967	98.3052	98.5308	99.9593	99.9538	99.95725	99.95725	81.61865	81.6564	81.6524	81.6487	88.52405	88.5639	88.5017	88.54545	88.54815	88.5085	88.574	88.4757	88.4908	88.56595	88.4861	88.45185	88.54735	88.51045	88.50395	88.4676	88.51555	88.45155	88.52425	88.5208	88.52135	88.54135	88.521	88.56965	88.57985	88.5315	88.569	88.52775	88.54655	88.4576	89.8054	90.0845	94.10095	94.1689	89.8059	90.18925	89.7777	90.1204	90.13065	89.78155	89.8104	94.14505	90.16665	94.1275	90.1246	94.0573
Rhizobium_leguminosarum_QUR0035	92.2242	92.25555	92.1842	92.18435	92.1958	92.22785	92.2164	92.22685	92.24085	92.23115	92.224	92.1981	92.09855	92.1901	92.18675	92.2742	92.20025	92.1928	92.18435	92.18735	92.2193	92.234	92.25465	92.2557	92.26945	92.19345	91.00925	91.05285	91.00755	90.9905	91.09195	91.0009	89.0125	89.1926	89.17345	89.1826	89.1664	89.17785	89.0006	88.85595	88.86905	88.836	88.8423	89.1548	89.1624	89.1836	88.8481	89.21695	89.2336	89.1589	89.195	89.16815	89.2178	89.1946	88.86715	88.8767	89.1953	89.24895	89.15115	89.2135	89.16385	88.871	88.88615	88.93205	89.20645	89.2097	88.88855	88.8271	89.1849	89.2038	88.7764	89.1655	89.15105	89.2461	89.15795	88.82765	88.8987	89.2225	89.16255	88.86095	88.8689	89.178	89.15735	89.25295	89.179	88.8597	89.1986	88.83295	89.1773	88.82795	88.905	88.80705	88.8748	89.1904	89.1394	89.1951	89.15345	89.23645	88.89255	88.9725	88.99755	89.16455	88.8165	89.2101	89.2226	88.86285	89.1598	89.17435	89.16625	89.2391	89.25285	89.1788	89.1945	89.1479	89.78715	93.43225	93.43615	93.4239	93.41445	93.45005	93.4383	93.42095	93.4433	93.4277	93.4361	93.45375	93.4509	93.45885	93.46265	93.43085	93.4434	93.46115	93.43235	93.44	93.44645	93.43775	93.41335	93.41205	93.0186	93.01025	92.9948	99.92225	99.9098	99.9028	100	98.1404	98.87435	98.0818	99.91555	99.9217	99.91775	99.90895	99.9136	99.92285	99.9228	98.229	99.98705	99.92905	99.9177	99.90415	98.2773	98.55125	99.90995	99.91515	99.9112	99.90665	81.6934	81.7044	81.7819	81.7604	88.55485	88.56255	88.5187	88.56445	88.55075	88.5431	88.5362	88.48965	88.51185	88.5771	88.50665	88.5122	88.5418	88.55385	88.5528	88.43435	88.5409	88.46775	88.53165	88.5445	88.5556	88.54735	88.57	88.56805	88.56805	88.5577	88.54135	88.52135	88.5425	88.4557	89.773	90.1057	94.14155	94.1379	89.8413	90.16085	89.73675	90.1548	90.1109	89.7777	89.7706	94.17245	90.164	94.1488	90.1416	94.0432
Rhizobium_leguminosarum_QUR0050	92.00875	92.0938	91.9873	92.00895	92.05515	92.0444	92.04165	92.03035	92.0327	92.0482	92.0492	92.031	92.0996	92.07155	92.03975	92.10455	92.0335	91.99175	92.01755	92.017	92.01015	92.0579	92.07435	92.08065	92.0596	92.0225	91.2183	91.2223	91.21215	91.1117	91.309	91.25845	89.0073	88.99525	88.9897	88.97095	88.97175	88.92935	89.15665	88.8987	88.9181	88.87695	88.88715	88.93895	88.96765	88.97895	88.97255	88.9583	89.0296	88.975	88.9651	88.99235	89.0086	88.9169	88.9549	88.9497	88.9861	89.02325	89.00025	88.9633	89.00665	88.9314	88.9417	89.229	88.9197	88.9922	88.8973	88.89105	88.9816	88.96245	88.85955	88.93525	88.91845	88.9771	88.89965	88.91365	88.9853	88.995	88.93855	88.90685	88.93055	88.9897	88.95825	89.016	88.9732	88.9507	88.9189	88.92795	88.96625	88.90115	88.90805	88.9259	88.93595	89.0055	88.9652	88.99965	88.97675	88.9697	89.15795	89.1344	89.1949	88.9899	88.90175	88.9988	89.0022	88.94555	88.92585	89	88.97025	88.99485	89.05425	88.96025	88.9937	88.9595	89.62335	93.3048	93.31855	93.30745	93.27955	93.3252	93.31675	93.3297	93.30335	93.28175	93.32375	93.3278	93.33805	93.32735	93.33265	93.32495	93.29925	93.3138	93.2937	93.28005	93.28855	93.31205	93.2837	93.3024	92.9021	92.87975	92.8742	98.1961	98.15365	98.14625	98.1404	100	98.0526	98.29315	98.1385	98.1482	98.13085	98.1465	98.168	98.15945	98.1765	98.35835	98.1561	98.19315	98.1342	98.15455	98.27355	97.9691	98.14365	98.16365	98.14605	98.14335	81.65	81.63985	81.6765	81.65775	88.74245	88.7315	88.7281	88.7233	88.74155	88.725	88.73915	88.68885	88.6847	88.72065	88.70125	88.6932	88.69665	88.72265	88.72975	88.47715	88.7015	88.50985	88.7151	88.7304	88.70815	88.7221	88.72545	88.71175	88.722	88.72225	88.721	88.6776	88.711	88.51625	89.89675	89.91	94.27355	94.2978	89.99065	89.91525	89.88215	89.91855	89.9354	89.9522	89.91195	94.30575	89.9145	94.3254	89.96705	94.1268
Rhizobium_leguminosarum_QUR0051	92.18375	92.23065	92.15355	92.1081	92.12415	92.1475	92.1004	92.21605	92.22005	92.1509	92.09445	92.13375	92.03325	92.0306	92.13195	92.21585	92.09885	92.1151	92.12315	92.1749	92.169	92.2124	92.1705	92.18385	92.19285	92.1241	91.03855	91.03145	90.99185	90.9878	91.0615	91.0506	88.87655	89.18325	89.15375	89.1696	89.15265	89.2218	88.97915	88.8222	88.78185	88.80895	88.8141	89.1323	89.1582	89.13045	88.82455	89.24805	89.22255	89.1771	89.1639	89.1017	89.18855	89.2094	88.8314	88.72945	89.21585	89.22135	89.19945	89.1639	89.1264	88.89285	88.8162	89.00615	89.2018	89.2073	88.8191	88.7877	89.14925	89.23695	88.7139	89.1024	89.1793	89.21705	89.1525	88.73075	88.8691	89.17025	89.186	88.80725	88.81145	89.2051	89.1742	89.22095	89.1478	88.88505	89.10395	88.811	89.21845	88.7053	88.83795	88.8008	88.8732	89.16045	89.1791	89.1537	89.1601	89.19075	88.8856	88.91845	88.92315	89.1972	88.7599	89.2052	89.2591	88.7836	89.16295	89.1662	89.19445	89.25155	89.24385	89.1782	89.15115	89.1485	89.7339	93.43715	93.40805	93.4363	93.435	93.4566	93.4168	93.4384	93.4302	93.40995	93.42955	93.4492	93.4495	93.4183	93.45225	93.44705	93.4362	93.44725	93.43635	93.44575	93.4314	93.4264	93.4107	93.4345	92.9954	92.9868	92.934	98.87385	98.8762	98.8845	98.87435	98.0526	100	97.9639	98.8685	98.8815	98.88425	98.84165	98.8172	98.8732	98.8583	98.1202	98.8878	98.85025	98.8739	98.87385	98.17865	99.38755	98.81835	98.8174	98.8411	98.84065	81.61675	81.6661	81.6576	81.6745	88.46115	88.4332	88.46425	88.43685	88.4689	88.42445	88.43895	88.4614	88.4539	88.46885	88.4847	88.4493	88.42695	88.431	88.45495	88.36195	88.48075	88.30915	88.42705	88.46085	88.4403	88.47655	88.4372	88.45495	88.4483	88.4602	88.4359	88.4437	88.43825	88.36775	89.8509	90.00105	94.0972	94.11	89.79115	89.9906	89.7801	89.9932	90.00675	89.81495	89.80205	94.15955	90.01055	94.09795	89.99305	94.04345
Rhizobium_leguminosarum_QUR0062	91.94845	91.99355	91.935	91.9363	91.9701	91.9711	91.94825	91.97035	91.97775	91.98815	91.96115	91.9706	92.02565	91.9944	91.96235	91.97625	91.95835	91.9579	91.9863	91.9499	91.97505	91.9763	91.98045	91.9918	91.9838	91.9666	91.0392	91.026	91.0747	91.36115	91.08855	91.03575	88.8053	88.84205	88.84865	88.86085	88.8543	88.81675	88.89085	89.19775	89.23345	89.2278	89.2302	88.8379	88.8354	88.8443	89.2353	88.8626	88.83585	88.87245	88.8945	88.81865	88.88475	88.85915	89.23465	89.20385	88.8659	88.8839	88.8527	88.85335	88.8624	89.22155	89.24745	88.8954	88.8314	88.8418	89.2317	89.2533	88.85255	88.8368	89.15395	88.8359	88.82935	88.85725	88.82725	89.1687	89.2586	88.84665	88.88055	89.21745	89.20385	88.8591	88.85835	88.86815	88.85095	89.19345	88.8371	89.21455	88.8403	89.1999	89.27775	89.15325	89.2585	88.8775	88.8207	88.83925	88.85875	88.8757	88.851	88.85025	88.8855	88.8513	89.2219	88.9144	88.84195	89.20125	88.8051	88.8146	88.84935	88.85515	88.97885	88.8386	88.8565	88.85225	89.5214	93.24385	93.2227	93.2195	93.2242	93.24125	93.22065	93.21215	93.23095	93.2448	93.2247	93.2201	93.22135	93.24965	93.26715	93.23035	93.1938	93.23945	93.2339	93.21855	93.22445	93.2186	93.21075	93.2244	92.83355	92.85525	92.8121	98.09995	98.07525	98.05785	98.0818	98.29315	97.9639	100	98.07255	98.0808	98.09075	98.0963	98.0866	98.08115	98.08385	98.23495	98.0831	98.11055	98.0656	98.05065	98.2564	97.92905	98.0937	98.0724	98.09395	98.11165	81.70315	81.71125	81.6813	81.70065	88.5427	88.52615	88.5175	88.5491	88.5569	88.50565	88.5155	88.5224	88.51685	88.558	88.5396	88.53345	88.4992	88.50485	88.53675	88.8173	88.55745	88.8113	88.51305	88.51375	88.5147	88.51965	88.5056	88.57735	88.5549	88.52615	88.535	88.5212	88.5171	88.79875	89.85845	89.8255	94.057	94.0932	89.88535	89.78415	89.81785	89.82155	89.83525	89.8386	89.8663	94.0656	89.8075	94.09555	89.83565	94.0717
Rhizobium_leguminosarum_QUR0104	92.21315	92.2819	92.19955	92.188	92.22715	92.23495	92.2043	92.2143	92.25215	92.25495	92.2113	92.2111	92.10325	92.2673	92.20735	92.28	92.20275	92.2105	92.2071	92.20635	92.2231	92.27345	92.24965	92.2688	92.272	92.22365	91.0352	91.03885	91.0756	90.99935	91.139	91.0017	89.01515	89.18715	89.16315	89.19295	89.19675	89.1679	88.995	88.85555	88.87535	88.8356	88.8432	89.1707	89.18315	89.21355	88.83455	89.1868	89.1646	89.15	89.15765	89.17455	89.18655	89.16275	88.85105	88.8247	89.14105	89.18365	89.1386	89.1765	89.1853	88.82525	88.87755	88.9366	89.2137	89.15115	88.83795	88.8214	89.2166	89.2222	88.79265	89.1802	89.1397	89.1768	89.1639	88.82435	88.85475	89.20755	89.18175	88.82995	88.84585	89.1515	89.1361	89.1726	89.19925	88.84975	89.19455	88.8079	89.18635	88.83725	88.91085	88.81185	88.8799	89.2119	89.12895	89.2268	89.208	89.2105	88.94025	88.97395	88.9866	89.14795	88.8428	89.1586	89.2194	88.8652	89.15195	89.19835	89.2122	89.18785	89.28865	89.17175	89.2023	89.1695	89.79695	93.41355	93.4134	93.4198	93.42825	93.39285	93.42015	93.4079	93.4323	93.42095	93.4194	93.42585	93.4197	93.4129	93.42555	93.4094	93.42795	93.41225	93.4228	93.4142	93.4211	93.39965	93.4057	93.38815	93.0123	93.0311	92.977	99.97805	99.98865	99.97045	99.91555	98.1385	98.8685	98.07255	100	99.99585	99.945	99.9631	99.96235	99.9802	99.98165	98.21095	99.91905	99.98715	99.99675	99.9723	98.2741	98.5329	99.97015	99.9647	99.96225	99.9651	81.6362	81.66005	81.71935	81.7117	88.52975	88.51915	88.51735	88.5471	88.53475	88.512	88.5307	88.5107	88.4885	88.53	88.505	88.51355	88.54165	88.526	88.5255	88.44845	88.5125	88.4795	88.52165	88.52765	88.5193	88.5415	88.52095	88.53935	88.5612	88.55925	88.5288	88.50755	88.5231	88.47355	89.7974	90.0525	94.1249	94.14555	89.7835	90.0143	89.75735	90.0389	89.9784	89.81085	89.8028	94.1505	90.0205	94.12905	90.01605	94.058
Rhizobium_leguminosarum_QUR0105	92.2059	92.24155	92.19125	92.13395	92.1656	92.217	92.1737	92.2298	92.20835	92.19605	92.17685	92.1708	92.0808	92.2098	92.16705	92.2512	92.171	92.15565	92.17165	92.19755	92.18015	92.199	92.2315	92.2384	92.23635	92.16905	91.06585	91.0298	91.05405	91.0337	91.10445	91.1009	88.95025	89.1916	89.1964	89.19525	89.186	89.1825	88.9501	88.8465	88.8396	88.80075	88.82695	89.1748	89.15925	89.18015	88.8619	89.19895	89.17395	89.20345	89.1825	89.1864	89.2006	89.17265	88.8304	88.862	89.1742	89.2152	89.1568	89.16455	89.195	88.85795	88.82635	88.9403	89.16195	89.2072	88.82325	88.81755	89.1615	89.2017	88.77095	89.1828	89.1521	89.1527	89.12265	88.79875	88.8853	89.1587	89.1769	88.82605	88.84765	89.1902	89.16955	89.19025	89.15855	88.8668	89.2001	88.8363	89.17955	88.81575	88.88885	88.83775	88.8513	89.1972	89.1574	89.16525	89.16175	89.2082	88.89355	88.94565	88.98975	89.14725	88.8001	89.19415	89.2257	88.85295	89.1647	89.18525	89.19495	89.2137	89.2616	89.1573	89.22165	89.19265	89.7916	93.4305	93.3895	93.4314	93.4421	93.44875	93.41915	93.4115	93.4173	93.42805	93.42185	93.41665	93.4027	93.3905	93.44165	93.416	93.4153	93.45185	93.42415	93.43475	93.4171	93.41765	93.39365	93.3917	93.02015	93.03085	92.97155	99.97685	99.9849	99.96635	99.9217	98.1482	98.8815	98.0808	99.99585	100	99.94555	99.969	99.9532	99.98175	99.98455	98.1913	99.913	99.98745	99.9966	99.9715	98.2867	98.54245	99.96455	99.96745	99.97015	99.9686	81.60215	81.63755	81.67295	81.63735	88.5451	88.5316	88.5272	88.56715	88.5578	88.54115	88.52525	88.51265	88.54755	88.5598	88.52605	88.4986	88.51135	88.5365	88.5372	88.50905	88.55445	88.4968	88.53905	88.517	88.5244	88.56525	88.5416	88.55465	88.5179	88.5529	88.52305	88.50895	88.50455	88.523	89.797	89.998	94.12595	94.1299	89.84825	90.0455	89.77665	90.0284	90.0044	89.8221	89.8393	94.16915	90.04335	94.15035	90.00045	94.0271
Rhizobium_leguminosarum_QUR0110	92.1769	92.25485	92.1655	92.1537	92.2016	92.22295	92.17415	92.1876	92.20075	92.19985	92.17355	92.1625	92.0661	92.1882	92.1692	92.2708	92.16295	92.1591	92.14625	92.18305	92.19745	92.21725	92.2151	92.24295	92.2312	92.1704	91.0155	90.98785	91.02835	90.9866	91.09835	91.0449	89.04155	89.14305	89.11675	89.15635	89.15705	89.17275	89.00905	88.85385	88.86515	88.83475	88.80475	89.1175	89.1344	89.15735	88.8363	89.2302	89.2554	89.1421	89.13395	89.14405	89.15285	89.14455	88.82565	88.81155	89.2299	89.24325	89.24675	89.18295	89.13575	88.8053	88.8449	88.878	89.15565	89.22645	88.81135	88.79785	89.1557	89.19195	88.7819	89.11275	89.13405	89.2059	89.14095	88.8295	88.83115	89.15655	89.12225	88.8245	88.8561	89.2545	89.18005	89.25535	89.18955	88.82785	89.28625	88.80885	89.22605	88.8312	88.84825	88.82985	88.8431	89.18085	89.129	89.16	89.1213	89.1956	88.8853	88.9688	89.01335	89.2531	88.85565	89.18825	89.20235	88.8314	89.14615	89.16865	89.1648	89.1831	89.2015	89.136	89.1427	89.1297	89.7769	93.4514	93.4383	93.44375	93.46565	93.47275	93.4484	93.43365	93.46485	93.4385	93.45065	93.4445	93.4473	93.4536	93.4821	93.4446	93.4211	93.47515	93.46215	93.46255	93.43775	93.4535	93.3822	93.40165	92.99735	93.0111	92.9251	99.96895	99.9399	99.95535	99.91775	98.13085	98.88425	98.09075	99.945	99.94555	100	99.93325	99.91505	99.96955	99.96435	98.19835	99.91775	99.97215	99.942	99.9447	98.31065	98.5141	99.939	99.91435	99.93265	99.9342	81.63025	81.67215	81.69655	81.6837	88.57155	88.50665	88.5432	88.5637	88.54485	88.5192	88.49395	88.4912	88.50375	88.53155	88.485	88.47	88.4775	88.5007	88.54505	88.40855	88.56035	88.41615	88.5262	88.51395	88.51	88.5283	88.51725	88.5016	88.50345	88.53	88.48465	88.54065	88.4729	88.4692	89.79145	90.1501	94.09935	94.1714	89.8244	90.15285	89.76035	90.1627	90.11195	89.8671	89.82255	94.18175	90.1333	94.1456	90.12335	94.0589
Rhizobium_leguminosarum_QUR0120	92.20065	92.25865	92.18885	92.1656	92.1892	92.20625	92.1817	92.23735	92.23525	92.2069	92.20075	92.18265	92.07225	92.145	92.18225	92.2632	92.17805	92.18755	92.1757	92.2116	92.19985	92.2289	92.2191	92.2249	92.23495	92.18045	91.049	91.0625	91.0307	90.9875	91.1078	91.0673	89.04985	89.2152	89.1751	89.214	89.19105	89.19165	88.93215	88.85935	88.8656	88.83475	88.84045	89.21915	89.1834	89.1916	88.87895	89.2335	89.1903	89.1826	89.22185	89.16095	89.2342	89.2104	88.87465	88.81555	89.20695	89.1944	89.21945	89.22265	89.1854	88.86705	88.8361	88.9335	89.2428	89.18485	88.8663	88.8101	89.21245	89.2294	88.78015	89.18935	89.1873	89.1584	89.17825	88.84315	88.90135	89.19595	89.19515	88.85465	88.87555	89.2242	89.1701	89.17455	89.19885	88.89475	89.22055	88.83105	89.16885	88.82425	88.8937	88.8436	88.8766	89.2045	89.16725	89.2324	89.1822	89.249	88.92355	88.9029	88.95935	89.17505	88.83355	89.19205	89.23625	88.8587	89.14715	89.2199	89.18895	89.23995	89.3273	89.184	89.21465	89.2019	89.79075	93.433	93.3946	93.426	93.42895	93.40505	93.4532	93.40405	93.44005	93.4192	93.4321	93.41945	93.4151	93.40415	93.4368	93.43685	93.40665	93.431	93.41775	93.4438	93.43255	93.41845	93.3872	93.3801	92.99015	93.0162	93.00355	99.9643	99.96355	99.95745	99.90895	98.1465	98.84165	98.0963	99.9631	99.969	99.93325	100	99.9974	99.9666	99.96335	98.16085	99.9087	99.97025	99.9628	99.95145	98.26655	98.5466	99.9972	99.99555	99.99655	99.99665	81.5979	81.6328	81.6477	81.60985	88.6285	88.55105	88.5389	88.57385	88.5656	88.54675	88.56765	88.5624	88.56245	88.58315	88.56575	88.5393	88.5539	88.5398	88.6112	88.48905	88.538	88.4932	88.56695	88.52985	88.5319	88.5598	88.5408	88.585	88.59655	88.5618	88.54625	88.5418	88.5674	88.52435	89.851	90.1487	94.16375	94.13835	89.84405	90.13075	89.79845	90.14265	90.1443	89.8084	89.82975	94.1633	90.14425	94.14555	90.1593	94.0957
Rhizobium_leguminosarum_QUR0121	92.20505	92.2726	92.1932	92.14785	92.18225	92.25735	92.22395	92.23805	92.23485	92.23785	92.21415	92.2302	92.0918	92.1234	92.1857	92.2298	92.214	92.15195	92.2379	92.21375	92.21495	92.24795	92.2535	92.2672	92.27925	92.15865	91.0269	91.0401	91.0348	90.95265	91.07785	91.0327	89.0565	89.13965	89.10885	89.16165	89.1802	89.17225	88.96515	88.86485	88.8672	88.8141	88.83495	89.13435	89.1135	89.17665	88.8553	89.1525	89.17895	89.1077	89.14395	89.09665	89.1496	89.15355	88.8594	88.88615	89.1639	89.17965	89.14985	89.1706	89.1188	88.8582	88.83605	88.89095	89.2143	89.18205	88.85655	88.8298	89.15755	89.16665	88.74455	89.1541	89.14	89.1736	89.138	88.78275	88.8749	89.1801	89.13035	88.8483	88.86915	89.15505	89.12325	89.19955	89.12595	88.86045	89.18085	88.8288	89.13455	88.82345	88.8638	88.8044	88.8529	89.13455	89.12975	89.1629	89.15085	89.2131	88.881	88.93545	88.95095	89.14305	88.83995	89.1363	89.1814	88.839	89.13805	89.1705	89.1611	89.2318	89.2411	89.14855	89.11615	89.12755	89.7783	93.37485	93.33735	93.36045	93.3695	93.37415	93.35165	93.35505	93.3951	93.3816	93.37835	93.3921	93.38565	93.40775	93.3723	93.3498	93.35745	93.3786	93.36265	93.36875	93.37885	93.3541	93.348	93.36825	92.96105	93.01785	92.9562	99.9437	99.95815	99.95415	99.9136	98.168	98.8172	98.0866	99.96235	99.9532	99.91505	99.9974	100	99.95875	99.9591	98.1643	99.91625	99.9666	99.9609	99.9442	98.24355	98.5271	99.99735	99.99635	99.9967	99.9957	81.64105	81.68655	81.7375	81.6631	88.5287	88.5193	88.49315	88.5263	88.53415	88.4897	88.5162	88.4663	88.49695	88.535	88.4704	88.46855	88.53585	88.472	88.5374	88.50355	88.5008	88.48325	88.49965	88.5162	88.50535	88.52765	88.5109	88.52635	88.55595	88.53835	88.5144	88.5142	88.53365	88.52385	89.8425	90.09835	94.13935	94.1012	89.8026	90.15705	89.80035	90.14235	90.09105	89.81705	89.8404	94.14315	90.163	94.1617	90.10295	94.09345
Rhizobium_leguminosarum_QUR0122	92.20975	92.2597	92.17445	92.1656	92.1733	92.19085	92.15565	92.2353	92.1858	92.19315	92.17185	92.15735	92.08085	92.21355	92.20015	92.2454	92.15665	92.1711	92.15565	92.21205	92.1955	92.20225	92.20635	92.2453	92.24195	92.1772	91.03625	91.0099	91.0368	90.97325	91.06995	91.0724	88.99235	89.1996	89.1824	89.19765	89.23825	89.171	88.96175	88.8242	88.8247	88.83925	88.81795	89.2124	89.155	89.2225	88.8617	89.19635	89.17255	89.16435	89.16865	89.1535	89.21515	89.1768	88.8438	88.828	89.17485	89.20935	89.1983	89.1659	89.1665	88.83875	88.86095	88.94075	89.11925	89.16555	88.8278	88.7932	89.19005	89.1889	88.7722	89.1687	89.1546	89.15935	89.1723	88.8185	88.84675	89.18715	89.1821	88.85155	88.84885	89.19255	89.1263	89.17695	89.1898	88.8527	89.20155	88.81405	89.1542	88.844	88.89995	88.7836	88.86925	89.2074	89.14395	89.1895	89.17975	89.1904	88.88565	88.987	88.97365	89.17005	88.82855	89.16525	89.18905	88.83585	89.16265	89.1824	89.19845	89.20135	89.29725	89.17765	89.1978	89.15995	89.79895	93.4459	93.4794	93.43995	93.4529	93.4372	93.4818	93.48125	93.4377	93.4388	93.4555	93.45435	93.4552	93.45005	93.45185	93.47435	93.43285	93.4442	93.4403	93.43535	93.42515	93.43945	93.41555	93.4281	93.04295	93.0256	92.9873	99.98145	99.9792	99.9793	99.92285	98.15945	98.8732	98.08115	99.9802	99.98175	99.96955	99.9666	99.95875	100	99.9974	98.21675	99.92915	99.9832	99.9841	99.97535	98.2926	98.5498	99.96555	99.95815	99.96675	99.9633	81.62345	81.6398	81.68615	81.63155	88.58205	88.55425	88.48825	88.53055	88.5742	88.50415	88.55255	88.4995	88.50715	88.5808	88.49515	88.4913	88.5355	88.52955	88.55855	88.48815	88.5127	88.46	88.5044	88.538	88.52095	88.5557	88.5365	88.5574	88.5632	88.52635	88.53505	88.5495	88.5475	88.4842	89.76385	89.99155	94.10775	94.13995	89.7803	89.9893	89.74175	90.00555	89.99945	89.8042	89.8304	94.19205	90.00585	94.1389	90.0097	94.0475
Rhizobium_leguminosarum_QUR0129	92.21155	92.2567	92.15785	92.1558	92.1528	92.18905	92.13275	92.2424	92.20615	92.1854	92.1502	92.15615	92.06245	92.22115	92.1888	92.2499	92.13575	92.17815	92.1432	92.2087	92.1848	92.19265	92.20635	92.2415	92.24835	92.1671	91.0299	91.01565	91.02325	90.99135	91.09215	91.0531	88.96145	89.2013	89.18765	89.2064	89.2178	89.17855	88.96335	88.8663	88.8722	88.827	88.8303	89.1903	89.15635	89.19215	88.8784	89.20325	89.2107	89.20885	89.22705	89.15855	89.2315	89.1959	88.8446	88.81855	89.19515	89.2257	89.2016	89.20015	89.18955	88.8595	88.88065	88.95905	89.15305	89.1998	88.8513	88.82685	89.1889	89.19255	88.7732	89.16565	89.17585	89.18145	89.1783	88.80755	88.87355	89.2252	89.18875	88.84665	88.87335	89.186	89.14115	89.213	89.21745	88.8779	89.24205	88.8158	89.1512	88.82035	88.91265	88.80145	88.8807	89.22755	89.16675	89.2025	89.2128	89.1955	88.89365	88.9421	88.9808	89.19495	88.82135	89.17965	89.20625	88.85565	89.18645	89.19345	89.24765	89.23595	89.2766	89.17435	89.2227	89.1876	89.79815	93.4268	93.45615	93.42615	93.43295	93.42375	93.4665	93.45765	93.4324	93.44295	93.43375	93.43265	93.4275	93.4504	93.437	93.4679	93.45725	93.451	93.4158	93.43435	93.453	93.4218	93.3921	93.4149	93.0245	93.00645	92.95825	99.98155	99.9796	99.9793	99.9228	98.1765	98.8583	98.08385	99.98165	99.98455	99.96435	99.96335	99.9591	99.9974	100	98.2214	99.9255	99.9851	99.98495	99.9771	98.29345	98.54195	99.9668	99.9593	99.96285	99.9605	81.63705	81.64535	81.6428	81.62125	88.55515	88.52145	88.53285	88.55575	88.5474	88.5088	88.50705	88.47895	88.49265	88.57195	88.4697	88.48935	88.50235	88.52485	88.5427	88.42005	88.514	88.45725	88.5189	88.5442	88.5489	88.5657	88.53285	88.53105	88.5509	88.54445	88.4871	88.5147	88.5066	88.46185	89.77385	89.9885	94.1398	94.159	89.8002	89.99695	89.7095	90.01225	89.99055	89.77825	89.80515	94.1641	90.00015	94.12105	90.0081	94.04815
Rhizobium_leguminosarum_QUR0136	92.0713	92.0961	92.07315	92.0406	92.0481	92.09745	92.06715	92.10585	92.0951	92.05345	92.0382	92.064	92.16685	92.05505	92.06825	92.0782	92.0748	92.0483	92.058	92.10075	92.08505	92.0759	92.09725	92.0957	92.0988	92.06305	91.2094	91.2328	91.24725	91.06895	91.28095	91.2564	88.9774	88.93455	88.9577	88.9346	88.96385	88.89095	89.07725	88.85605	88.89095	88.8794	88.8728	88.90155	88.9	88.97015	88.918	88.9321	88.92205	88.92565	88.907	88.88675	88.94395	88.90235	88.90035	88.8489	88.91455	88.94215	88.89775	88.94105	88.96	88.91935	88.91345	89.16955	88.9637	88.92865	88.87245	88.86445	88.8924	88.9038	88.8043	88.93915	88.9088	88.8887	88.90635	88.833	88.91765	88.9163	88.94965	88.84825	88.8687	88.8815	88.8781	88.915	88.9298	88.9441	88.92795	88.87405	88.908	88.8052	88.9016	88.9016	88.8892	88.9526	88.91095	88.9527	88.90745	88.9133	89.05305	89.08285	89.0808	88.864	88.86925	88.94075	88.9372	88.8967	88.8607	88.90775	88.95965	88.93825	89.0735	88.8996	88.90325	88.90315	89.5609	93.30265	93.26205	93.27415	93.2864	93.2896	93.26395	93.26405	93.2785	93.269	93.29035	93.2943	93.29785	93.29625	93.30285	93.2595	93.258	93.2757	93.27025	93.28205	93.26915	93.2849	93.3008	93.2739	92.8773	92.8857	92.8782	98.1954	98.1996	98.2085	98.229	98.35835	98.1202	98.23495	98.21095	98.1913	98.19835	98.16085	98.1643	98.21675	98.2214	100	98.233	98.2185	98.2209	98.2065	98.24355	98.07485	98.15595	98.1519	98.1652	98.15835	81.7567	81.7646	81.75405	81.7476	88.6178	88.5954	88.60205	88.63395	88.59115	88.63005	88.57415	88.59365	88.5778	88.628	88.60215	88.5853	88.57315	88.6466	88.60165	88.4223	88.61195	88.479	88.6353	88.6651	88.66315	88.64395	88.6349	88.6036	88.63225	88.6384	88.58925	88.62105	88.60435	88.4763	89.898	89.94085	94.23545	94.2235	90.1333	89.89935	89.85115	89.8946	89.9074	89.89155	89.9495	94.25055	89.89535	94.21215	89.9344	94.1643
Rhizobium_leguminosarum_QUR0138	92.21405	92.277	92.20585	92.1378	92.17705	92.24915	92.2254	92.22775	92.25225	92.27225	92.21305	92.22815	92.12915	92.21025	92.18165	92.28755	92.22835	92.1671	92.2221	92.2157	92.23345	92.24185	92.24925	92.2566	92.2661	92.17305	91.0075	91.01815	91.0099	90.96575	91.10035	91.0369	88.9614	89.1774	89.17885	89.22695	89.16485	89.18365	88.9738	88.87995	88.8908	88.8374	88.83925	89.2043	89.17015	89.1861	88.87565	89.2321	89.1826	89.16775	89.1647	89.2039	89.16075	89.1931	88.8963	88.8513	89.1393	89.19705	89.16385	89.1929	89.1573	88.9052	88.8922	88.90925	89.18115	89.1878	88.78785	88.8411	89.16595	89.25825	88.79075	89.18165	89.1874	89.1971	89.1743	88.84595	88.90655	89.1929	89.158	88.82805	88.8891	89.1434	89.1659	89.18255	89.1954	88.92605	89.14515	88.8405	89.2156	88.8074	88.90505	88.84575	88.8766	89.18825	89.1844	89.1831	89.1626	89.2657	88.9113	88.9468	89.004	89.14855	88.8307	89.1596	89.23975	88.8845	89.1433	89.16255	89.1485	89.2136	89.30345	89.176	89.1766	89.2146	89.8326	93.44625	93.43875	93.45405	93.4319	93.4454	93.44865	93.41545	93.4789	93.44235	93.4407	93.43765	93.43045	93.4373	93.4702	93.45125	93.4574	93.48155	93.44905	93.4643	93.4523	93.4181	93.43415	93.43785	93.01545	93.0463	92.9913	99.9197	99.9149	99.9056	99.98705	98.1561	98.8878	98.0831	99.91905	99.913	99.91775	99.9087	99.91625	99.92915	99.9255	98.233	100	99.9374	99.91805	99.9125	98.2898	98.569	99.91955	99.9164	99.9105	99.9089	81.6865	81.6991	81.74475	81.7128	88.569	88.53755	88.50575	88.5508	88.54325	88.5243	88.5468	88.5092	88.5024	88.551	88.52655	88.49605	88.5517	88.5103	88.54335	88.4723	88.5142	88.45345	88.53495	88.5386	88.51795	88.53735	88.5337	88.5631	88.56115	88.5499	88.5507	88.54735	88.5618	88.4794	89.77585	90.1296	94.17425	94.1309	89.76435	90.16995	89.7354	90.1683	90.10395	89.79	89.8035	94.1504	90.157	94.1771	90.1103	94.05635
Rhizobium_leguminosarum_QUR0139	92.1985	92.269	92.1726	92.1142	92.1338	92.2002	92.1974	92.2137	92.21615	92.2378	92.1736	92.1973	92.068	92.12695	92.15695	92.25	92.1899	92.1457	92.20995	92.1868	92.21045	92.20025	92.24385	92.2142	92.2432	92.14655	90.9946	91.0517	90.97965	90.9763	91.1113	91.0222	88.9258	89.2102	89.2322	89.266	89.1788	89.2322	88.97885	88.8602	88.84095	88.85765	88.8418	89.2132	89.1932	89.19905	88.8835	89.26215	89.304	89.22715	89.2025	89.2176	89.20725	89.2397	88.84745	88.8006	89.2493	89.27035	89.2515	89.19935	89.20415	88.86655	88.81085	89.01835	89.27045	89.23885	88.8534	88.84625	89.1554	89.2671	88.74515	89.2088	89.21065	89.2705	89.20315	88.8089	88.8708	89.2253	89.23085	88.83625	88.8863	89.256	89.2179	89.30915	89.2274	88.8893	89.1336	88.8332	89.252	88.7876	88.90055	88.82225	88.92215	89.21765	89.20305	89.20965	89.15755	89.2159	88.91525	88.94665	88.9688	89.232	88.76945	89.2646	89.29715	88.78335	89.2118	89.18095	89.1486	89.28315	89.34175	89.1965	89.2295	89.2391	89.8115	93.45575	93.44395	93.45015	93.44085	93.4307	93.4632	93.4507	93.4558	93.448	93.47055	93.46645	93.44285	93.43225	93.44485	93.46205	93.4601	93.4411	93.44885	93.4652	93.45135	93.44295	93.43665	93.4257	93.0221	93.01905	92.9885	99.95425	99.9844	99.9839	99.92905	98.19315	98.85025	98.11055	99.98715	99.98745	99.97215	99.97025	99.9666	99.9832	99.9851	98.2185	99.9374	100	99.98465	99.9839	98.2874	98.55265	99.9725	99.9701	99.97045	99.96905	81.6398	81.65715	81.6843	81.6595	88.6337	88.56985	88.533	88.543	88.5658	88.5202	88.52495	88.54045	88.4934	88.56165	88.5279	88.511	88.562	88.52405	88.5797	88.5012	88.5561	88.48275	88.5124	88.52565	88.5161	88.5227	88.50435	88.55305	88.58225	88.53025	88.53425	88.5519	88.5566	88.47975	89.8465	90.04075	94.1301	94.1605	89.81705	90.0545	89.8235	90.0279	90.00305	89.83655	89.8549	94.1728	90.04655	94.1526	90.00325	94.05965
Rhizobium_leguminosarum_QUR0157	92.20015	92.25825	92.1744	92.16935	92.1724	92.2048	92.16545	92.2282	92.2032	92.2105	92.16215	92.17085	92.06885	92.22955	92.1566	92.25845	92.1666	92.18675	92.1588	92.20415	92.19085	92.22215	92.2183	92.2028	92.2511	92.18305	90.99165	91.0249	91.04715	90.9876	91.123	91.04585	88.93935	89.1731	89.15715	89.19425	89.1746	89.1524	88.9994	88.8066	88.8369	88.8466	88.84895	89.17545	89.13415	89.15865	88.8242	89.18275	89.16205	89.1766	89.2245	89.1734	89.1991	89.14935	88.8428	88.80365	89.14305	89.2078	89.17685	89.148	89.17075	88.82395	88.82955	88.95365	89.16745	89.17055	88.8384	88.84905	89.14945	89.19005	88.73865	89.1543	89.14405	89.12545	89.10155	88.8138	88.8591	89.15015	89.1511	88.84475	88.8293	89.1524	89.15485	89.17465	89.176	88.8586	89.2259	88.78655	89.1506	88.80695	88.88095	88.80175	88.8579	89.1722	89.1314	89.17995	89.151	89.19405	88.8633	88.95735	88.99435	89.13245	88.81635	89.15375	89.2363	88.85115	89.12805	89.1692	89.17745	89.21	89.27915	89.1465	89.207	89.18855	89.7645	93.4473	93.42575	93.44275	93.45735	93.46115	93.45385	93.4272	93.46185	93.45505	93.44905	93.46715	93.44095	93.45575	93.4854	93.4386	93.4374	93.48105	93.44055	93.4532	93.44495	93.44235	93.39845	93.3939	93.00985	93.0145	92.9679	99.9793	99.98645	99.9706	99.9177	98.1342	98.8739	98.0656	99.99675	99.9966	99.942	99.9628	99.9609	99.9841	99.98495	98.2209	99.91805	99.98465	100	99.97235	98.29025	98.5374	99.96495	99.9647	99.95825	99.9615	81.61295	81.61355	81.66485	81.6362	88.5375	88.5424	88.524	88.5348	88.5809	88.512	88.5297	88.50895	88.51635	88.5513	88.52465	88.5112	88.5256	88.50575	88.5293	88.4774	88.53685	88.47095	88.52005	88.51685	88.5051	88.53875	88.5027	88.55655	88.5459	88.50585	88.5262	88.5323	88.52825	88.5045	89.7262	89.99635	94.12485	94.1247	89.77495	90.02355	89.77705	90.0147	90.01625	89.813	89.7664	94.15125	90.0377	94.13035	90.0247	94.0659
Rhizobium_leguminosarum_QUR0169	92.1999	92.24835	92.1754	92.1801	92.1943	92.222	92.2065	92.20775	92.2377	92.22465	92.2142	92.20345	92.09565	92.18715	92.18485	92.2748	92.2029	92.18375	92.1891	92.17465	92.21285	92.23785	92.24545	92.23985	92.2568	92.18645	91.0006	91.005	91.02265	90.98215	91.1152	91.04115	89.02955	89.2113	89.21995	89.2297	89.1773	89.2062	88.9777	88.8689	88.88225	88.7978	88.80845	89.2251	89.19695	89.18925	88.8903	89.21245	89.21655	89.2284	89.1798	89.14575	89.17435	89.1798	88.82895	88.80495	89.203	89.22595	89.18045	89.25275	89.20635	88.8365	88.85195	88.88015	89.1779	89.22305	88.8522	88.7994	89.17645	89.1869	88.7489	89.19485	89.17445	89.2195	89.1386	88.81575	88.877	89.15915	89.2042	88.8138	88.86755	89.1938	89.191	89.2194	89.1926	88.8544	89.2443	88.8078	89.1602	88.7952	88.8793	88.8465	88.82185	89.2027	89.1652	89.2422	89.1808	89.2189	88.8784	88.91305	88.97645	89.1744	88.82525	89.204	89.21345	88.861	89.1736	89.22315	89.1954	89.21995	89.30495	89.1911	89.2207	89.1649	89.815	93.4353	93.43475	93.42615	93.42225	93.42855	93.42735	93.43475	93.4442	93.43815	93.4202	93.43895	93.4373	93.4395	93.4432	93.41725	93.4324	93.4431	93.42895	93.43225	93.4184	93.42905	93.41025	93.42245	93.03205	93.0281	92.9895	99.9719	99.97065	99.9967	99.90415	98.15455	98.87385	98.05065	99.9723	99.9715	99.9447	99.95145	99.9442	99.97535	99.9771	98.2065	99.9125	99.9839	99.97235	100	98.2976	98.5402	99.95455	99.95295	99.9593	99.9578	81.62605	81.6675	81.6765	81.69255	88.56045	88.57545	88.5407	88.5468	88.54475	88.5106	88.55075	88.52335	88.512	88.54145	88.5282	88.51515	88.55285	88.5155	88.5489	88.41025	88.4967	88.4419	88.506	88.52275	88.5093	88.5079	88.53345	88.58865	88.5767	88.5394	88.5575	88.50255	88.54645	88.4107	89.79175	90.0813	94.07955	94.1482	89.86075	90.1698	89.76665	90.11685	90.1364	89.8102	89.7883	94.17235	90.16815	94.10275	90.1265	94.06405
Rhizobium_leguminosarum_QUR0177	92.21865	92.3163	92.221	92.21615	92.25605	92.25315	92.2093	92.2849	92.26815	92.2342	92.25055	92.18935	92.0817	92.2592	92.2092	92.30095	92.23005	92.2426	92.19615	92.25395	92.2298	92.2554	92.25365	92.27325	92.2865	92.2183	91.058	91.0778	91.03425	91.00465	91.12595	91.09665	88.90485	89.15875	89.1717	89.1841	89.17715	89.17415	88.91885	88.86015	88.8612	88.8834	88.90645	89.14955	89.16115	89.1492	88.857	89.22545	89.18965	89.15925	89.1915	89.19635	89.1978	89.18515	88.8461	88.87905	89.16055	89.1842	89.16005	89.19945	89.18705	88.8458	88.8473	88.9831	89.171	89.1215	88.89115	88.893	89.19495	89.17335	88.81835	89.1518	89.183	89.16535	89.10595	88.8272	88.85625	89.1806	89.15915	88.89835	88.8684	89.15735	89.1212	89.1992	89.16695	88.8559	89.16325	88.89665	89.15965	88.86855	88.8712	88.8461	88.91245	89.198	89.1674	89.16625	89.17585	89.1794	88.89905	88.95695	88.9257	89.1614	88.844	89.1596	89.1764	88.8304	89.10935	89.16325	89.20265	89.1606	89.254	89.1605	89.1487	89.1565	89.82885	93.4799	93.4601	93.47425	93.4495	93.46665	93.4767	93.4331	93.48885	93.46215	93.45995	93.4661	93.4712	93.4727	93.4745	93.47615	93.46815	93.47775	93.48665	93.4802	93.4765	93.46925	93.5036	93.52805	93.15585	93.1597	93.1004	98.28045	98.2798	98.3052	98.2773	98.27355	98.17865	98.2564	98.2741	98.2867	98.31065	98.26655	98.24355	98.2926	98.29345	98.24355	98.2898	98.2874	98.29025	98.2976	100	98.10335	98.2635	98.24405	98.2574	98.27345	81.71305	81.6967	81.71215	81.72925	88.6216	88.6047	88.6437	88.5821	88.59965	88.595	88.61795	88.5736	88.5933	88.58425	88.59475	88.61025	88.56675	88.6323	88.6595	88.47875	88.597	88.4583	88.588	88.62655	88.6187	88.6195	88.6121	88.61485	88.6132	88.622	88.59525	88.595	88.5819	88.49665	89.83825	90.05945	94.08245	94.0429	89.9086	90.061	89.83655	90.10935	90.07355	89.8894	89.8678	94.1017	90.0902	94.07545	90.07775	94.0067
Rhizobium_leguminosarum_QUR0186	92.1982	92.21835	92.1351	92.115	92.14795	92.1552	92.1483	92.2296	92.21365	92.18025	92.10285	92.15245	92.0331	92.2058	92.1467	92.25235	92.15705	92.14555	92.1536	92.17865	92.1803	92.19795	92.1892	92.22525	92.2159	92.1499	90.9976	91.038	90.98675	90.9505	91.10445	91.03235	88.8697	89.1153	89.14395	89.1051	89.14685	89.1313	88.93535	88.7708	88.79415	88.8048	88.8204	89.1197	89.0988	89.1482	88.8409	89.168	89.0984	89.1211	89.0723	89.0745	89.15315	89.11495	88.7933	88.78465	89.1121	89.12285	89.09875	89.14705	89.11605	88.8133	88.8027	88.918	89.1061	89.146	88.8063	88.79565	89.12075	89.13275	88.70765	89.0866	89.1101	89.1088	89.09985	88.7699	88.8348	89.1207	89.1112	88.72745	88.77875	89.12395	89.10355	89.0951	89.0998	88.82155	89.1157	88.80645	89.0902	88.77925	88.87435	88.7895	88.82585	89.12315	89.06925	89.10255	89.14195	89.13365	88.9171	88.89455	88.9171	89.10585	88.7419	89.0719	89.10005	88.80485	89.09475	89.1019	89.1114	89.1382	89.2209	89.0714	89.13735	89.1026	89.71505	93.4094	93.3979	93.40245	93.44385	93.4167	93.4274	93.42555	93.4118	93.4273	93.42175	93.43295	93.4282	93.41625	93.4209	93.41735	93.39765	93.413	93.40335	93.4042	93.4179	93.41945	93.3838	93.4054	92.98525	93.00105	92.96665	98.56525	98.5296	98.5308	98.55125	97.9691	99.38755	97.92905	98.5329	98.54245	98.5141	98.5466	98.5271	98.5498	98.54195	98.07485	98.569	98.55265	98.5374	98.5402	98.10335	100	98.53795	98.5216	98.54355	98.54335	81.70375	81.70545	81.71625	81.6994	88.47295	88.45405	88.44375	88.4641	88.4382	88.42845	88.44665	88.43335	88.446	88.44025	88.44115	88.43515	88.4851	88.42445	88.47835	88.32485	88.4063	88.2827	88.4351	88.43545	88.41515	88.4377	88.4388	88.48845	88.4649	88.4573	88.47245	88.4512	88.48085	88.33855	89.8384	89.9992	94.0447	94.08025	89.8332	90.01795	89.7766	90.02845	89.9865	89.8302	89.8084	94.092	90.02865	94.0426	89.98285	93.9895
Rhizobium_leguminosarum_QUR0210	92.22195	92.24805	92.1918	92.1639	92.1833	92.23225	92.18365	92.25765	92.2155	92.2401	92.2011	92.20025	92.0761	92.11735	92.1883	92.2395	92.2103	92.1706	92.17075	92.23605	92.21585	92.23355	92.23015	92.2341	92.26495	92.1618	90.99335	91.0394	90.99985	90.99565	91.1219	91.04615	89.04475	89.226	89.17815	89.2399	89.1733	89.18645	88.9662	88.8716	88.89525	88.86705	88.844	89.19975	89.2078	89.1945	88.9075	89.2345	89.2178	89.16415	89.1908	89.1748	89.19175	89.1784	88.8812	88.8434	89.1864	89.1922	89.2112	89.18825	89.1723	88.90155	88.87825	88.876	89.2016	89.1898	88.83665	88.85605	89.19605	89.2296	88.7864	89.1927	89.1784	89.21775	89.1449	88.8491	88.8913	89.17165	89.19955	88.844	88.88595	89.1957	89.1873	89.22345	89.19935	88.91365	89.2287	88.82785	89.1756	88.82845	88.9053	88.82605	88.8391	89.18955	89.1791	89.21255	89.17015	89.2455	88.9401	88.96515	89.0442	89.19935	88.8488	89.19805	89.2513	88.85805	89.17525	89.2075	89.20745	89.23625	89.3038	89.19935	89.2135	89.21765	89.7819	93.42825	93.39215	93.41245	93.41845	93.42235	93.4269	93.38805	93.4258	93.40645	93.413	93.41045	93.41045	93.3946	93.4269	93.4316	93.38865	93.4257	93.4019	93.42195	93.406	93.41655	93.3761	93.3802	92.99545	93.03205	93.00145	99.96195	99.9671	99.9593	99.90995	98.14365	98.81835	98.0937	99.97015	99.96455	99.939	99.9972	99.99735	99.96555	99.9668	98.15595	99.91955	99.9725	99.96495	99.95455	98.2635	98.53795	100	99.99655	99.99625	99.99645	81.59375	81.62465	81.6895	81.6565	88.59765	88.53375	88.5491	88.5459	88.5614	88.5287	88.55455	88.5272	88.536	88.5726	88.52775	88.52885	88.5262	88.54155	88.6007	88.52495	88.5333	88.47215	88.53305	88.5474	88.54235	88.5346	88.52525	88.57515	88.57715	88.54725	88.52395	88.53645	88.54065	88.5217	89.7897	90.08325	94.1196	94.1032	89.83385	90.1222	89.7783	90.12985	90.1268	89.79215	89.81405	94.14435	90.13645	94.1276	90.1091	94.0682
Rhizobium_leguminosarum_QUR0211	92.20965	92.2662	92.1772	92.1497	92.1542	92.2435	92.21045	92.2174	92.2471	92.23125	92.2052	92.20465	92.09335	92.13645	92.1811	92.2144	92.201	92.1797	92.2166	92.20095	92.22105	92.21275	92.24055	92.23195	92.26265	92.17445	91.0172	91.0316	91.04445	90.94345	91.1024	91.0176	89.0269	89.1698	89.1249	89.1967	89.15945	89.1396	88.9256	88.8504	88.83415	88.8108	88.8487	89.1587	89.14305	89.1814	88.84925	89.16915	89.1703	89.1123	89.1858	89.1343	89.16505	89.15055	88.87	88.8423	89.14625	89.151	89.15785	89.16005	89.14815	88.8606	88.8465	88.84805	89.19125	89.1519	88.84045	88.86	89.13315	89.1634	88.72035	89.14945	89.1258	89.1348	89.09735	88.81105	88.84415	89.12865	89.15285	88.82785	88.86685	89.1277	89.11255	89.1707	89.12995	88.8487	89.1545	88.81185	89.14815	88.8223	88.8661	88.80985	88.86055	89.1326	89.12785	89.19145	89.16125	89.19855	88.90345	88.9327	88.93205	89.13465	88.85665	89.14015	89.1896	88.8548	89.10775	89.19015	89.17075	89.22565	89.28895	89.1464	89.16665	89.166	89.77945	93.4018	93.3965	93.40125	93.4049	93.4088	93.3963	93.38275	93.4279	93.40665	93.40265	93.4178	93.4171	93.43255	93.4219	93.376	93.39695	93.42545	93.40655	93.4018	93.4316	93.39035	93.38805	93.3712	92.98495	92.9968	92.96655	99.94625	99.9608	99.9538	99.91515	98.16365	98.8174	98.0724	99.9647	99.96745	99.91435	99.99555	99.99635	99.95815	99.9593	98.1519	99.9164	99.9701	99.9647	99.95295	98.24405	98.5216	99.99655	100	99.99535	99.99585	81.66115	81.6702	81.7093	81.67525	88.54445	88.4964	88.49695	88.52385	88.5261	88.496	88.5121	88.46985	88.476	88.5261	88.46415	88.4724	88.5035	88.5005	88.5277	88.47345	88.49275	88.4526	88.51945	88.5203	88.5124	88.5165	88.52255	88.54115	88.52785	88.50795	88.5171	88.5071	88.5149	88.48145	89.82465	90.09435	94.12835	94.07825	89.7801	90.1238	89.7866	90.0972	90.0815	89.7944	89.7963	94.1437	90.1343	94.13625	90.0998	94.0881
Rhizobium_leguminosarum_QUR0213	92.208	92.295	92.18425	92.1603	92.1969	92.2235	92.19205	92.2404	92.24475	92.21275	92.2075	92.1922	92.08065	92.1543	92.18275	92.26655	92.19745	92.18335	92.1748	92.21665	92.21435	92.2386	92.22865	92.2363	92.2486	92.1764	91.025	91.05525	91.00135	91.00885	91.10495	91.05325	89.05075	89.2202	89.191	89.2149	89.19985	89.1973	88.96675	88.8785	88.87215	88.8506	88.82965	89.2056	89.16535	89.1866	88.855	89.25375	89.20095	89.1979	89.21725	89.1819	89.21015	89.2182	88.86105	88.79075	89.21335	89.2173	89.20855	89.2466	89.18005	88.86965	88.862	88.93635	89.24365	89.19135	88.8583	88.79605	89.20135	89.2114	88.777	89.19315	89.1914	89.20145	89.1966	88.87155	88.86765	89.2251	89.17215	88.8575	88.8724	89.2179	89.15745	89.2078	89.2026	88.91515	89.24015	88.82975	89.20855	88.8209	88.87935	88.868	88.87405	89.2186	89.17605	89.21275	89.1683	89.2467	88.9154	88.94085	89.0008	89.19565	88.85165	89.20515	89.2383	88.85695	89.1621	89.20295	89.19375	89.24605	89.32685	89.1838	89.20615	89.1981	89.80005	93.4407	93.3929	93.43495	93.4374	93.39415	93.4346	93.4064	93.4552	93.4098	93.434	93.4294	93.3971	93.4074	93.4147	93.43145	93.40115	93.41555	93.42385	93.44805	93.41185	93.4247	93.4001	93.39275	93.02035	93.0389	93.0185	99.9612	99.96355	99.95725	99.9112	98.14605	98.8411	98.09395	99.96225	99.97015	99.93265	99.99655	99.9967	99.96675	99.96285	98.1652	99.9105	99.97045	99.95825	99.9593	98.2574	98.54355	99.99625	99.99535	100	99.99655	81.5879	81.623	81.6519	81.5969	88.58555	88.5527	88.5317	88.57635	88.58	88.5359	88.5444	88.5514	88.53495	88.56645	88.55125	88.53905	88.56585	88.52365	88.5837	88.49125	88.5436	88.49315	88.5385	88.5217	88.53035	88.56135	88.51655	88.5602	88.58445	88.5434	88.53835	88.54305	88.5531	88.51325	89.85225	90.1392	94.1611	94.15185	89.83085	90.152	89.7862	90.15385	90.1539	89.8077	89.84	94.15415	90.14905	94.1674	90.1582	94.0951
Rhizobium_leguminosarum_QUR0214	92.19515	92.26575	92.1665	92.16375	92.1752	92.2192	92.1906	92.2438	92.2324	92.2179	92.18625	92.2061	92.0639	92.12105	92.18625	92.2474	92.19285	92.1821	92.1862	92.2192	92.2015	92.2307	92.21405	92.21605	92.23855	92.15985	91.0444	91.0243	91.03515	90.97535	91.095	91.06315	89.03705	89.21785	89.16585	89.22085	89.1862	89.19835	88.9555	88.87075	88.86205	88.8293	88.82805	89.20645	89.20565	89.1997	88.8642	89.22045	89.1676	89.1955	89.2337	89.17525	89.21975	89.23455	88.84655	88.8094	89.19285	89.1949	89.1993	89.2132	89.1895	88.89055	88.835	88.91585	89.2348	89.18835	88.86195	88.81075	89.21945	89.2035	88.76495	89.19115	89.19215	89.178	89.17185	88.83785	88.87695	89.19515	89.1973	88.8437	88.87865	89.1924	89.1749	89.1775	89.2031	88.9242	89.23855	88.83715	89.17335	88.80565	88.89355	88.85375	88.8841	89.21715	89.17065	89.2329	89.1633	89.23225	88.9142	88.9245	88.99565	89.18005	88.85805	89.19625	89.2241	88.83685	89.1577	89.21075	89.2137	89.2322	89.3443	89.179	89.2247	89.2235	89.7914	93.43665	93.38705	93.4311	93.43535	93.40545	93.44855	93.4095	93.4418	93.4248	93.42365	93.4234	93.4089	93.41125	93.41065	93.43565	93.41295	93.4335	93.4192	93.4482	93.44725	93.42235	93.3934	93.38115	93.0169	93.03675	93.01325	99.96485	99.96355	99.95725	99.90665	98.14335	98.84065	98.11165	99.9651	99.9686	99.9342	99.99665	99.9957	99.9633	99.9605	98.15835	99.9089	99.96905	99.9615	99.9578	98.27345	98.54335	99.99645	99.99585	99.99655	100	81.6105	81.6387	81.66055	81.63185	88.61525	88.546	88.5343	88.56705	88.56475	88.5469	88.54265	88.5533	88.5656	88.5752	88.56075	88.53795	88.5502	88.54735	88.61845	88.45735	88.55305	88.49155	88.54925	88.54515	88.55185	88.5812	88.5533	88.58525	88.5882	88.5527	88.5437	88.5325	88.55195	88.54085	89.8289	90.1569	94.1451	94.1344	89.84115	90.13165	89.80405	90.14125	90.1442	89.8037	89.81515	94.1437	90.13775	94.12745	90.1576	94.0939
Rhizobium_mongolense_QUR0056	81.83075	81.84565	81.8231	81.7787	81.7982	81.81815	81.84425	81.804	81.86215	81.86425	81.8545	81.8451	81.87195	81.75415	81.7716	81.76815	81.83645	81.8085	81.85075	81.7765	81.7835	81.83845	81.863	81.81855	81.81415	81.7908	81.72915	81.7615	81.6994	81.7435	81.7539	81.7974	81.715	81.6148	81.57025	81.58045	81.6048	81.6069	81.7291	81.6736	81.5999	81.54795	81.5906	81.5514	81.6313	81.59025	81.55945	81.5649	81.5537	81.6005	81.53685	81.5618	81.5512	81.61345	81.5496	81.5845	81.566	81.54095	81.5694	81.524	81.58705	81.5665	81.55925	81.74485	81.56095	81.54305	81.5217	81.5506	81.5749	81.54345	81.58695	81.58095	81.61255	81.5388	81.6031	81.72645	81.6111	81.5963	81.5727	81.56615	81.66535	81.57805	81.50565	81.5579	81.53085	81.59505	81.598	81.5994	81.5146	81.95795	81.5663	81.73685	81.5396	81.5435	81.60365	81.56365	81.5925	81.65	81.6371	81.71165	81.75085	81.59025	81.703	81.5393	81.57	81.56135	81.5493	81.55095	81.5449	81.4856	81.57975	81.57125	81.56625	81.5446	81.4438	81.7889	81.7594	81.79615	81.8106	81.79025	81.76645	81.7805	81.77795	81.79345	81.7886	81.80405	81.8082	81.82165	81.78345	81.77525	81.74485	81.7797	81.7903	81.79625	81.8179	81.79615	81.6871	81.70075	81.81655	81.83715	81.80745	81.6283	81.64405	81.61865	81.6934	81.65	81.61675	81.70315	81.6362	81.60215	81.63025	81.5979	81.64105	81.62345	81.63705	81.7567	81.6865	81.6398	81.61295	81.62605	81.71305	81.70375	81.59375	81.66115	81.5879	81.6105	100	99.99275	99.9909	99.9901	81.55475	81.5623	81.55105	81.4989	81.5209	81.5087	81.5355	81.57285	81.5811	81.51885	81.58845	81.55685	81.5613	81.49575	81.56765	81.45425	81.5533	81.45085	81.53355	81.50245	81.5181	81.5205	81.5214	81.5395	81.53965	81.5007	81.5355	81.5543	81.57965	81.49365	81.60465	81.7129	81.7615	81.80015	81.60765	81.7076	81.57795	81.7563	81.6674	81.58805	81.63255	81.7968	81.71735	81.7751	81.70105	81.7813
Rhizobium_mongolense_QUR0080	81.83185	81.80615	81.79365	81.77	81.79315	81.82495	81.8449	81.8247	81.8488	81.8474	81.8481	81.81175	81.8291	81.7772	81.7491	81.7566	81.8634	81.8015	81.8498	81.77165	81.798	81.82895	81.8582	81.83415	81.7665	81.7823	81.7317	81.75825	81.7263	81.7471	81.7601	81.8028	81.7329	81.62515	81.57485	81.58795	81.62415	81.62685	81.72175	81.68925	81.62245	81.56935	81.606	81.56385	81.6247	81.6083	81.58535	81.5648	81.56155	81.5832	81.5553	81.5494	81.5658	81.61725	81.5806	81.6035	81.59595	81.55765	81.5913	81.53545	81.60815	81.59085	81.5753	81.76785	81.57345	81.5798	81.54965	81.5587	81.56075	81.55465	81.6084	81.5912	81.642	81.5493	81.60645	81.74575	81.6367	81.61165	81.57025	81.58475	81.69995	81.6043	81.5324	81.57255	81.52625	81.59955	81.6112	81.63725	81.5412	82.0023	81.59365	81.77615	81.51305	81.5283	81.6258	81.5659	81.58445	81.67545	81.66655	81.7709	81.79905	81.594	81.70385	81.5775	81.5627	81.579	81.544	81.55045	81.5768	81.51695	81.578	81.592	81.5582	81.5627	81.4445	81.7986	81.78075	81.78975	81.8049	81.77695	81.76885	81.7809	81.7846	81.7791	81.7853	81.7844	81.80225	81.8091	81.7818	81.77035	81.75005	81.78695	81.78465	81.8061	81.79585	81.79235	81.66415	81.6821	81.82655	81.8658	81.8056	81.6483	81.68935	81.6564	81.7044	81.63985	81.6661	81.71125	81.66005	81.63755	81.67215	81.6328	81.68655	81.6398	81.64535	81.7646	81.6991	81.65715	81.61355	81.6675	81.6967	81.70545	81.62465	81.6702	81.623	81.6387	99.99275	100	99.9916	99.9933	81.55245	81.57285	81.56035	81.50995	81.51715	81.49075	81.54285	81.54235	81.5493	81.5072	81.54285	81.5382	81.545	81.48085	81.56215	81.46975	81.5363	81.4494	81.50715	81.48485	81.48445	81.5018	81.5048	81.52365	81.50825	81.49885	81.53505	81.532	81.527	81.50035	81.6172	81.70875	81.75955	81.82255	81.64445	81.7091	81.6083	81.7573	81.6804	81.6111	81.66695	81.86185	81.7155	81.78015	81.70075	81.80085
Rhizobium_mongolense_QUR0164	81.8985	81.8594	81.87335	81.8103	81.8426	81.8795	81.8595	81.8346	81.89315	81.9132	81.87795	81.8685	81.8735	81.8128	81.7977	81.7969	81.88935	81.8531	81.8642	81.83085	81.8594	81.88285	81.88995	81.8593	81.8605	81.86465	81.74725	81.7542	81.7333	81.79355	81.7695	81.7644	81.68365	81.5617	81.51825	81.548	81.55065	81.5876	81.6985	81.7172	81.6628	81.5486	81.6151	81.517	81.5768	81.55055	81.58365	81.53315	81.5498	81.5355	81.48125	81.5085	81.54245	81.57685	81.5952	81.6137	81.54415	81.558	81.553	81.57525	81.572	81.6438	81.5673	81.75595	81.56475	81.57315	81.5542	81.5797	81.50305	81.55975	81.63115	81.5165	81.60135	81.5169	81.57045	81.7271	81.6292	81.5779	81.47505	81.5772	81.719	81.54525	81.51095	81.5553	81.544	81.6454	81.553	81.6429	81.55735	81.9583	81.61665	81.742	81.55225	81.479	81.56225	81.564	81.50485	81.65445	81.6681	81.7476	81.7648	81.54825	81.70015	81.549	81.52055	81.5814	81.56055	81.5078	81.5215	81.48455	81.52	81.517	81.47825	81.49295	81.46495	81.75685	81.74685	81.7822	81.776	81.79175	81.74775	81.7555	81.7309	81.74915	81.7317	81.7373	81.7628	81.7579	81.7984	81.7683	81.7218	81.7969	81.7424	81.74235	81.76535	81.75825	81.683	81.67735	81.8673	81.8556	81.85545	81.6656	81.69525	81.6524	81.7819	81.6765	81.6576	81.6813	81.71935	81.67295	81.69655	81.6477	81.7375	81.68615	81.6428	81.75405	81.74475	81.6843	81.66485	81.6765	81.71215	81.71625	81.6895	81.7093	81.6519	81.66055	99.9909	99.9916	100	99.99195	81.58925	81.54555	81.5756	81.53315	81.50645	81.51795	81.52955	81.5356	81.57125	81.5066	81.55575	81.555	81.51785	81.5226	81.61315	81.48925	81.55265	81.4783	81.54355	81.51495	81.5329	81.5556	81.5334	81.52	81.51365	81.5531	81.533	81.52565	81.52355	81.4866	81.63885	81.758	81.7728	81.8548	81.7143	81.72405	81.63685	81.75955	81.75815	81.65515	81.6393	81.82525	81.7255	81.81125	81.8014	81.81955
Rhizobium_mongolense_QUR0187	81.85585	81.82025	81.85205	81.8234	81.8464	81.8513	81.8613	81.8095	81.87195	81.85775	81.896	81.81015	81.8529	82.0089	81.78685	81.78935	81.89015	81.8429	81.82225	81.79575	81.8239	81.8685	81.89265	81.8464	81.82335	81.80565	81.69075	81.75225	81.70475	81.7379	81.7533	81.77155	81.7314	81.57045	81.52055	81.5339	81.56015	81.5521	81.6184	81.6927	81.83745	81.5459	81.59175	81.5465	81.57575	81.56325	81.5697	81.50755	81.5548	81.5135	81.4885	81.5084	81.5244	81.53215	81.5493	81.82415	81.5387	81.51985	81.5779	81.50535	81.5365	81.63385	81.77235	81.7443	81.48255	81.5606	81.54975	81.58785	81.48935	81.4924	81.83955	81.5592	81.5696	81.5125	81.54975	81.9517	81.5805	81.5299	81.49725	81.5849	81.70645	81.56085	81.51045	81.56205	81.52225	81.59355	81.69955	81.6164	81.4824	82.2602	81.56815	81.91465	81.52425	81.4813	81.5069	81.5545	81.51265	81.6062	81.71995	81.7143	81.71975	81.55195	81.9093	81.5266	81.5322	81.76215	81.4995	81.507	81.51865	81.4841	81.58405	81.53035	81.50495	81.5205	81.4656	81.7541	81.72055	81.7852	81.7442	81.76115	81.7406	81.7422	81.73545	81.72765	81.7434	81.7545	81.75235	81.746	81.7865	81.74215	81.69815	81.7787	81.7261	81.7396	81.75815	81.734	81.6795	81.6754	81.8036	81.8637	81.8015	81.6407	81.69915	81.6487	81.7604	81.65775	81.6745	81.70065	81.7117	81.63735	81.6837	81.60985	81.6631	81.63155	81.62125	81.7476	81.7128	81.6595	81.6362	81.69255	81.72925	81.6994	81.6565	81.67525	81.5969	81.63185	99.9901	99.9933	99.99195	100	81.56285	81.5486	81.59945	81.5331	81.5365	81.5295	81.51965	81.57335	81.58	81.52005	81.5744	81.57405	81.53035	81.5324	81.58295	81.4949	81.6161	81.49005	81.54925	81.53165	81.54005	81.556	81.54875	81.5199	81.51325	81.54175	81.5084	81.5418	81.5215	81.54415	81.61165	81.71705	81.75685	81.7763	81.68775	81.6937	81.59305	81.79215	81.72185	81.65595	81.63255	81.7579	81.70685	81.75005	81.7531	81.79215
Rhizobium_sophoriradicis_QUR0001	88.65885	88.76485	88.9878	88.9513	89.00035	89.02525	88.68365	88.6967	88.72335	88.70705	88.7029	88.7143	88.8419	88.97665	88.97665	88.8045	88.70665	88.9356	88.71185	88.67765	88.72855	88.75405	88.7347	88.7194	88.71005	88.9096	89.32135	89.31035	89.34935	89.2445	89.32125	89.4135	93.69225	93.66615	93.66065	93.65945	93.69005	93.77285	93.78325	93.95505	93.72435	93.7121	93.7254	93.67835	93.662	93.68675	93.71235	93.77955	93.6975	93.64595	93.66805	93.63545	93.6636	93.7462	93.7243	93.94035	93.7425	93.70035	93.7211	93.80215	93.6619	93.68415	93.6918	93.7681	93.7491	93.7659	93.7133	93.7209	93.6573	93.79225	93.7094	93.66895	93.7306	93.72425	93.7149	93.91905	93.6665	93.6957	93.68255	93.6885	93.9397	93.74665	93.77515	93.69895	93.61315	93.70845	93.705	93.708	93.78215	93.64055	93.7263	93.88805	93.6912	93.62525	93.7283	93.65255	93.6459	93.757	93.8036	93.76695	93.7886	93.7418	93.93515	93.7571	93.8013	93.74865	93.7232	93.6661	93.6471	93.771	93.6902	93.6756	93.66955	93.66055	88.8299	88.6889	88.6841	88.7165	88.72195	88.6828	88.6844	88.6881	88.6791	88.6816	88.6824	88.71135	88.6863	88.6968	88.69865	88.70635	88.7138	88.6869	88.69615	88.7084	88.6767	88.69495	88.70715	88.72335	88.62815	88.6094	88.6018	88.5782	88.5783	88.52405	88.55485	88.74245	88.46115	88.5427	88.52975	88.5451	88.57155	88.6285	88.5287	88.58205	88.55515	88.6178	88.569	88.6337	88.5375	88.56045	88.6216	88.47295	88.59765	88.54445	88.58555	88.61525	81.55475	81.55245	81.58925	81.56285	100	99.9871	99.98875	99.98815	99.99105	99.9887	99.98815	99.9877	99.9882	99.9902	99.9899	99.98865	99.98825	99.98795	99.9883	99.043	99.9873	98.9659	99.9878	99.988	99.9902	99.9904	99.9894	99.98885	99.9856	99.98725	99.98655	99.9891	99.9893	99.026	89.8898	89.82725	88.76265	88.7865	89.94735	89.8109	89.85935	89.8331	89.88865	89.894	89.8864	88.77565	89.81985	88.75055	89.8597	88.69705
Rhizobium_sophoriradicis_QUR0002	88.67035	88.8529	88.97915	88.92465	88.9638	88.9951	88.647	88.67445	88.7272	88.67315	88.64655	88.6566	88.7939	88.98555	88.9962	88.76455	88.65065	88.91865	88.68775	88.6915	88.65975	88.7145	88.70405	88.7315	88.6969	88.9086	89.32665	89.28105	89.3077	89.2063	89.35675	89.38395	93.6864	93.6685	93.68	93.64985	93.6633	93.7363	93.7627	93.92175	93.70275	93.724	93.73415	93.64815	93.672	93.64575	93.7148	93.7817	93.7441	93.6729	93.67035	93.646	93.6774	93.7324	93.7361	93.9508	93.76205	93.75265	93.73265	93.8132	93.65665	93.7147	93.7169	93.74915	93.74415	93.7678	93.7252	93.72795	93.69005	93.8182	93.72585	93.64485	93.7308	93.73625	93.7275	93.9288	93.70875	93.68725	93.67335	93.71045	93.9195	93.7797	93.7647	93.7292	93.65225	93.70115	93.74775	93.73255	93.78275	93.66485	93.71415	93.9034	93.7267	93.66985	93.73275	93.6595	93.6949	93.7295	93.834	93.75065	93.77165	93.757	93.94955	93.75145	93.8075	93.71125	93.70025	93.6654	93.6621	93.77765	93.67725	93.702	93.65845	93.64815	88.77145	88.6626	88.6233	88.67095	88.70195	88.6699	88.6631	88.6286	88.66515	88.67505	88.6805	88.67175	88.65985	88.6611	88.68105	88.63685	88.66705	88.67205	88.6634	88.69115	88.67655	88.6722	88.65445	88.6684	88.598	88.58215	88.5758	88.57765	88.55575	88.5639	88.56255	88.7315	88.4332	88.52615	88.51915	88.5316	88.50665	88.55105	88.5193	88.55425	88.52145	88.5954	88.53755	88.56985	88.5424	88.57545	88.6047	88.45405	88.53375	88.4964	88.5527	88.546	81.5623	81.57285	81.54555	81.5486	99.9871	100	99.98755	99.99095	99.9894	99.98835	99.9903	99.9893	99.9884	99.99075	99.99075	99.99025	99.9919	99.9879	99.987	99.04855	99.99035	98.99665	99.9889	99.9877	99.9909	99.9901	99.99115	99.99085	99.99215	99.9901	99.98805	99.9916	99.9922	99.03485	89.91915	89.77805	88.7327	88.714	89.96275	89.82565	89.87745	89.8433	89.8342	89.92495	89.8979	88.75715	89.82325	88.76445	89.8401	88.6716
Rhizobium_sophoriradicis_QUR0003	88.65	88.81515	88.9477	88.97205	88.9718	89.01165	88.6532	88.7019	88.7054	88.68825	88.65545	88.6636	88.7809	88.97855	89.0157	88.7724	88.65615	88.9424	88.6724	88.6866	88.6872	88.69495	88.69645	88.71485	88.68585	88.90035	89.34015	89.3441	89.3011	89.2241	89.34965	89.39575	93.6639	93.6805	93.68175	93.63765	93.67	93.77055	93.75	93.9586	93.73005	93.7028	93.71675	93.6809	93.6688	93.6578	93.7194	93.7893	93.74055	93.67945	93.64015	93.66625	93.66665	93.75855	93.7268	93.91495	93.75925	93.7393	93.72465	93.817	93.6615	93.69115	93.6944	93.77485	93.77265	93.7854	93.7008	93.7099	93.69535	93.81175	93.71935	93.6611	93.71375	93.75045	93.7275	93.92175	93.6946	93.6785	93.6907	93.69325	93.9352	93.7532	93.7553	93.73865	93.63915	93.71125	93.73295	93.6996	93.79835	93.6201	93.6978	93.89965	93.68535	93.6724	93.7402	93.6707	93.70435	93.7398	93.78455	93.7351	93.7665	93.74355	93.9652	93.75895	93.77285	93.74395	93.71675	93.6948	93.6539	93.8069	93.67615	93.67955	93.666	93.65675	88.7883	88.70065	88.65215	88.69075	88.713	88.6708	88.63445	88.66775	88.6732	88.68995	88.69625	88.68755	88.69545	88.66235	88.67635	88.6626	88.66495	88.65625	88.6923	88.702	88.69465	88.69865	88.64805	88.6485	88.58835	88.5513	88.5329	88.56425	88.53235	88.5017	88.5187	88.7281	88.46425	88.5175	88.51735	88.5272	88.5432	88.5389	88.49315	88.48825	88.53285	88.60205	88.50575	88.533	88.524	88.5407	88.6437	88.44375	88.5491	88.49695	88.5317	88.5343	81.55105	81.56035	81.5756	81.59945	99.98875	99.98755	100	99.988	99.99145	99.9874	99.9895	99.98795	99.99085	99.9912	99.9895	99.98995	99.98875	99.9898	99.98965	99.03615	99.9903	98.98255	99.9874	99.9898	99.99145	99.9902	99.9899	99.98855	99.9874	99.98935	99.98565	99.9881	99.98865	99.03055	89.89535	89.8077	88.7108	88.7043	89.95705	89.83105	89.889	89.83195	89.85245	89.9043	89.896	88.72275	89.8266	88.73935	89.8453	88.69445
Rhizobium_sophoriradicis_QUR0005	88.65195	88.82185	88.94565	88.8916	88.9569	89.0092	88.6661	88.67015	88.7555	88.66845	88.6812	88.66065	88.78625	88.9578	88.94595	88.79145	88.6441	88.9081	88.6951	88.6582	88.64285	88.7195	88.689	88.773	88.73345	88.87945	89.2818	89.31565	89.29355	89.2049	89.34395	89.3998	93.6808	93.677	93.6859	93.6522	93.678	93.72645	93.7766	93.94365	93.71975	93.69925	93.72085	93.64895	93.69075	93.6697	93.7462	93.79035	93.7059	93.6874	93.666	93.67675	93.6502	93.7286	93.75625	93.9423	93.7472	93.72215	93.70835	93.8401	93.67415	93.69725	93.7391	93.7593	93.7217	93.7582	93.7108	93.7217	93.66955	93.7829	93.7171	93.63915	93.7435	93.7357	93.7058	93.9389	93.74495	93.683	93.70245	93.6863	93.9392	93.7381	93.7716	93.70395	93.6181	93.70185	93.6959	93.7459	93.8069	93.65105	93.7215	93.88695	93.7102	93.66715	93.73715	93.665	93.65225	93.7243	93.80635	93.77665	93.7668	93.74	93.93425	93.75605	93.8141	93.7555	93.68495	93.6932	93.6382	93.79275	93.7045	93.67385	93.66995	93.70595	88.8168	88.66665	88.6444	88.64855	88.6533	88.67575	88.64785	88.6466	88.63965	88.6301	88.64685	88.67865	88.6495	88.6632	88.67135	88.64285	88.6768	88.6603	88.64725	88.6753	88.6439	88.66055	88.66715	88.67305	88.59095	88.58695	88.59885	88.58775	88.6185	88.54545	88.56445	88.7233	88.43685	88.5491	88.5471	88.56715	88.5637	88.57385	88.5263	88.53055	88.55575	88.63395	88.5508	88.543	88.5348	88.5468	88.5821	88.4641	88.5459	88.52385	88.57635	88.56705	81.4989	81.50995	81.53315	81.5331	99.98815	99.99095	99.988	100	99.9903	99.99055	99.9901	99.98995	99.9888	99.99095	99.99155	99.99045	99.9906	99.98875	99.98755	99.05135	99.9908	98.9957	99.9912	99.9883	99.99035	99.99255	99.99325	99.9909	99.9914	99.9908	99.98905	99.99295	99.9926	99.07155	89.87415	89.83225	88.73595	88.70275	89.93175	89.83045	89.86825	89.8142	89.8408	89.90665	89.86655	88.7309	89.82975	88.7678	89.8295	88.6748
Rhizobium_sophoriradicis_QUR0006	88.7169	88.79135	89.0032	88.95615	88.99205	89.01845	88.6825	88.6959	88.75215	88.73945	88.70065	88.7133	88.81175	89.00515	88.99535	88.7918	88.6857	88.94315	88.71205	88.6537	88.6869	88.77065	88.73785	88.693	88.73615	88.9121	89.3079	89.2532	89.28795	89.24365	89.32325	89.33755	93.69315	93.66955	93.67785	93.61965	93.6734	93.75965	93.7552	93.9299	93.72105	93.7324	93.7544	93.6499	93.65965	93.6643	93.7315	93.7843	93.72715	93.66075	93.6294	93.65095	93.6659	93.7602	93.72045	93.9476	93.7804	93.7634	93.73665	93.79335	93.65195	93.69175	93.71205	93.76215	93.77875	93.77515	93.7205	93.74135	93.68	93.792	93.6998	93.6586	93.7231	93.7524	93.7414	93.9168	93.68555	93.67715	93.6678	93.72965	93.9264	93.7538	93.76715	93.7396	93.624	93.7196	93.73785	93.7208	93.80485	93.63015	93.72395	93.92725	93.73435	93.6451	93.73175	93.67355	93.67425	93.7598	93.8196	93.73405	93.7459	93.7384	93.9271	93.772	93.7729	93.73595	93.72655	93.67035	93.67845	93.7634	93.70655	93.6718	93.6521	93.6435	88.80605	88.713	88.69445	88.71485	88.72605	88.68395	88.65575	88.69405	88.69195	88.6897	88.692	88.6952	88.68145	88.68055	88.67685	88.6719	88.6822	88.6511	88.698	88.69575	88.6834	88.71805	88.693	88.71295	88.61735	88.6061	88.6211	88.60355	88.57035	88.54815	88.55075	88.74155	88.4689	88.5569	88.53475	88.5578	88.54485	88.5656	88.53415	88.5742	88.5474	88.59115	88.54325	88.5658	88.5809	88.54475	88.59965	88.4382	88.5614	88.5261	88.58	88.56475	81.5209	81.51715	81.50645	81.5365	99.99105	99.9894	99.99145	99.9903	100	99.99035	99.9935	99.98965	99.99025	99.9936	99.9906	99.9916	99.9897	99.99145	99.9919	99.0411	99.98845	98.97145	99.9897	99.9908	99.99325	99.99295	99.99265	99.98985	99.99005	99.9923	99.99005	99.9917	99.9908	99.0259	89.9014	89.81705	88.7382	88.7215	89.942	89.8687	89.84745	89.8556	89.8176	89.9318	89.92805	88.74345	89.8611	88.7854	89.83305	88.7408
Rhizobium_sophoriradicis_QUR0007	88.64405	88.82555	88.94315	88.8936	88.946	88.98865	88.65435	88.6662	88.7006	88.66385	88.63965	88.6465	88.77475	88.92385	88.9379	88.778	88.6464	88.87245	88.6732	88.651	88.63685	88.69575	88.67955	88.74015	88.69915	88.87855	89.30165	89.3041	89.3067	89.1991	89.3346	89.39995	93.69125	93.6639	93.659	93.64925	93.68715	93.7485	93.7773	93.9412	93.72625	93.69555	93.6999	93.6743	93.67415	93.6801	93.7317	93.80025	93.69845	93.67515	93.68295	93.6578	93.62525	93.73	93.75515	93.94025	93.7529	93.73315	93.73105	93.82845	93.66065	93.6874	93.7291	93.7596	93.74025	93.7642	93.703	93.7099	93.6652	93.7718	93.7073	93.6458	93.73985	93.72855	93.70345	93.9501	93.7077	93.70035	93.68085	93.68125	93.934	93.75335	93.7653	93.6986	93.6254	93.7168	93.70455	93.7177	93.81145	93.6362	93.7189	93.8836	93.69205	93.6589	93.74565	93.6405	93.6632	93.7245	93.78995	93.77165	93.7712	93.75515	93.93235	93.75805	93.81595	93.7703	93.7088	93.66375	93.6553	93.8039	93.70945	93.6801	93.65485	93.677	88.8097	88.6846	88.65935	88.68575	88.6665	88.66055	88.63155	88.6835	88.662	88.6184	88.66605	88.68085	88.6599	88.69475	88.67205	88.66755	88.6673	88.65645	88.66935	88.68015	88.6225	88.6875	88.6669	88.70465	88.61345	88.582	88.59175	88.54975	88.53795	88.5085	88.5431	88.725	88.42445	88.50565	88.512	88.54115	88.5192	88.54675	88.4897	88.50415	88.5088	88.63005	88.5243	88.5202	88.512	88.5106	88.595	88.42845	88.5287	88.496	88.5359	88.5469	81.5087	81.49075	81.51795	81.5295	99.9887	99.98835	99.9874	99.99055	99.99035	100	99.9901	99.989	99.98765	99.9914	99.99045	99.98975	99.9914	99.9903	99.9877	99.06345	99.98865	98.9839	99.99125	99.98945	99.9915	99.99235	99.99215	99.99005	99.98895	99.99065	99.99035	99.9911	99.9918	99.063	89.8622	89.8192	88.6868	88.71145	89.91875	89.8018	89.8693	89.80505	89.8276	89.90975	89.8586	88.7255	89.79295	88.75385	89.8193	88.66925
Rhizobium_sophoriradicis_QUR0009	88.68135	88.8476	88.97295	88.93545	88.9646	89.02575	88.6765	88.70395	88.73305	88.70045	88.68935	88.68235	88.8232	88.98585	88.9914	88.75325	88.6972	88.92155	88.7008	88.70025	88.6804	88.7374	88.70625	88.7477	88.70375	88.9078	89.33275	89.2939	89.2979	89.2185	89.3201	89.39575	93.6876	93.6924	93.6797	93.673	93.68795	93.74575	93.7462	93.91	93.71565	93.7145	93.72115	93.68525	93.6817	93.6846	93.7058	93.78495	93.743	93.6932	93.67625	93.66415	93.6745	93.74805	93.70795	93.94195	93.7854	93.7623	93.74335	93.80495	93.65875	93.68345	93.71545	93.7595	93.7519	93.7548	93.7127	93.7111	93.6833	93.80835	93.7124	93.6854	93.72485	93.73835	93.72745	93.915	93.69055	93.6724	93.6665	93.7005	93.9116	93.76725	93.75995	93.74335	93.63955	93.70365	93.7562	93.70935	93.7991	93.64665	93.7006	93.8972	93.7139	93.66905	93.72895	93.66785	93.7024	93.72365	93.82365	93.7254	93.75675	93.752	93.94455	93.7613	93.80215	93.7156	93.71695	93.67665	93.6567	93.7855	93.6954	93.67805	93.67875	93.666	88.7606	88.7238	88.71325	88.73755	88.744	88.70925	88.68095	88.7178	88.71575	88.70845	88.72085	88.71905	88.7227	88.72265	88.70385	88.69325	88.69125	88.6875	88.7205	88.7181	88.7075	88.73025	88.6772	88.71445	88.6078	88.5864	88.585	88.57625	88.5738	88.574	88.5362	88.73915	88.43895	88.5155	88.5307	88.52525	88.49395	88.56765	88.5162	88.55255	88.50705	88.57415	88.5468	88.52495	88.5297	88.55075	88.61795	88.44665	88.55455	88.5121	88.5444	88.54265	81.5355	81.54285	81.52955	81.51965	99.98815	99.9903	99.9895	99.9901	99.9935	99.9901	100	99.98955	99.99015	99.9936	99.99105	99.99195	99.9924	99.99115	99.98895	99.0476	99.9883	98.9816	99.991	99.9912	99.99385	99.99265	99.99245	99.99005	99.99135	99.9926	99.9904	99.99255	99.9928	99.0248	89.9126	89.79275	88.7362	88.7001	89.95165	89.84355	89.8795	89.8394	89.8343	89.9436	89.88595	88.74825	89.82285	88.7763	89.83195	88.6671
Rhizobium_sophoriradicis_QUR0052	88.65935	88.8007	88.9867	88.92535	89.02005	88.9881	88.6475	88.69085	88.7381	88.64615	88.6553	88.65855	88.7965	88.95145	88.97835	88.77465	88.65995	88.93785	88.6804	88.68205	88.64795	88.73835	88.67075	88.7619	88.7326	88.9128	89.31565	89.30575	89.33135	89.18685	89.318	89.3461	93.67575	93.7039	93.689	93.6616	93.6629	93.7729	93.7992	93.95615	93.72085	93.72365	93.75115	93.66715	93.6995	93.67725	93.74255	93.8106	93.7259	93.6904	93.6614	93.6694	93.686	93.73965	93.7241	93.9391	93.7724	93.73605	93.7281	93.8227	93.6741	93.672	93.69265	93.7791	93.74195	93.77655	93.7311	93.7345	93.69975	93.8005	93.73885	93.64305	93.7547	93.7419	93.72	93.9497	93.70865	93.70395	93.6996	93.70395	93.95645	93.76235	93.77145	93.7328	93.65115	93.67875	93.71915	93.74165	93.80415	93.674	93.70685	93.89375	93.7103	93.6745	93.73695	93.68735	93.7033	93.7401	93.79645	93.7831	93.7927	93.7533	93.93885	93.75095	93.80915	93.73095	93.7251	93.71565	93.66485	93.8145	93.69945	93.7081	93.67875	93.68045	88.80665	88.65135	88.5972	88.6517	88.6755	88.64915	88.6239	88.6289	88.64385	88.6613	88.69735	88.68245	88.6492	88.6646	88.67035	88.62125	88.66155	88.65255	88.64265	88.6671	88.6889	88.6581	88.6613	88.66405	88.5572	88.5383	88.5384	88.58735	88.5461	88.4757	88.48965	88.68885	88.4614	88.5224	88.5107	88.51265	88.4912	88.5624	88.4663	88.4995	88.47895	88.59365	88.5092	88.54045	88.50895	88.52335	88.5736	88.43335	88.5272	88.46985	88.5514	88.5533	81.57285	81.54235	81.5356	81.57335	99.9877	99.9893	99.98795	99.98995	99.98965	99.989	99.98955	100	99.9886	99.9906	99.99155	99.9908	99.9911	99.99005	99.98745	99.06485	99.9905	98.99685	99.9901	99.9898	99.99105	99.98995	99.99025	99.99025	99.9897	99.9889	99.9886	99.99115	99.99095	99.0625	89.91405	89.82455	88.72965	88.69785	89.9723	89.84515	89.8698	89.8299	89.84205	89.89205	89.88425	88.73735	89.8258	88.72335	89.85155	88.6757
Rhizobium_sophoriradicis_QUR0059	88.63885	88.74775	88.9351	88.93615	88.99105	88.96265	88.67635	88.6583	88.7353	88.6546	88.66615	88.65225	88.7542	88.9488	88.9957	88.72075	88.6758	88.9417	88.68925	88.636	88.6419	88.7215	88.70455	88.76185	88.7088	88.90105	89.33875	89.29585	89.3466	89.22465	89.32365	89.3796	93.7037	93.6588	93.6763	93.6499	93.66095	93.75195	93.8103	93.94075	93.69865	93.72255	93.7144	93.65105	93.6943	93.62565	93.73085	93.7861	93.74355	93.6875	93.68085	93.68735	93.67865	93.7638	93.72795	93.93775	93.78545	93.74805	93.728	93.8108	93.66	93.7133	93.73925	93.77255	93.7798	93.76185	93.72105	93.7258	93.66095	93.7846	93.7048	93.64865	93.7371	93.739	93.7153	93.90745	93.7232	93.70315	93.695	93.701	93.9306	93.7505	93.761	93.74905	93.62935	93.71775	93.72195	93.7118	93.78735	93.6688	93.7373	93.8926	93.69745	93.66375	93.73015	93.68305	93.662	93.73535	93.8217	93.78525	93.768	93.75885	93.9426	93.7884	93.76925	93.72995	93.6964	93.6677	93.6589	93.77855	93.7134	93.69475	93.67065	93.6856	88.77575	88.66935	88.66315	88.6546	88.69265	88.65005	88.6647	88.6612	88.6362	88.67925	88.674	88.69765	88.69785	88.69555	88.656	88.67555	88.68015	88.64285	88.6504	88.6764	88.6889	88.66325	88.63825	88.67255	88.56015	88.5685	88.5827	88.5722	88.57085	88.4908	88.51185	88.6847	88.4539	88.51685	88.4885	88.54755	88.50375	88.56245	88.49695	88.50715	88.49265	88.5778	88.5024	88.4934	88.51635	88.512	88.5933	88.446	88.536	88.476	88.53495	88.5656	81.5811	81.5493	81.57125	81.58	99.9882	99.9884	99.99085	99.9888	99.99025	99.98765	99.99015	99.9886	100	99.9899	99.9904	99.991	99.9887	99.9898	99.98845	99.0398	99.98895	98.9933	99.9875	99.9897	99.9916	99.99065	99.9896	99.9903	99.9889	99.9899	99.9886	99.98935	99.9884	99.0396	89.9207	89.8585	88.7167	88.69055	89.9941	89.82905	89.88965	89.8344	89.83635	89.9163	89.9094	88.6827	89.84465	88.73245	89.8615	88.67095
Rhizobium_sophoriradicis_QUR0060	88.7182	88.7933	89.0209	88.94785	88.9735	89.01895	88.68035	88.7037	88.7351	88.7278	88.689	88.72405	88.821	88.9992	88.9861	88.8117	88.6612	88.93635	88.7116	88.6686	88.6706	88.7427	88.71475	88.67315	88.70995	88.89715	89.32805	89.25535	89.2988	89.2476	89.3337	89.36835	93.6908	93.66865	93.6581	93.62855	93.6853	93.74045	93.78275	93.9313	93.7206	93.72265	93.7383	93.64435	93.6717	93.6564	93.7374	93.7856	93.70775	93.66505	93.64345	93.661	93.6376	93.7403	93.71855	93.93755	93.73325	93.73995	93.72335	93.78645	93.64405	93.6846	93.7274	93.738	93.7496	93.75615	93.72165	93.72595	93.6824	93.781	93.70095	93.6683	93.7206	93.74395	93.72275	93.93	93.6734	93.6742	93.66555	93.7071	93.9177	93.72485	93.75495	93.71805	93.63045	93.7182	93.7183	93.715	93.8112	93.62165	93.69725	93.9327	93.7289	93.65315	93.7266	93.6742	93.6576	93.7392	93.81945	93.7493	93.7575	93.737	93.92795	93.74675	93.78885	93.7271	93.69585	93.6634	93.6626	93.7734	93.70625	93.6788	93.65185	93.6617	88.80575	88.6694	88.6687	88.70675	88.7195	88.6553	88.63825	88.67655	88.667	88.67095	88.6758	88.6843	88.6951	88.68005	88.659	88.6617	88.68145	88.65005	88.68145	88.67975	88.69355	88.6867	88.68445	88.69005	88.5982	88.58825	88.5936	88.5894	88.55105	88.56595	88.5771	88.72065	88.46885	88.558	88.53	88.5598	88.53155	88.58315	88.535	88.5808	88.57195	88.628	88.551	88.56165	88.5513	88.54145	88.58425	88.44025	88.5726	88.5261	88.56645	88.5752	81.51885	81.5072	81.5066	81.52005	99.9902	99.99075	99.9912	99.99095	99.9936	99.9914	99.9936	99.9906	99.9899	100	99.9923	99.9928	99.99245	99.9928	99.9912	99.0383	99.9901	98.97235	99.98995	99.9918	99.99495	99.99385	99.99335	99.99205	99.9905	99.9936	99.9901	99.9922	99.99115	99.03805	89.91865	89.81615	88.73105	88.70645	89.9313	89.81725	89.87075	89.8342	89.82315	89.91505	89.90455	88.7128	89.83005	88.78175	89.8384	88.71755
Rhizobium_sophoriradicis_QUR0067	88.6537	88.81055	88.97165	88.92605	89.00875	88.96575	88.6268	88.6786	88.7408	88.63805	88.63855	88.64455	88.7889	88.9633	88.9869	88.7766	88.64965	88.9227	88.67015	88.6684	88.6629	88.7243	88.66045	88.75495	88.71635	88.9054	89.3161	89.30865	89.3281	89.18975	89.32755	89.34025	93.6814	93.69795	93.69635	93.6604	93.6688	93.7748	93.80305	93.9657	93.7297	93.74235	93.75015	93.67655	93.6974	93.6753	93.7407	93.817	93.72605	93.6957	93.6666	93.66145	93.68525	93.739	93.73795	93.94225	93.7726	93.7424	93.74035	93.8345	93.6791	93.68935	93.7057	93.79025	93.7518	93.78215	93.7334	93.74735	93.69565	93.80645	93.7543	93.64675	93.7556	93.74255	93.72235	93.9566	93.72375	93.7085	93.69725	93.70115	93.96205	93.76695	93.77195	93.73385	93.6572	93.68675	93.72685	93.7503	93.8015	93.67955	93.7129	93.90875	93.7092	93.67365	93.75605	93.69505	93.7096	93.7408	93.807	93.78815	93.7895	93.7585	93.9595	93.7493	93.8132	93.74285	93.73185	93.7195	93.66025	93.8128	93.7057	93.69505	93.67655	93.67205	88.80925	88.6489	88.5968	88.645	88.6852	88.6466	88.63685	88.6306	88.6515	88.6729	88.6852	88.68445	88.6569	88.6567	88.66875	88.6306	88.65705	88.64295	88.64	88.67165	88.67925	88.6596	88.6617	88.6532	88.5659	88.55165	88.5577	88.59395	88.5453	88.4861	88.50665	88.70125	88.4847	88.5396	88.505	88.52605	88.485	88.56575	88.4704	88.49515	88.4697	88.60215	88.52655	88.5279	88.52465	88.5282	88.59475	88.44115	88.52775	88.46415	88.55125	88.56075	81.58845	81.54285	81.55575	81.5744	99.9899	99.99075	99.9895	99.99155	99.9906	99.99045	99.99105	99.99155	99.9904	99.9923	100	99.9932	99.99275	99.9908	99.98925	99.0712	99.9925	99.0013	99.9922	99.991	99.99315	99.99225	99.9911	99.992	99.99155	99.99075	99.99065	99.9928	99.9931	99.05885	89.89445	89.7968	88.70555	88.70515	89.96445	89.83645	89.862	89.8199	89.81505	89.9	89.8864	88.7264	89.83395	88.71275	89.8364	88.68175
Rhizobium_sophoriradicis_QUR0069	88.66375	88.8098	88.9734	88.9389	88.99085	88.97885	88.6443	88.6985	88.7509	88.6627	88.65525	88.6395	88.7867	88.9734	88.9719	88.76115	88.6429	88.9419	88.68055	88.6726	88.658	88.71505	88.65585	88.75465	88.71625	88.90865	89.31065	89.31805	89.29955	89.1889	89.3161	89.34075	93.66455	93.6963	93.67975	93.6463	93.67265	93.75895	93.7681	93.946	93.7296	93.72385	93.7571	93.658	93.68155	93.67495	93.7353	93.80965	93.7332	93.68985	93.65955	93.68105	93.69345	93.7536	93.72685	93.931	93.78475	93.7475	93.73385	93.8082	93.6735	93.6786	93.7066	93.7804	93.75325	93.77125	93.7236	93.7435	93.70215	93.81905	93.74085	93.6372	93.73925	93.7479	93.7073	93.9412	93.7137	93.6825	93.69385	93.71435	93.94905	93.76565	93.7715	93.74285	93.644	93.6722	93.72545	93.74115	93.79995	93.66365	93.68705	93.9064	93.7089	93.68515	93.7192	93.6842	93.7074	93.7436	93.7773	93.75095	93.7573	93.75635	93.9387	93.76415	93.8067	93.7321	93.6963	93.7089	93.66375	93.8108	93.67905	93.69495	93.66545	93.66895	88.7965	88.64405	88.60695	88.6419	88.6786	88.66005	88.64905	88.6295	88.6469	88.67785	88.68275	88.68185	88.68215	88.6536	88.67865	88.6402	88.6608	88.6573	88.6348	88.66205	88.71325	88.6504	88.6564	88.65235	88.5604	88.5388	88.5183	88.5844	88.5399	88.45185	88.5122	88.6932	88.4493	88.53345	88.51355	88.4986	88.47	88.5393	88.46855	88.4913	88.48935	88.5853	88.49605	88.511	88.5112	88.51515	88.61025	88.43515	88.52885	88.4724	88.53905	88.53795	81.55685	81.5382	81.555	81.57405	99.98865	99.99025	99.98995	99.99045	99.9916	99.98975	99.99195	99.9908	99.991	99.9928	99.9932	100	99.99235	99.99175	99.98995	99.07065	99.9918	98.99655	99.99135	99.9916	99.99325	99.9901	99.9914	99.99215	99.9911	99.9913	99.98845	99.99115	99.99185	99.06675	89.8842	89.80275	88.70605	88.69165	89.9669	89.8421	89.86965	89.8163	89.8203	89.8983	89.88925	88.71735	89.81885	88.70805	89.8255	88.6657
Rhizobium_sophoriradicis_QUR0091	88.68365	88.84225	88.9631	88.90145	88.9746	88.9825	88.64195	88.6746	88.72805	88.6736	88.65175	88.63715	88.7857	88.96095	88.9657	88.7408	88.6537	88.9112	88.6727	88.69215	88.6479	88.70455	88.6718	88.75755	88.70795	88.8949	89.29735	89.2714	89.2723	89.18165	89.3456	89.3635	93.679	93.66445	93.6638	93.63575	93.65245	93.74365	93.76535	93.91425	93.714	93.706	93.7301	93.6478	93.65715	93.6475	93.7121	93.7808	93.7194	93.67355	93.6539	93.64015	93.6722	93.7283	93.7099	93.94275	93.75115	93.7364	93.7312	93.8127	93.638	93.69495	93.72	93.7384	93.7372	93.7533	93.707	93.70935	93.68125	93.8096	93.7103	93.63535	93.73655	93.72765	93.73005	93.93235	93.71065	93.681	93.64035	93.6886	93.9009	93.7653	93.77395	93.72095	93.64075	93.6754	93.742	93.70585	93.7656	93.65045	93.71245	93.90305	93.72305	93.6458	93.72435	93.64585	93.6904	93.7138	93.82085	93.72625	93.75025	93.73765	93.94705	93.7464	93.8058	93.68805	93.6976	93.6618	93.6459	93.781	93.6604	93.679	93.65085	93.6449	88.78575	88.6772	88.64515	88.691	88.6793	88.66095	88.68415	88.63515	88.6863	88.6794	88.6902	88.6904	88.65205	88.6611	88.69365	88.659	88.6817	88.6567	88.68055	88.6962	88.68525	88.6937	88.66985	88.70595	88.5943	88.5746	88.5772	88.56545	88.54575	88.54735	88.5418	88.69665	88.42695	88.4992	88.54165	88.51135	88.4775	88.5539	88.53585	88.5355	88.50235	88.57315	88.5517	88.562	88.5256	88.55285	88.56675	88.4851	88.5262	88.5035	88.56585	88.5502	81.5613	81.545	81.51785	81.53035	99.98825	99.9919	99.98875	99.9906	99.9897	99.9914	99.9924	99.9911	99.9887	99.99245	99.99275	99.99235	100	99.99295	99.9896	99.044	99.99295	98.977	99.991	99.9918	99.99375	99.9924	99.993	99.9916	99.99385	99.99395	99.9928	99.99315	99.99215	99.03715	89.9278	89.79095	88.72095	88.6743	89.94935	89.84285	89.9004	89.84485	89.8084	89.95425	89.87995	88.71515	89.84365	88.7809	89.8325	88.6334
Rhizobium_sophoriradicis_QUR0095	88.6669	88.8277	88.96545	88.90635	88.97565	89.0025	88.65985	88.69155	88.70275	88.69155	88.6825	88.6844	88.80315	88.96335	88.95035	88.77165	88.6609	88.8955	88.67605	88.67385	88.64715	88.7246	88.70585	88.74775	88.70225	88.8748	89.3066	89.293	89.2983	89.2203	89.3439	89.4052	93.66315	93.6684	93.66775	93.6344	93.6842	93.72665	93.7648	93.9249	93.7052	93.70985	93.7265	93.6487	93.66935	93.6779	93.73625	93.79625	93.70075	93.66715	93.6651	93.6544	93.6166	93.73185	93.73185	93.9183	93.7315	93.71875	93.7234	93.81435	93.63	93.69855	93.72735	93.7567	93.7214	93.744	93.685	93.7299	93.67325	93.779	93.7068	93.643	93.7243	93.71805	93.6883	93.92865	93.7008	93.651	93.6645	93.68965	93.9001	93.7284	93.7479	93.6995	93.6183	93.712	93.688	93.70755	93.7915	93.6251	93.70995	93.8809	93.67765	93.64355	93.7317	93.61585	93.63395	93.72965	93.79245	93.74745	93.75065	93.7294	93.91665	93.7318	93.80995	93.7478	93.69125	93.6553	93.6361	93.78105	93.6943	93.6833	93.66595	93.6761	88.788	88.69135	88.6997	88.71745	88.6746	88.69635	88.64075	88.7041	88.66885	88.65455	88.6742	88.70555	88.69645	88.71025	88.6864	88.67425	88.6815	88.6797	88.67965	88.69285	88.64515	88.7051	88.7036	88.72105	88.59235	88.5218	88.5756	88.54125	88.55615	88.51045	88.55385	88.72265	88.431	88.50485	88.526	88.5365	88.5007	88.5398	88.472	88.52955	88.52485	88.6466	88.5103	88.52405	88.50575	88.5155	88.6323	88.42445	88.54155	88.5005	88.52365	88.54735	81.49575	81.48085	81.5226	81.5324	99.98795	99.9879	99.9898	99.98875	99.99145	99.9903	99.99115	99.99005	99.9898	99.9928	99.9908	99.99175	99.99295	100	99.9921	99.0612	99.99325	99.0119	99.99025	99.9918	99.9933	99.99285	99.993	99.9911	99.99065	99.99385	99.99145	99.9929	99.99115	99.0669	89.8809	89.83295	88.71155	88.70725	89.9305	89.7835	89.9146	89.8171	89.8079	89.907	89.87375	88.70585	89.79805	88.7639	89.82875	88.69865
Rhizobium_sophoriradicis_QUR0119	88.6441	88.7578	88.9653	88.9449	88.9778	89.00665	88.6797	88.6937	88.7115	88.7086	88.69405	88.6902	88.83175	88.97685	88.94725	88.7819	88.68955	88.9133	88.7019	88.6705	88.70865	88.731	88.71505	88.7166	88.69485	88.8975	89.3528	89.33525	89.33545	89.2447	89.32855	89.4132	93.6857	93.6685	93.6609	93.6476	93.6946	93.7473	93.74745	93.9354	93.7151	93.71195	93.72145	93.6664	93.65305	93.68675	93.70795	93.7814	93.6982	93.6413	93.6655	93.64905	93.6656	93.7424	93.7102	93.9181	93.7555	93.70575	93.72345	93.78495	93.6625	93.6879	93.696	93.7515	93.7613	93.7583	93.707	93.71885	93.65785	93.8129	93.71335	93.65915	93.69825	93.7327	93.6988	93.9086	93.6665	93.66875	93.6802	93.6762	93.92945	93.7465	93.7665	93.7081	93.6013	93.71085	93.69925	93.7021	93.7706	93.63315	93.71305	93.9067	93.6855	93.64235	93.70415	93.6577	93.6553	93.75545	93.79665	93.7464	93.7621	93.74345	93.93015	93.76395	93.79105	93.73845	93.6919	93.6604	93.6408	93.7669	93.679	93.67035	93.6647	93.6562	88.79095	88.6937	88.6994	88.72615	88.7204	88.7045	88.7062	88.70575	88.682	88.68945	88.6909	88.71865	88.7383	88.68855	88.7187	88.72725	88.7167	88.69745	88.70395	88.7035	88.71055	88.70155	88.69095	88.7141	88.61785	88.59435	88.57515	88.56755	88.5696	88.50395	88.5528	88.72975	88.45495	88.53675	88.5255	88.5372	88.54505	88.6112	88.5374	88.55855	88.5427	88.60165	88.54335	88.5797	88.5293	88.5489	88.6595	88.47835	88.6007	88.5277	88.5837	88.61845	81.56765	81.56215	81.61315	81.58295	99.9883	99.987	99.98965	99.98755	99.9919	99.9877	99.98895	99.98745	99.98845	99.9912	99.98925	99.98995	99.9896	99.9921	100	99.0525	99.98945	98.98245	99.9878	99.9897	99.9911	99.9892	99.98985	99.98755	99.9859	99.991	99.9873	99.99045	99.98835	99.0323	89.894	89.82555	88.75775	88.77445	89.96955	89.8036	89.8827	89.8414	89.8796	89.92335	89.9039	88.77635	89.8109	88.75225	89.85115	88.70285
Rhizobium_sophoriradicis_QUR0125	88.63815	88.71875	89.05315	89.02935	89.07475	89.10185	88.65455	88.67165	88.70685	88.67565	88.64955	88.65455	88.69815	89.0756	89.0709	88.685	88.636	89.0125	88.6528	88.62145	88.61195	88.69075	88.66485	88.6734	88.69175	89.01575	89.13795	89.16325	89.17515	89.5627	89.2181	89.1804	93.44445	93.5652	93.59865	93.5553	93.5257	93.61025	93.5864	93.96835	93.85295	93.85265	93.8723	93.55635	93.59255	93.55135	93.8385	93.6496	93.5984	93.58445	93.5284	93.57705	93.5375	93.62055	93.83955	93.9776	93.592	93.5632	93.605	93.65405	93.55725	93.86585	93.81265	93.64185	93.6497	93.6483	93.85685	93.87085	93.55235	93.6493	93.89415	93.547	93.6356	93.63535	93.642	94.0251	93.82235	93.5408	93.5268	93.80175	93.95445	93.6195	93.65405	93.59285	93.55475	93.86	93.60775	93.8514	93.6623	93.82505	93.8609	94.05255	93.83105	93.5382	93.64175	93.55685	93.5594	93.62245	93.61725	93.56385	93.54545	93.6081	94.05585	93.61045	93.6714	93.84075	93.5392	93.5651	93.55675	93.6531	93.55675	93.58345	93.544	93.54515	88.6745	88.6112	88.57165	88.62525	88.5869	88.61785	88.5951	88.5625	88.58025	88.57625	88.5856	88.5878	88.59355	88.5923	88.6326	88.5742	88.58595	88.6128	88.592	88.60015	88.59255	88.59225	88.57135	88.582	88.4791	88.47115	88.4573	88.48505	88.49315	88.4676	88.43435	88.47715	88.36195	88.8173	88.44845	88.50905	88.40855	88.48905	88.50355	88.48815	88.42005	88.4223	88.4723	88.5012	88.4774	88.41025	88.47875	88.32485	88.52495	88.47345	88.49125	88.45735	81.45425	81.46975	81.48925	81.4949	99.043	99.04855	99.03615	99.05135	99.0411	99.06345	99.0476	99.06485	99.0398	99.0383	99.0712	99.07065	99.044	99.0612	99.0525	100	99.0473	99.9901	99.05625	99.0592	99.06295	99.0563	99.0659	99.05315	99.05035	99.0646	99.048	99.04495	99.04845	99.98725	89.85145	89.7297	88.4871	88.5007	89.88055	89.7925	89.8355	89.7902	89.763	89.8977	89.8193	88.4731	89.77375	88.51465	89.79525	88.5318
Rhizobium_sophoriradicis_QUR0131	88.6431	88.7552	88.95715	88.9832	89.0313	88.95665	88.64185	88.6521	88.73115	88.66335	88.62815	88.64795	88.7527	88.92995	88.99085	88.76475	88.64735	88.98485	88.67885	88.65495	88.69145	88.7277	88.68725	88.77825	88.75195	88.9612	89.31625	89.3202	89.30545	89.22465	89.3037	89.40245	93.67915	93.64085	93.6572	93.61935	93.6435	93.7457	93.7658	93.91885	93.6789	93.71905	93.7263	93.6327	93.65095	93.6191	93.73615	93.7968	93.71695	93.64275	93.6509	93.6655	93.6398	93.74395	93.7521	93.93165	93.77605	93.71495	93.73765	93.81515	93.6227	93.7113	93.74625	93.76665	93.75665	93.77725	93.7338	93.7241	93.67085	93.8008	93.69455	93.6065	93.7313	93.73165	93.72635	93.91	93.7065	93.71225	93.6605	93.72285	93.91945	93.78235	93.762	93.719	93.6264	93.7177	93.7393	93.71405	93.7754	93.6544	93.7434	93.8814	93.6988	93.64325	93.71655	93.63745	93.6872	93.74235	93.79265	93.7572	93.7417	93.768	93.9393	93.7585	93.76545	93.74715	93.7032	93.66765	93.65865	93.7894	93.65215	93.6848	93.657	93.64475	88.73805	88.6161	88.6079	88.6099	88.6146	88.63665	88.62145	88.6148	88.5954	88.6092	88.6362	88.63195	88.6083	88.6322	88.6412	88.62425	88.6497	88.6307	88.612	88.6348	88.60905	88.62865	88.63225	88.64715	88.5437	88.5471	88.54465	88.55975	88.58955	88.51555	88.5409	88.7015	88.48075	88.55745	88.5125	88.55445	88.56035	88.538	88.5008	88.5127	88.514	88.61195	88.5142	88.5561	88.53685	88.4967	88.597	88.4063	88.5333	88.49275	88.5436	88.55305	81.5533	81.5363	81.55265	81.6161	99.9873	99.99035	99.9903	99.9908	99.98845	99.98865	99.9883	99.9905	99.98895	99.9901	99.9925	99.9918	99.99295	99.99325	99.98945	99.0473	100	99.0001	99.98825	99.9901	99.9919	99.99065	99.99175	99.99085	99.9896	99.99175	99.98965	99.9936	99.9913	99.05615	89.88065	89.84865	88.7306	88.7363	89.9443	89.8067	89.8784	89.8289	89.8423	89.8971	89.91285	88.73515	89.81535	88.7582	89.8501	88.6894
Rhizobium_sophoriradicis_QUR0189	88.66425	88.70915	89.08165	89.0026	89.07685	89.06315	88.66325	88.6462	88.7086	88.6805	88.62955	88.6584	88.7158	89.06495	89.0473	88.65485	88.64555	88.99185	88.62735	88.61955	88.584	88.737	88.6927	88.69795	88.6968	88.98725	89.11785	89.106	89.1374	89.49465	89.14965	89.2161	93.45775	93.57515	93.5875	93.568	93.56775	93.65565	93.6037	93.92145	93.8248	93.81215	93.8341	93.55325	93.5892	93.54625	93.82165	93.64085	93.5786	93.5831	93.56395	93.54715	93.57485	93.64975	93.838	93.93615	93.628	93.60875	93.6111	93.64785	93.57065	93.8418	93.79855	93.66035	93.63695	93.63995	93.83835	93.85665	93.5688	93.6348	93.9073	93.5519	93.6638	93.6028	93.6034	94.04745	93.83005	93.51785	93.5612	93.7928	93.9373	93.62415	93.63225	93.5706	93.54285	93.8428	93.58925	93.8346	93.66245	93.828	93.8288	94.04115	93.80815	93.5543	93.64095	93.57035	93.5676	93.5934	93.6244	93.60425	93.56165	93.61385	94.0795	93.6279	93.6658	93.82825	93.53365	93.54925	93.59475	93.6572	93.58735	93.5906	93.5346	93.55445	88.63785	88.5588	88.5103	88.5584	88.57765	88.5782	88.5531	88.5184	88.56445	88.57135	88.5581	88.5337	88.5361	88.5318	88.58025	88.54405	88.49865	88.57305	88.55115	88.5664	88.54875	88.58145	88.56245	88.5758	88.4308	88.44555	88.43825	88.44125	88.4881	88.45155	88.46775	88.50985	88.30915	88.8113	88.4795	88.4968	88.41615	88.4932	88.48325	88.46	88.45725	88.479	88.45345	88.48275	88.47095	88.4419	88.4583	88.2827	88.47215	88.4526	88.49315	88.49155	81.45085	81.4494	81.4783	81.49005	98.9659	98.99665	98.98255	98.9957	98.97145	98.9839	98.9816	98.99685	98.9933	98.97235	99.0013	98.99655	98.977	99.0119	98.98245	99.9901	99.0001	100	98.9953	99.005	99.0057	99.00905	99.00475	99.00115	98.9953	98.99405	98.99355	98.97865	99.0025	99.9902	89.81265	89.7487	88.4901	88.5216	89.8718	89.7518	89.83845	89.75745	89.75865	89.86995	89.8603	88.531	89.77105	88.52725	89.76925	88.49375
Rhizobium_sophoriradicis_QUR0192	88.65645	88.83135	88.94635	88.9148	88.9517	88.9823	88.64165	88.6719	88.69305	88.6592	88.6351	88.6511	88.74945	88.9443	88.93885	88.7685	88.6439	88.8934	88.6583	88.66115	88.63835	88.71435	88.69495	88.734	88.6848	88.8822	89.31325	89.3246	89.3102	89.22215	89.3181	89.41225	93.6947	93.65765	93.6593	93.6459	93.6899	93.75855	93.7754	93.93485	93.73275	93.7041	93.7137	93.6719	93.6714	93.6684	93.753	93.78365	93.70395	93.67785	93.67145	93.6617	93.6291	93.73735	93.76195	93.9399	93.75085	93.7289	93.7345	93.82775	93.66605	93.69005	93.72665	93.74245	93.73555	93.7614	93.71825	93.7269	93.67235	93.77675	93.71895	93.6464	93.7392	93.72705	93.70595	93.93705	93.69395	93.69205	93.68335	93.68485	93.93715	93.7516	93.7698	93.7022	93.6334	93.7313	93.69205	93.7144	93.8128	93.6532	93.73615	93.8884	93.7004	93.66065	93.74305	93.6389	93.65755	93.7294	93.78175	93.7718	93.77515	93.7501	93.93725	93.7639	93.8198	93.772	93.71235	93.664	93.647	93.8006	93.70005	93.6677	93.65575	93.6797	88.8224	88.6907	88.6665	88.70165	88.66805	88.66935	88.63335	88.67955	88.66525	88.6293	88.66665	88.6999	88.67535	88.7073	88.6797	88.6711	88.67565	88.66175	88.6798	88.6794	88.63185	88.7007	88.6707	88.7175	88.6109	88.5844	88.59475	88.5632	88.5652	88.52425	88.53165	88.7151	88.42705	88.51305	88.52165	88.53905	88.5262	88.56695	88.49965	88.5044	88.5189	88.6353	88.53495	88.5124	88.52005	88.506	88.588	88.4351	88.53305	88.51945	88.5385	88.54925	81.53355	81.50715	81.54355	81.54925	99.9878	99.9889	99.9874	99.9912	99.9897	99.99125	99.991	99.9901	99.9875	99.98995	99.9922	99.99135	99.991	99.99025	99.9878	99.05625	99.98825	98.9953	100	99.9899	99.99275	99.99295	99.9928	99.99095	99.9886	99.9917	99.9908	99.9928	99.99185	99.06435	89.86835	89.8158	88.66675	88.70115	89.92195	89.79525	89.87315	89.80815	89.81715	89.90005	89.84705	88.70555	89.78595	88.7327	89.8311	88.66315
Rhizobium_sophoriradicis_QUR0197	88.6485	88.8455	88.93895	88.9138	88.96085	89.0103	88.6627	88.683	88.6975	88.68695	88.67725	88.66055	88.79415	89.0074	88.95775	88.78375	88.6693	88.8876	88.66095	88.6419	88.6638	88.722	88.6993	88.7482	88.70075	88.8688	89.30585	89.2931	89.28245	89.2239	89.32025	89.3842	93.6737	93.66435	93.67455	93.63425	93.6984	93.7424	93.76735	93.91855	93.7057	93.71495	93.7359	93.6679	93.6674	93.66785	93.72735	93.8051	93.7022	93.6756	93.6672	93.6682	93.6333	93.7362	93.7289	93.9257	93.75455	93.7152	93.72335	93.81975	93.6552	93.69285	93.73455	93.7758	93.73395	93.7551	93.6844	93.72855	93.6732	93.7835	93.72375	93.6535	93.72065	93.7175	93.71035	93.9313	93.69675	93.6667	93.66885	93.6882	93.90215	93.743	93.7516	93.6983	93.63305	93.7177	93.71385	93.7072	93.79425	93.6323	93.70985	93.89845	93.68235	93.65995	93.743	93.63415	93.6622	93.7375	93.797	93.7344	93.74805	93.7338	93.9298	93.74325	93.80395	93.75675	93.7145	93.65925	93.65435	93.77795	93.69615	93.68595	93.66945	93.66495	88.80485	88.6812	88.6811	88.71515	88.6564	88.68835	88.65035	88.7019	88.67585	88.6538	88.66795	88.71545	88.69175	88.6996	88.68925	88.67995	88.70065	88.68	88.6761	88.7003	88.6573	88.69895	88.71545	88.73105	88.61185	88.5753	88.5992	88.57525	88.57865	88.5208	88.5445	88.7304	88.46085	88.51375	88.52765	88.517	88.51395	88.52985	88.5162	88.538	88.5442	88.6651	88.5386	88.52565	88.51685	88.52275	88.62655	88.43545	88.5474	88.5203	88.5217	88.54515	81.50245	81.48485	81.51495	81.53165	99.988	99.9877	99.9898	99.9883	99.9908	99.98945	99.9912	99.9898	99.9897	99.9918	99.991	99.9916	99.9918	99.9918	99.9897	99.0592	99.9901	99.005	99.9899	100	99.99295	99.9922	99.9923	99.99055	99.9896	99.99195	99.9884	99.99065	99.9903	99.07525	89.8804	89.8449	88.71145	88.71435	89.93835	89.80255	89.904	89.8049	89.8118	89.9335	89.8934	88.7216	89.7894	88.76065	89.83505	88.7112
Rhizobium_sophoriradicis_QUR0198	88.6725	88.8385	88.9665	88.9195	88.9717	89.024	88.66775	88.7047	88.72125	88.7022	88.69035	88.7017	88.8088	88.97295	88.965	88.75945	88.67205	88.9011	88.67305	88.66535	88.66395	88.74345	88.71365	88.7513	88.70855	88.8767	89.3117	89.2906	89.296	89.2274	89.3205	89.3853	93.65745	93.66225	93.6762	93.6353	93.69475	93.74155	93.77565	93.9279	93.69615	93.702	93.72055	93.6499	93.6661	93.66855	93.7212	93.78895	93.6953	93.67805	93.671	93.6839	93.6358	93.7447	93.7384	93.9278	93.7462	93.7286	93.7351	93.8155	93.6517	93.69335	93.73425	93.7498	93.7354	93.74395	93.6781	93.7254	93.6725	93.7764	93.7047	93.65545	93.72275	93.72365	93.6949	93.92315	93.68295	93.66845	93.6771	93.672	93.9168	93.72635	93.7554	93.7025	93.6288	93.7141	93.6915	93.71635	93.80215	93.61825	93.69835	93.8847	93.6746	93.6583	93.7345	93.63585	93.645	93.7314	93.77975	93.7439	93.7533	93.74835	93.9215	93.7518	93.80325	93.73945	93.69895	93.65935	93.6493	93.78835	93.7072	93.67535	93.66185	93.6795	88.80625	88.66315	88.68795	88.68745	88.67015	88.6727	88.63065	88.6991	88.6624	88.6407	88.64795	88.6953	88.687	88.6952	88.67305	88.6627	88.6737	88.65875	88.662	88.67135	88.64275	88.6844	88.6865	88.70425	88.5906	88.578	88.5726	88.5504	88.5548	88.52135	88.5556	88.70815	88.4403	88.5147	88.5193	88.5244	88.51	88.5319	88.50535	88.52095	88.5489	88.66315	88.51795	88.5161	88.5051	88.5093	88.6187	88.41515	88.54235	88.5124	88.53035	88.55185	81.5181	81.48445	81.5329	81.54005	99.9902	99.9909	99.99145	99.99035	99.99325	99.9915	99.99385	99.99105	99.9916	99.99495	99.99315	99.99325	99.99375	99.9933	99.9911	99.06295	99.9919	99.0057	99.99275	99.99295	100	99.995	99.99445	99.99245	99.99195	99.9943	99.99025	99.993	99.99265	99.0706	89.882	89.8329	88.68965	88.70515	89.9123	89.7824	89.8876	89.8042	89.7882	89.90945	89.87745	88.6915	89.78815	88.76085	89.81835	88.68585
Rhizobium_sophoriradicis_QUR0199	88.67455	88.826	88.96615	88.9265	88.9524	89.0193	88.67935	88.70685	88.7237	88.686	88.67995	88.68655	88.8137	88.9559	88.95675	88.7762	88.67515	88.9077	88.68195	88.6726	88.685	88.71145	88.71905	88.7483	88.70495	88.9016	89.30575	89.2983	89.2874	89.2267	89.3211	89.40505	93.67975	93.64695	93.6749	93.62125	93.6959	93.75585	93.75615	93.92815	93.70665	93.68105	93.7207	93.6478	93.65215	93.6574	93.71195	93.7889	93.70265	93.67525	93.6711	93.68345	93.63305	93.72455	93.7445	93.92605	93.7527	93.7425	93.73335	93.80705	93.6429	93.70015	93.74515	93.73765	93.74285	93.74635	93.6914	93.7257	93.66275	93.75895	93.71115	93.6389	93.72245	93.7321	93.70495	93.90925	93.69695	93.6967	93.6478	93.6949	93.91535	93.7278	93.7597	93.71015	93.6429	93.72635	93.70335	93.71765	93.7732	93.63195	93.69955	93.875	93.6788	93.66	93.75085	93.63975	93.64585	93.71605	93.7881	93.7376	93.75235	93.7484	93.9048	93.76265	93.77395	93.74125	93.7044	93.65495	93.66035	93.7681	93.7063	93.6762	93.6427	93.6561	88.7994	88.66875	88.6905	88.6694	88.67565	88.6613	88.6418	88.70775	88.6602	88.6452	88.6539	88.66975	88.6781	88.6919	88.67195	88.6641	88.69145	88.65575	88.66595	88.6647	88.6471	88.68335	88.67235	88.7077	88.60415	88.5677	88.593	88.58535	88.57525	88.54135	88.54735	88.7221	88.47655	88.51965	88.5415	88.56525	88.5283	88.5598	88.52765	88.5557	88.5657	88.64395	88.53735	88.5227	88.53875	88.5079	88.6195	88.4377	88.5346	88.5165	88.56135	88.5812	81.5205	81.5018	81.5556	81.556	99.9904	99.9901	99.9902	99.99255	99.99295	99.99235	99.99265	99.98995	99.99065	99.99385	99.99225	99.9901	99.9924	99.99285	99.9892	99.0563	99.99065	99.00905	99.99295	99.9922	99.995	100	99.9941	99.9918	99.99045	99.99335	99.99005	99.99155	99.99305	99.05865	89.8782	89.8382	88.6811	88.7125	89.92885	89.79275	89.85125	89.81325	89.79955	89.91175	89.8903	88.71955	89.7815	88.7641	89.8522	88.69385
Rhizobium_sophoriradicis_QUR0200	88.6756	88.86245	88.96695	88.9259	88.96045	89.02695	88.69395	88.7152	88.74115	88.6886	88.6643	88.6901	88.80075	88.98745	88.9648	88.80665	88.67385	88.92015	88.7177	88.69385	88.66985	88.7517	88.7175	88.7692	88.71845	88.9146	89.3285	89.35305	89.31955	89.243	89.32715	89.44595	93.67385	93.6608	93.6787	93.65305	93.68875	93.73565	93.7647	93.9282	93.7116	93.70605	93.71665	93.65985	93.66915	93.6745	93.72435	93.7745	93.6877	93.68775	93.66865	93.6715	93.629	93.71455	93.75255	93.93215	93.7301	93.70125	93.7045	93.8234	93.66705	93.6994	93.73205	93.76545	93.72405	93.7463	93.70435	93.71195	93.6725	93.76605	93.71615	93.6288	93.7102	93.7175	93.68675	93.94455	93.71245	93.68645	93.6699	93.69195	93.91795	93.73425	93.7577	93.68385	93.6361	93.7202	93.68505	93.71965	93.78405	93.6428	93.7121	93.89635	93.67905	93.6669	93.72325	93.6438	93.66785	93.7182	93.7885	93.74485	93.76385	93.7254	93.91565	93.73025	93.79605	93.75155	93.6987	93.68175	93.64575	93.78615	93.7037	93.6873	93.64655	93.6815	88.79725	88.68725	88.6627	88.7014	88.66405	88.65335	88.63395	88.68	88.6825	88.64765	88.65615	88.69305	88.67405	88.68385	88.67665	88.652	88.6731	88.65245	88.68185	88.6822	88.64365	88.69205	88.67095	88.713	88.5852	88.56415	88.5672	88.5755	88.57485	88.521	88.57	88.72545	88.4372	88.5056	88.52095	88.5416	88.51725	88.5408	88.5109	88.5365	88.53285	88.6349	88.5337	88.50435	88.5027	88.53345	88.6121	88.4388	88.52525	88.52255	88.51655	88.5533	81.5214	81.5048	81.5334	81.54875	99.9894	99.99115	99.9899	99.99325	99.99265	99.99215	99.99245	99.99025	99.9896	99.99335	99.9911	99.9914	99.993	99.993	99.98985	99.0659	99.99175	99.00475	99.9928	99.9923	99.99445	99.9941	100	99.99215	99.9924	99.994	99.9903	99.9923	99.99205	99.05245	89.8919	89.82075	88.72455	88.7308	89.938	89.81945	89.8886	89.82695	89.83105	89.9224	89.87345	88.75245	89.8019	88.77865	89.80445	88.6919
Rhizobium_sophoriradicis_QUR0201	88.65705	88.86965	88.9838	88.90535	88.99085	89.01905	88.6871	88.68505	88.7612	88.67835	88.65765	88.6709	88.8154	88.9985	88.98065	88.79085	88.67605	88.926	88.6883	88.7206	88.6534	88.75485	88.71055	88.7489	88.72225	88.88115	89.35855	89.31985	89.3177	89.2426	89.4027	89.42015	93.6742	93.6837	93.67425	93.66645	93.66375	93.7346	93.7762	93.94355	93.74725	93.74325	93.74855	93.64945	93.6827	93.6565	93.7325	93.77745	93.7254	93.69265	93.6702	93.66695	93.6643	93.7187	93.7323	93.97195	93.72505	93.7343	93.72185	93.8244	93.66495	93.7027	93.73875	93.76	93.7304	93.7501	93.7392	93.7381	93.68875	93.8072	93.71335	93.6467	93.73755	93.73145	93.7003	93.94795	93.7349	93.67145	93.67565	93.71845	93.9362	93.74605	93.7783	93.72615	93.63595	93.6896	93.74275	93.74165	93.77835	93.6946	93.74125	93.90715	93.72875	93.66525	93.7281	93.67355	93.6638	93.73395	93.8081	93.73925	93.77275	93.7514	93.94445	93.7432	93.8231	93.71985	93.67385	93.68445	93.6422	93.7823	93.68895	93.68525	93.67875	93.68055	88.7483	88.683	88.6528	88.70505	88.69875	88.6712	88.66715	88.66675	88.6742	88.66735	88.6863	88.693	88.6801	88.65055	88.66385	88.65095	88.6821	88.66915	88.68655	88.7221	88.70295	88.6999	88.67335	88.68105	88.61875	88.58655	88.5754	88.59825	88.57295	88.56965	88.56805	88.71175	88.45495	88.57735	88.53935	88.55465	88.5016	88.585	88.52635	88.5574	88.53105	88.6036	88.5631	88.55305	88.55655	88.58865	88.61485	88.48845	88.57515	88.54115	88.5602	88.58525	81.5395	81.52365	81.52	81.5199	99.98885	99.99085	99.98855	99.9909	99.98985	99.99005	99.99005	99.99025	99.9903	99.99205	99.992	99.99215	99.9916	99.9911	99.98755	99.05315	99.99085	99.00115	99.99095	99.99055	99.99245	99.9918	99.99215	100	99.99305	99.99085	99.9894	99.9915	99.9923	99.03805	89.90905	89.7656	88.7487	88.71545	90.0011	89.8314	89.86235	89.8506	89.8465	89.93	89.89175	88.75455	89.82665	88.76935	89.82885	88.6477
Rhizobium_sophoriradicis_QUR0202	88.67785	88.87555	88.96915	88.91145	88.9897	89.0274	88.69495	88.7091	88.75655	88.6954	88.6937	88.69015	88.80895	89.0005	89.0037	88.7922	88.6841	88.9271	88.70445	88.6885	88.66	88.72275	88.6971	88.75175	88.7379	88.89405	89.3218	89.2995	89.3027	89.21785	89.36855	89.38945	93.6724	93.69965	93.69505	93.67775	93.6746	93.74025	93.7634	93.92705	93.70965	93.7289	93.74885	93.6748	93.69425	93.6693	93.7197	93.79705	93.7365	93.7062	93.6849	93.6785	93.67615	93.74125	93.7345	93.94975	93.78665	93.7427	93.7377	93.83075	93.6869	93.7125	93.7425	93.7753	93.7331	93.76345	93.71885	93.7325	93.69005	93.8417	93.71265	93.6682	93.73545	93.74405	93.7217	93.93095	93.69395	93.66445	93.6743	93.7068	93.91025	93.76485	93.77175	93.7392	93.65975	93.6978	93.75175	93.7183	93.80615	93.67605	93.7174	93.90505	93.72175	93.684	93.7362	93.68035	93.6965	93.7432	93.8402	93.7066	93.76465	93.7591	93.9397	93.77195	93.8344	93.72495	93.7039	93.6888	93.67185	93.8099	93.7094	93.70535	93.6793	93.6994	88.7812	88.6923	88.6703	88.7167	88.7174	88.70095	88.66885	88.66425	88.7021	88.69125	88.721	88.7188	88.7105	88.6844	88.69525	88.64645	88.7107	88.68875	88.7022	88.725	88.73185	88.7067	88.67545	88.6905	88.6167	88.57875	88.5866	88.59265	88.5654	88.57985	88.56805	88.722	88.4483	88.5549	88.5612	88.5179	88.50345	88.59655	88.55595	88.5632	88.5509	88.63225	88.56115	88.58225	88.5459	88.5767	88.6132	88.4649	88.57715	88.52785	88.58445	88.5882	81.53965	81.50825	81.51365	81.51325	99.9856	99.99215	99.9874	99.9914	99.99005	99.98895	99.99135	99.9897	99.9889	99.9905	99.99155	99.9911	99.99385	99.99065	99.9859	99.05035	99.9896	98.9953	99.9886	99.9896	99.99195	99.99045	99.9924	99.99305	100	99.9918	99.98805	99.99135	99.99195	99.038	89.9519	89.81535	88.72555	88.69985	89.96365	89.8397	89.9022	89.82515	89.85055	89.92915	89.8966	88.73735	89.8265	88.7584	89.85925	88.6712
Rhizobium_sophoriradicis_QUR0212	88.6502	88.8317	88.9487	88.9023	88.97655	89.01205	88.65175	88.69115	88.7127	88.67835	88.6793	88.66755	88.76765	88.97425	88.9387	88.7825	88.65315	88.89195	88.66765	88.65495	88.6454	88.70785	88.68865	88.7626	88.72965	88.8942	89.3068	89.3164	89.286	89.20705	89.33355	89.3944	93.70155	93.66925	93.6839	93.6376	93.6871	93.7228	93.7495	93.9124	93.71005	93.69065	93.71835	93.6856	93.6785	93.69305	93.7199	93.78335	93.68985	93.6874	93.66065	93.67045	93.6196	93.71025	93.73575	93.9107	93.7249	93.71535	93.7146	93.8103	93.64915	93.6941	93.74455	93.7552	93.71545	93.73735	93.6875	93.70695	93.6762	93.7757	93.7103	93.6489	93.7162	93.72	93.7012	93.9247	93.70965	93.67905	93.6726	93.67435	93.90075	93.72755	93.754	93.69555	93.63635	93.7125	93.7203	93.69715	93.7851	93.62645	93.689	93.8948	93.6888	93.6696	93.72945	93.65235	93.66915	93.7193	93.8002	93.7253	93.7516	93.72685	93.92355	93.7363	93.78965	93.73895	93.68695	93.6787	93.6373	93.78625	93.6821	93.68335	93.65455	93.6675	88.794	88.67865	88.6732	88.7051	88.6711	88.68295	88.67015	88.69255	88.68655	88.6526	88.6753	88.7121	88.6912	88.70185	88.70465	88.69365	88.68575	88.6838	88.6819	88.69695	88.65405	88.70295	88.68465	88.7254	88.60685	88.57645	88.59635	88.5564	88.5791	88.5315	88.5577	88.72225	88.4602	88.52615	88.55925	88.5529	88.53	88.5618	88.53835	88.52635	88.54445	88.6384	88.5499	88.53025	88.50585	88.5394	88.622	88.4573	88.54725	88.50795	88.5434	88.5527	81.5007	81.49885	81.5531	81.54175	99.98725	99.9901	99.98935	99.9908	99.9923	99.99065	99.9926	99.9889	99.9899	99.9936	99.99075	99.9913	99.99395	99.99385	99.991	99.0646	99.99175	98.99405	99.9917	99.99195	99.9943	99.99335	99.994	99.99085	99.9918	100	99.9917	99.9931	99.992	99.06235	89.8888	89.8515	88.7208	88.698	89.92305	89.82385	89.9	89.80805	89.80705	89.9203	89.8749	88.70605	89.8034	88.76665	89.81405	88.68985
Rhizobium_sophoriradicis_QUR0259	88.69155	88.8586	88.9654	88.91085	88.9834	89.0369	88.67805	88.69395	88.7388	88.7094	88.68745	88.6773	88.8093	88.96415	88.9828	88.7806	88.67595	88.91935	88.68915	88.7068	88.6562	88.7149	88.68445	88.72515	88.71755	88.89735	89.3247	89.3069	89.26995	89.20055	89.38535	89.3869	93.6671	93.6865	93.66795	93.65305	93.66885	93.75185	93.7683	93.9296	93.7254	93.7201	93.729	93.66265	93.67845	93.6727	93.7285	93.7694	93.72725	93.67295	93.6764	93.64975	93.6558	93.72855	93.71305	93.95765	93.74105	93.75805	93.75235	93.81065	93.6505	93.66995	93.71575	93.728	93.7401	93.7415	93.702	93.72315	93.68875	93.7799	93.6905	93.65385	93.7339	93.72715	93.7159	93.91825	93.6972	93.68755	93.6483	93.6904	93.91055	93.73735	93.7637	93.7308	93.65425	93.6855	93.7381	93.7044	93.7796	93.66565	93.713	93.89485	93.72865	93.6501	93.7341	93.66995	93.6782	93.72255	93.8225	93.7382	93.78385	93.7611	93.92595	93.7434	93.8094	93.7176	93.71375	93.6765	93.6484	93.78705	93.67835	93.68005	93.67215	93.66885	88.7622	88.72615	88.7029	88.7557	88.71885	88.69015	88.67175	88.7151	88.7154	88.71125	88.7068	88.71525	88.6877	88.69235	88.6872	88.69865	88.7015	88.70195	88.7147	88.7531	88.70625	88.74875	88.66345	88.70495	88.60245	88.55825	88.59415	88.56325	88.5407	88.569	88.54135	88.721	88.4359	88.535	88.5288	88.52305	88.48465	88.54625	88.5144	88.53505	88.4871	88.58925	88.5507	88.53425	88.5262	88.5575	88.59525	88.47245	88.52395	88.5171	88.53835	88.5437	81.5355	81.53505	81.533	81.5084	99.98655	99.98805	99.98565	99.98905	99.99005	99.99035	99.9904	99.9886	99.9886	99.9901	99.99065	99.98845	99.9928	99.99145	99.9873	99.048	99.98965	98.99355	99.9908	99.9884	99.99025	99.99005	99.9903	99.9894	99.98805	99.9917	100	99.99115	99.9911	99.0304	89.9052	89.76265	88.712	88.7163	89.9816	89.8337	89.8684	89.81595	89.80555	89.9528	89.8878	88.7619	89.8014	88.75615	89.8354	88.6322
Rhizobium_sophoriradicis_QUR0260	88.66825	88.83525	88.9771	88.8978	88.95625	88.981	88.6773	88.63865	88.7402	88.67285	88.69025	88.6735	88.80075	88.9664	88.9618	88.7639	88.6611	88.9162	88.69535	88.66455	88.63255	88.69185	88.6891	88.72465	88.7146	88.8937	89.27175	89.2656	89.2887	89.1654	89.32555	89.2903	93.676	93.6631	93.67525	93.64935	93.69075	93.75735	93.73795	93.92445	93.7079	93.6906	93.7237	93.63755	93.65005	93.67045	93.7015	93.80345	93.7493	93.66165	93.6439	93.6528	93.65555	93.70995	93.7196	93.91885	93.74795	93.7558	93.7315	93.8134	93.6525	93.69295	93.7232	93.73045	93.73875	93.763	93.712	93.72365	93.69015	93.78545	93.71255	93.64575	93.7406	93.74885	93.73515	93.94395	93.6994	93.70125	93.6948	93.72105	93.91965	93.74275	93.7651	93.73765	93.6301	93.69705	93.74185	93.7074	93.77545	93.6304	93.7126	93.90195	93.6986	93.68535	93.7368	93.67	93.6748	93.72315	93.7989	93.7357	93.7388	93.74025	93.90945	93.7484	93.7834	93.7127	93.7225	93.65325	93.66445	93.76215	93.69515	93.6778	93.66155	93.6625	88.7878	88.6511	88.62355	88.643	88.64165	88.6471	88.65	88.6339	88.64905	88.6508	88.6456	88.63905	88.63185	88.63605	88.64615	88.6359	88.67095	88.6233	88.6595	88.65635	88.6461	88.662	88.6405	88.6514	88.5547	88.519	88.51915	88.59025	88.5607	88.52775	88.52135	88.6776	88.4437	88.5212	88.50755	88.50895	88.54065	88.5418	88.5142	88.5495	88.5147	88.62105	88.54735	88.5519	88.5323	88.50255	88.595	88.4512	88.53645	88.5071	88.54305	88.5325	81.5543	81.532	81.52565	81.5418	99.9891	99.9916	99.9881	99.99295	99.9917	99.9911	99.99255	99.99115	99.98935	99.9922	99.9928	99.99115	99.99315	99.9929	99.99045	99.04495	99.9936	98.97865	99.9928	99.99065	99.993	99.99155	99.9923	99.9915	99.99135	99.9931	99.99115	100	99.9918	99.05825	89.9003	89.80395	88.73745	88.68305	89.95275	89.84765	89.8598	89.83125	89.80365	89.9533	89.8983	88.71725	89.8207	88.73605	89.8259	88.67415
Rhizobium_sophoriradicis_QUR0262	88.6781	88.8524	88.9826	88.9252	88.98595	89.02055	88.68485	88.68615	88.74325	88.677	88.6763	88.67245	88.80295	88.98775	88.9925	88.7751	88.67985	88.91325	88.69635	88.69615	88.668	88.75005	88.70575	88.74915	88.7243	88.90265	89.3269	89.30575	89.30305	89.21285	89.36955	89.3932	93.6821	93.71175	93.68845	93.6863	93.673	93.76725	93.7808	93.93255	93.71815	93.7112	93.7301	93.6829	93.70135	93.6733	93.723	93.7961	93.72515	93.69925	93.687	93.6706	93.68595	93.7424	93.72545	93.96345	93.7772	93.7443	93.73775	93.8317	93.683	93.6862	93.70195	93.7591	93.7436	93.7688	93.7258	93.71295	93.6822	93.82745	93.72825	93.6814	93.7451	93.73205	93.7361	93.9523	93.70315	93.6897	93.67525	93.69045	93.92435	93.77505	93.77685	93.72295	93.65515	93.672	93.73575	93.7308	93.7984	93.6805	93.72235	93.91005	93.71335	93.67385	93.73355	93.68125	93.7013	93.7269	93.81445	93.73525	93.76065	93.7515	93.95745	93.7613	93.83945	93.70805	93.7111	93.6923	93.6756	93.80045	93.71465	93.7077	93.68175	93.68905	88.8147	88.70135	88.6594	88.7077	88.7071	88.6688	88.6828	88.6601	88.6935	88.67905	88.7035	88.7065	88.6773	88.6671	88.68965	88.6623	88.7008	88.6628	88.70445	88.71865	88.70375	88.71365	88.6739	88.69925	88.629	88.5962	88.57785	88.57655	88.54345	88.54655	88.5425	88.711	88.43825	88.5171	88.5231	88.50455	88.4729	88.5674	88.53365	88.5475	88.5066	88.60435	88.5618	88.5566	88.52825	88.54645	88.5819	88.48085	88.54065	88.5149	88.5531	88.55195	81.57965	81.527	81.52355	81.5215	99.9893	99.9922	99.98865	99.9926	99.9908	99.9918	99.9928	99.99095	99.9884	99.99115	99.9931	99.99185	99.99215	99.99115	99.98835	99.04845	99.9913	99.0025	99.99185	99.9903	99.99265	99.99305	99.99205	99.9923	99.99195	99.992	99.9911	99.9918	100	99.02795	89.9353	89.8182	88.72665	88.70385	89.97705	89.842	89.88565	89.84845	89.8526	89.93415	89.8772	88.7476	89.8272	88.76725	89.8582	88.65615
Rhizobium_sophoriradicis_QUR0265	88.6247	88.68335	89.06	89.0233	89.0978	89.0684	88.66705	88.6602	88.7102	88.6795	88.65835	88.67635	88.74545	89.1129	89.08165	88.6762	88.65475	89.0194	88.65075	88.5887	88.60125	88.68165	88.7132	88.68745	88.67445	89.01785	89.1653	89.1376	89.1704	89.4942	89.25505	89.17395	93.47375	93.56475	93.58375	93.53095	93.58155	93.64755	93.5897	93.93275	93.82815	93.8401	93.85075	93.5508	93.57565	93.5616	93.79995	93.65355	93.5556	93.5639	93.5537	93.5568	93.5506	93.6064	93.8504	93.9539	93.63505	93.57355	93.62185	93.6553	93.5402	93.84225	93.8259	93.653	93.65145	93.63585	93.85955	93.8526	93.5498	93.65295	93.9402	93.5618	93.6207	93.5934	93.61715	94.04895	93.8351	93.546	93.54685	93.79965	93.94685	93.6342	93.62365	93.5485	93.5229	93.8318	93.55955	93.83275	93.6372	93.8208	93.84305	94.08745	93.8071	93.5226	93.6412	93.5451	93.5398	93.5753	93.5993	93.577	93.5304	93.6312	94.08555	93.61305	93.6537	93.8613	93.56285	93.53545	93.54725	93.64785	93.5693	93.5705	93.5293	93.5257	88.6836	88.56835	88.57245	88.5921	88.57895	88.57915	88.5599	88.56775	88.55635	88.5616	88.5593	88.55175	88.57595	88.5571	88.60505	88.56295	88.5549	88.5911	88.57125	88.55835	88.59015	88.56475	88.5758	88.5877	88.49685	88.49365	88.4434	88.4714	88.53105	88.4576	88.4557	88.51625	88.36775	88.79875	88.47355	88.523	88.4692	88.52435	88.52385	88.4842	88.46185	88.4763	88.4794	88.47975	88.5045	88.4107	88.49665	88.33855	88.5217	88.48145	88.51325	88.54085	81.49365	81.50035	81.4866	81.54415	99.026	99.03485	99.03055	99.07155	99.0259	99.063	99.0248	99.0625	99.0396	99.03805	99.05885	99.06675	99.03715	99.0669	99.0323	99.98725	99.05615	99.9902	99.06435	99.07525	99.0706	99.05865	99.05245	99.03805	99.038	99.06235	99.0304	99.05825	99.02795	100	89.8898	89.7509	88.53125	88.50235	89.8538	89.73255	89.84375	89.7506	89.7799	89.8716	89.8594	88.46135	89.76075	88.5227	89.78775	88.47365
Rhizobium_sp_QUR0029	90.0336	90.107	90.075	90.0672	90.093	90.08225	90.04375	90.07575	90.1165	90.10755	90.0824	90.0944	90.2066	90.12105	90.0637	90.1024	90.08905	90.08335	90.0871	90.0686	90.0831	90.0889	90.11535	90.1539	90.1205	90.06655	90.76305	90.8076	90.73195	90.798	90.8176	90.8003	90.52935	90.0824	90.0972	90.12115	90.12125	90.0524	90.4469	90.10305	90.13165	90.1173	90.10875	90.12965	90.072	90.11065	90.1815	90.0493	90.05895	90.0898	90.1236	90.1206	90.0633	90.0584	90.1558	90.11385	90.07855	90.05985	90.0849	90.09945	90.1217	90.1116	90.1059	90.13155	90.1029	90.05475	90.1547	90.1246	90.08885	90.05495	90.10245	90.09195	90.039	90.06895	90.02415	90.1295	90.147	90.04285	90.09525	90.1662	90.10925	90.0512	90.03345	90.0666	90.12145	90.13385	90.0846	90.10095	90.11065	90.1375	90.1423	90.1506	90.1464	90.11465	90.0282	90.1113	90.1185	90.05915	90.1991	90.40355	90.45735	90.07265	90.13135	90.0436	90.09455	90.1457	90.0182	90.10135	90.08435	90.08455	90.14865	90.07935	90.0982	90.10905	91.2551	89.94205	89.91895	89.9826	89.9323	89.95045	89.8878	89.91465	89.96545	89.9423	89.9525	89.94775	89.9567	89.9667	89.93775	89.91055	89.9531	89.9533	89.9711	89.9503	89.9549	89.9504	89.8936	89.90505	89.83075	89.8598	89.86635	89.76995	89.7953	89.8054	89.773	89.89675	89.8509	89.85845	89.7974	89.797	89.79145	89.851	89.8425	89.76385	89.77385	89.898	89.77585	89.8465	89.7262	89.79175	89.83825	89.8384	89.7897	89.82465	89.85225	89.8289	81.60465	81.6172	81.63885	81.61165	89.8898	89.91915	89.89535	89.87415	89.9014	89.8622	89.9126	89.91405	89.9207	89.91865	89.89445	89.8842	89.9278	89.8809	89.894	89.85145	89.88065	89.81265	89.86835	89.8804	89.882	89.8782	89.8919	89.90905	89.9519	89.8888	89.9052	89.9003	89.9353	89.8898	100	99.3758	89.91025	89.84295	99.1817	99.38365	99.9875	99.37105	99.354	99.98825	99.9815	89.9131	99.3909	89.9381	99.3615	89.8729
Rhizobium_sp_QUR0042	90.2064	90.28975	90.1757	90.191	90.225	90.2357	90.1984	90.2317	90.2558	90.2278	90.2248	90.21065	90.1412	90.2129	90.2313	90.2973	90.21885	90.1959	90.20035	90.18	90.18635	90.2803	90.2728	90.24705	90.25255	90.17895	90.79605	90.8012	90.75925	90.7324	90.78105	90.8338	90.47795	90.2688	90.32685	90.3115	90.31455	90.3341	90.5106	90.06345	90.12065	90.047	90.08665	90.30755	90.26115	90.3049	90.13175	90.33775	90.2962	90.3268	90.321	90.31595	90.28815	90.28285	90.1722	90.0886	90.28455	90.33775	90.285	90.3319	90.3005	90.13945	90.12565	90.1222	90.2935	90.2772	90.111	90.0983	90.3133	90.3364	90.07015	90.3179	90.29415	90.3426	90.2796	90.1162	90.1083	90.29625	90.32575	90.07985	90.091	90.2678	90.2742	90.308	90.30535	90.13325	90.28795	90.07355	90.3182	90.0598	90.0903	90.0884	90.12165	90.3367	90.2719	90.30455	90.31375	90.28095	90.24675	90.4423	90.46955	90.27375	90.08735	90.2736	90.31835	90.13205	90.2546	90.3025	90.2683	90.3425	90.3537	90.27475	90.24795	90.316	91.42905	90.08365	90.03225	90.1119	90.07885	90.09865	90.0503	90.02905	90.07835	90.07815	90.09475	90.0798	90.09065	90.10375	90.0862	90.0793	90.03785	90.10275	90.07215	90.0971	90.12675	90.0662	90.11915	90.12875	90.0011	90.00985	90.01025	89.9853	89.99455	90.0845	90.1057	89.91	90.00105	89.8255	90.0525	89.998	90.1501	90.1487	90.09835	89.99155	89.9885	89.94085	90.1296	90.04075	89.99635	90.0813	90.05945	89.9992	90.08325	90.09435	90.1392	90.1569	81.7129	81.70875	81.758	81.71705	89.82725	89.77805	89.8077	89.83225	89.81705	89.8192	89.79275	89.82455	89.8585	89.81615	89.7968	89.80275	89.79095	89.83295	89.82555	89.7297	89.84865	89.7487	89.8158	89.8449	89.8329	89.8382	89.82075	89.7656	89.81535	89.8515	89.76265	89.80395	89.8182	89.7509	99.3758	100	89.8804	89.85845	99.2501	99.9914	99.3665	99.99035	99.9897	99.35655	99.3663	89.8993	99.992	89.9112	99.9908	89.8919
Rhizobium_sp_QUR0044	91.6454	91.6339	91.62925	91.62865	91.6495	91.63505	91.6381	91.67195	91.65705	91.6548	91.60195	91.61545	91.7118	91.63185	91.6072	91.63945	91.63605	91.65175	91.61845	91.64255	91.65005	91.66715	91.6778	91.70095	91.69075	91.6356	91.00405	91.06205	91.0234	90.82935	91.00405	91.03435	89.0672	89.00115	89.02845	89.0098	89.0115	89.0352	89.1517	88.9508	88.99415	88.9789	88.98655	88.99945	88.9943	89.0056	89.0304	89.0463	89.0642	89.01355	88.9798	88.96895	89.01275	89.02845	89.02175	88.96725	89.07995	89.0588	89.07075	89.06855	88.98465	88.9963	89.01615	89.2977	89.0529	89.01365	88.972	88.97415	88.9548	89.0693	88.94805	88.9857	89.0121	89.0145	89.0276	88.91925	89.00185	88.99475	88.9876	88.9978	88.9636	89.0897	89.006	89.0692	88.9982	89.01405	89.0063	88.9847	89.01955	88.98075	88.9961	88.96335	88.989	88.99665	89.00145	89.05875	89.0227	89.0235	89.1501	89.14175	89.1517	89.0737	88.9264	89.0262	89.0392	88.99045	89.0018	89.0322	89.0304	89.01535	89.1327	89.0074	89.04345	88.98335	89.44375	93.8632	93.88265	93.862	93.8706	93.8664	93.88015	93.88855	93.8653	93.8533	93.89035	93.8805	93.87625	93.87015	93.8529	93.8644	93.86985	93.8504	93.864	93.84705	93.8871	93.8787	93.8515	93.84805	93.60625	93.62795	93.64455	94.14415	94.12765	94.10095	94.14155	94.27355	94.0972	94.057	94.1249	94.12595	94.09935	94.16375	94.13935	94.10775	94.1398	94.23545	94.17425	94.1301	94.12485	94.07955	94.08245	94.0447	94.1196	94.12835	94.1611	94.1451	81.7615	81.75955	81.7728	81.75685	88.76265	88.7327	88.7108	88.73595	88.7382	88.6868	88.7362	88.72965	88.7167	88.73105	88.70555	88.70605	88.72095	88.71155	88.75775	88.4871	88.7306	88.4901	88.66675	88.71145	88.68965	88.6811	88.72455	88.7487	88.72555	88.7208	88.712	88.73745	88.72665	88.53125	89.91025	89.8804	100	99.94295	89.9645	89.88805	89.8939	89.89985	89.87565	89.9305	89.91405	99.94855	89.906	99.9736	89.91645	99.30495
Rhizobium_sp_QUR0047	91.5942	91.6572	91.6163	91.59785	91.6367	91.6378	91.6094	91.64085	91.6404	91.6306	91.618	91.60845	91.70785	91.65645	91.62995	91.6302	91.6271	91.64005	91.61575	91.62985	91.6439	91.63145	91.65725	91.6958	91.64045	91.6169	91.00805	91.0317	91.00165	90.8121	91.0389	91.06295	89.00215	88.9418	88.97125	88.98795	88.97265	88.95055	89.0897	88.9742	88.99195	88.9674	88.97175	88.98705	88.95985	88.94585	88.9778	89.022	89.02515	88.9757	89.00185	88.9557	88.981	88.9746	89.0455	88.9541	89.0095	89.0615	89.0052	89.0486	88.94165	88.95955	89.03885	89.18605	88.98725	88.99995	88.9419	88.9415	88.9228	88.944	88.89705	88.9199	88.93075	88.99735	88.98555	88.86205	88.9899	88.951	88.9619	88.95245	88.98115	88.9991	88.9662	89.042	88.9645	88.98265	88.96455	88.97515	88.9454	88.9599	88.9797	88.91385	88.98595	88.98835	88.97505	88.95275	88.97365	88.95405	89.11975	89.07095	89.09365	89.02145	88.9262	89.01495	89.0058	89.02275	88.94945	88.9635	89.01085	88.97185	89.0735	88.94975	88.99685	89.0041	89.44225	93.8441	93.8502	93.84155	93.8322	93.8464	93.83675	93.8573	93.8356	93.82365	93.84255	93.8473	93.8395	93.85155	93.8503	93.83755	93.83455	93.84305	93.8309	93.8219	93.84105	93.84165	93.8593	93.8478	93.666	93.67875	93.649	94.14765	94.12765	94.1689	94.1379	94.2978	94.11	94.0932	94.14555	94.1299	94.1714	94.13835	94.1012	94.13995	94.159	94.2235	94.1309	94.1605	94.1247	94.1482	94.0429	94.08025	94.1032	94.07825	94.15185	94.1344	81.80015	81.82255	81.8548	81.7763	88.7865	88.714	88.7043	88.70275	88.7215	88.71145	88.7001	88.69785	88.69055	88.70645	88.70515	88.69165	88.6743	88.70725	88.77445	88.5007	88.7363	88.5216	88.70115	88.71435	88.70515	88.7125	88.7308	88.71545	88.69985	88.698	88.7163	88.68305	88.70385	88.50235	89.84295	89.85845	99.94295	100	90.0041	89.8558	89.8937	89.82555	89.8794	89.9238	89.9246	99.99315	89.8603	99.9449	89.88	99.25195
Rhizobium_sp_QUR0063	90.12575	90.17025	90.1185	90.09955	90.1507	90.10065	90.10785	90.1517	90.17575	90.1274	90.14295	90.09655	90.23615	90.1486	90.1173	90.1872	90.1404	90.1196	90.07855	90.0896	90.13695	90.17485	90.17605	90.1758	90.1879	90.102	90.90755	90.89715	90.87405	90.74375	90.9399	90.9035	90.5245	90.1439	90.20485	90.17235	90.23395	90.13005	90.55685	90.1437	90.1378	90.10925	90.11945	90.1611	90.1476	90.18965	90.14135	90.14385	90.1208	90.20255	90.17155	90.18955	90.17325	90.11255	90.2047	90.11355	90.1735	90.20425	90.14635	90.17665	90.1756	90.14965	90.1471	90.3103	90.15465	90.13025	90.1411	90.1438	90.1473	90.14635	90.10435	90.17565	90.11665	90.1544	90.1189	90.1222	90.13695	90.1048	90.1407	90.12955	90.13765	90.1297	90.1162	90.135	90.1431	90.1726	90.11845	90.1452	90.1412	90.13105	90.13975	90.1281	90.14815	90.17915	90.13375	90.1629	90.15895	90.13175	90.37045	90.5534	90.5514	90.1575	90.1715	90.1412	90.1747	90.17555	90.10795	90.1431	90.1748	90.192	90.1965	90.1434	90.1617	90.1641	91.27745	89.9605	89.91145	89.9988	89.98645	89.98305	89.91635	89.94345	89.96005	89.9588	89.95555	89.92915	89.9167	89.92965	89.9739	89.9459	89.95175	89.9854	89.95845	89.97505	89.95905	89.9551	89.9549	89.9647	89.8803	89.89675	89.87385	89.8158	89.8175	89.8059	89.8413	89.99065	89.79115	89.88535	89.7835	89.84825	89.8244	89.84405	89.8026	89.7803	89.8002	90.1333	89.76435	89.81705	89.77495	89.86075	89.9086	89.8332	89.83385	89.7801	89.83085	89.84115	81.60765	81.64445	81.7143	81.68775	89.94735	89.96275	89.95705	89.93175	89.942	89.91875	89.95165	89.9723	89.9941	89.9313	89.96445	89.9669	89.94935	89.9305	89.96955	89.88055	89.9443	89.8718	89.92195	89.93835	89.9123	89.92885	89.938	90.0011	89.96365	89.92305	89.9816	89.95275	89.97705	89.8538	99.1817	99.2501	89.9645	90.0041	100	99.263	99.1703	99.2333	99.25325	99.1543	99.1879	90.02735	99.25415	90.026	99.24865	90.01835
Rhizobium_sp_QUR0070	90.20305	90.325	90.20565	90.1576	90.20985	90.24145	90.18755	90.2712	90.28325	90.24105	90.2023	90.2059	90.13365	90.20555	90.19175	90.33555	90.2099	90.17995	90.19515	90.2383	90.22545	90.29975	90.25405	90.2363	90.2682	90.16805	90.7594	90.8005	90.7421	90.72505	90.813	90.8158	90.49425	90.29945	90.3346	90.3091	90.27325	90.3041	90.49185	90.03595	90.08185	90.05815	90.06365	90.28855	90.27005	90.2688	90.066	90.28565	90.2676	90.31425	90.29785	90.29395	90.2779	90.2704	90.088	90.09495	90.2746	90.3064	90.2989	90.32155	90.28925	90.1054	90.0823	90.06445	90.2695	90.29435	90.07625	90.0668	90.25705	90.2898	90.0673	90.30105	90.2842	90.2562	90.25785	90.0725	90.0662	90.2537	90.3176	90.06595	90.0466	90.26685	90.3012	90.2697	90.30345	90.0772	90.23355	90.07355	90.31075	90.05895	90.09345	90.0904	90.0908	90.3335	90.2514	90.2838	90.29335	90.2688	90.22345	90.44245	90.4538	90.2925	90.0835	90.2746	90.3055	90.07305	90.22775	90.27545	90.25635	90.32115	90.338	90.27525	90.29495	90.30405	91.40005	90.0905	90.08205	90.08325	90.10865	90.101	90.09635	90.08905	90.09395	90.09835	90.05945	90.08675	90.10415	90.09375	90.10185	90.11565	90.0733	90.09945	90.0845	90.1047	90.0895	90.1021	90.08025	90.12145	90.03515	90.0496	90.00965	90.00865	90.01035	90.18925	90.16085	89.91525	89.9906	89.78415	90.0143	90.0455	90.15285	90.13075	90.15705	89.9893	89.99695	89.89935	90.16995	90.0545	90.02355	90.1698	90.061	90.01795	90.1222	90.1238	90.152	90.13165	81.7076	81.7091	81.72405	81.6937	89.8109	89.82565	89.83105	89.83045	89.8687	89.8018	89.84355	89.84515	89.82905	89.81725	89.83645	89.8421	89.84285	89.7835	89.8036	89.7925	89.8067	89.7518	89.79525	89.80255	89.7824	89.79275	89.81945	89.8314	89.8397	89.82385	89.8337	89.84765	89.842	89.73255	99.38365	99.9914	89.88805	89.8558	99.263	100	99.3772	99.9907	99.98865	99.3584	99.3603	89.82695	99.9932	89.8895	99.99015	89.8556
Rhizobium_sp_QUR0071	90.03245	90.13545	90.0923	90.0676	90.13775	90.0881	90.0827	90.07385	90.14015	90.13855	90.0948	90.1143	90.2078	90.1205	90.1002	90.12805	90.1172	90.0714	90.1191	90.0673	90.07355	90.14665	90.13345	90.1568	90.1714	90.06765	90.76	90.73635	90.71	90.752	90.77705	90.7834	90.50375	90.05415	90.0792	90.06165	90.1497	90.08125	90.40285	90.11605	90.13015	90.15095	90.1295	90.07515	90.06525	90.091	90.1829	90.0765	90.1043	90.0993	90.08875	90.1236	90.12245	90.0599	90.1814	90.1518	90.08625	90.09175	90.06875	90.0988	90.06675	90.13635	90.1438	90.1672	90.1073	90.04655	90.1666	90.1419	90.11825	90.0908	90.07815	90.0646	90.0461	90.0827	90.04485	90.084	90.17195	90.0376	90.0845	90.14275	90.09275	90.0665	90.05275	90.108	90.0814	90.1706	90.07985	90.12725	90.105	90.1775	90.17	90.10455	90.1735	90.0944	90.03515	90.055	90.116	90.05655	90.1745	90.3562	90.3549	90.0792	90.0822	90.0591	90.12685	90.17485	90.0379	90.0754	90.11425	90.11695	90.1223	90.087	90.06115	90.0831	91.23825	89.9182	89.88895	89.9376	89.8743	89.9228	89.8844	89.8802	89.92825	89.88805	89.9177	89.9147	89.9213	89.93265	89.91885	89.9127	89.8862	89.92235	89.93575	89.9129	89.90035	89.914	89.8611	89.8845	89.8523	89.84645	89.85695	89.7805	89.7557	89.7777	89.73675	89.88215	89.7801	89.81785	89.75735	89.77665	89.76035	89.79845	89.80035	89.74175	89.7095	89.85115	89.7354	89.8235	89.77705	89.76665	89.83655	89.7766	89.7783	89.7866	89.7862	89.80405	81.57795	81.6083	81.63685	81.59305	89.85935	89.87745	89.889	89.86825	89.84745	89.8693	89.8795	89.8698	89.88965	89.87075	89.862	89.86965	89.9004	89.9146	89.8827	89.8355	89.8784	89.83845	89.87315	89.904	89.8876	89.85125	89.8886	89.86235	89.9022	89.9	89.8684	89.8598	89.88565	89.84375	99.9875	99.3665	89.8939	89.8937	99.1703	99.3772	100	99.3692	99.34815	99.9559	99.9558	89.8983	99.3818	89.8691	99.3487	89.8675
Rhizobium_sp_QUR0073	90.20425	90.3495	90.21365	90.20575	90.248	90.254	90.21735	90.24495	90.27495	90.26075	90.24565	90.25535	90.14595	90.2255	90.18855	90.32135	90.23505	90.19835	90.22125	90.24985	90.23135	90.30125	90.289	90.2637	90.2844	90.1873	90.7599	90.78585	90.77085	90.71835	90.7955	90.8539	90.47055	90.29195	90.3258	90.2716	90.28315	90.2993	90.436	90.07165	90.1137	90.1035	90.1281	90.27845	90.29175	90.2795	90.1475	90.2868	90.2764	90.351	90.301	90.3286	90.2848	90.2406	90.1316	90.0884	90.29325	90.3433	90.2913	90.3277	90.30295	90.12935	90.10955	90.07825	90.2733	90.30675	90.12605	90.137	90.3087	90.33915	90.08315	90.2733	90.25885	90.30485	90.28545	90.08235	90.1327	90.27305	90.3217	90.1031	90.0934	90.27835	90.29175	90.2877	90.34055	90.13745	90.2817	90.1138	90.34375	90.0897	90.13175	90.1197	90.099	90.34015	90.25825	90.3208	90.30095	90.2806	90.26245	90.46135	90.42525	90.30725	90.1156	90.26555	90.33335	90.12645	90.27	90.3047	90.27505	90.3305	90.3409	90.29745	90.29815	90.30245	91.4385	90.09385	90.08175	90.1324	90.0889	90.1446	90.0727	90.0934	90.11175	90.09265	90.09775	90.07645	90.09385	90.12225	90.1032	90.10515	90.1083	90.11595	90.11605	90.11345	90.1263	90.1011	90.1049	90.1333	90.03165	90.0168	90.03175	90.0367	90.0448	90.1204	90.1548	89.91855	89.9932	89.82155	90.0389	90.0284	90.1627	90.14265	90.14235	90.00555	90.01225	89.8946	90.1683	90.0279	90.0147	90.11685	90.10935	90.02845	90.12985	90.0972	90.15385	90.14125	81.7563	81.7573	81.75955	81.79215	89.8331	89.8433	89.83195	89.8142	89.8556	89.80505	89.8394	89.8299	89.8344	89.8342	89.8199	89.8163	89.84485	89.8171	89.8414	89.7902	89.8289	89.75745	89.80815	89.8049	89.8042	89.81325	89.82695	89.8506	89.82515	89.80805	89.81595	89.83125	89.84845	89.7506	99.37105	99.99035	89.89985	89.82555	99.2333	99.9907	99.3692	100	99.9913	99.34675	99.3602	89.8261	99.9928	89.8812	99.99275	89.84705
Rhizobium_sp_QUR0075	90.19285	90.34465	90.2056	90.1608	90.243	90.2167	90.1962	90.2802	90.22925	90.22675	90.21365	90.21245	90.1289	90.2525	90.23855	90.2947	90.20845	90.20885	90.18165	90.22965	90.21545	90.24985	90.293	90.25055	90.2739	90.1575	90.7566	90.8131	90.76565	90.70755	90.7645	90.82165	90.48035	90.31195	90.34345	90.3207	90.32935	90.27275	90.5145	90.10425	90.1294	90.08785	90.08125	90.3122	90.3007	90.28875	90.11615	90.3365	90.30205	90.33535	90.32885	90.34525	90.27995	90.25955	90.1363	90.0293	90.27715	90.291	90.28785	90.3332	90.29305	90.1395	90.11625	90.0894	90.2784	90.2752	90.10185	90.0798	90.2957	90.3187	90.10735	90.29395	90.2704	90.3374	90.26245	90.10865	90.13025	90.26705	90.2977	90.1043	90.07905	90.27205	90.31685	90.3117	90.3087	90.12795	90.30525	90.08045	90.3351	90.0663	90.0889	90.1352	90.1009	90.3714	90.28605	90.29855	90.3145	90.3419	90.23865	90.4931	90.5135	90.2747	90.10165	90.27495	90.3523	90.09755	90.2732	90.32045	90.2998	90.34715	90.3956	90.28685	90.31945	90.33875	91.47235	90.06795	90.06805	90.0924	90.04545	90.0706	90.0767	90.0756	90.0558	90.0526	90.0544	90.04735	90.0617	90.07545	90.06945	90.09625	90.10595	90.0764	90.0533	90.05335	90.06505	90.05395	90.1127	90.1498	90.004	90.00975	90.0387	89.97115	89.9712	90.13065	90.1109	89.9354	90.00675	89.83525	89.9784	90.0044	90.11195	90.1443	90.09105	89.99945	89.99055	89.9074	90.10395	90.00305	90.01625	90.1364	90.07355	89.9865	90.1268	90.0815	90.1539	90.1442	81.6674	81.6804	81.75815	81.72185	89.88865	89.8342	89.85245	89.8408	89.8176	89.8276	89.8343	89.84205	89.83635	89.82315	89.81505	89.8203	89.8084	89.8079	89.8796	89.763	89.8423	89.75865	89.81715	89.8118	89.7882	89.79955	89.83105	89.8465	89.85055	89.80705	89.80555	89.80365	89.8526	89.7799	99.354	99.9897	89.87565	89.8794	99.25325	99.98865	99.34815	99.9913	100	99.3643	99.35585	89.8901	99.99015	89.89035	99.99115	89.8867
Rhizobium_sp_QUR0092	90.04135	90.12015	90.0477	90.0495	90.12445	90.0942	90.0721	90.09035	90.07795	90.09185	90.05765	90.07385	90.17475	90.0941	90.04635	90.13175	90.10515	90.03915	90.05545	90.06895	90.0639	90.0955	90.12755	90.17175	90.15815	90.0526	90.74425	90.7963	90.71325	90.77515	90.81945	90.8044	90.51965	90.1252	90.11355	90.09705	90.16175	90.05305	90.4207	90.1571	90.17385	90.13615	90.1364	90.10365	90.09575	90.1494	90.1845	90.10245	90.0866	90.132	90.1172	90.12715	90.1158	90.04925	90.22485	90.1756	90.06605	90.10175	90.0797	90.1327	90.112	90.1687	90.163	90.17065	90.09335	90.03765	90.1547	90.1424	90.14765	90.12385	90.1026	90.12805	90.04675	90.1289	90.0259	90.0975	90.19995	90.0456	90.093	90.15055	90.17155	90.0384	90.0565	90.10465	90.07775	90.2068	90.0912	90.15765	90.1217	90.15015	90.18275	90.1222	90.20065	90.148	90.03355	90.1091	90.12975	90.1031	90.2186	90.37365	90.4297	90.07695	90.1161	90.0624	90.1437	90.20225	90.0581	90.1066	90.13375	90.1541	90.1537	90.0709	90.073	90.1141	91.27975	89.90545	89.8838	89.93865	89.9045	89.9227	89.8821	89.8964	89.9038	89.9109	89.92915	89.913	89.95565	89.95055	89.9102	89.91135	89.913	89.934	89.9113	89.92605	89.95735	89.902	89.86895	89.90195	89.8517	89.8684	89.84415	89.8545	89.83785	89.78155	89.7777	89.9522	89.81495	89.8386	89.81085	89.8221	89.8671	89.8084	89.81705	89.8042	89.77825	89.89155	89.79	89.83655	89.813	89.8102	89.8894	89.8302	89.79215	89.7944	89.8077	89.8037	81.58805	81.6111	81.65515	81.65595	89.894	89.92495	89.9043	89.90665	89.9318	89.90975	89.9436	89.89205	89.9163	89.91505	89.9	89.8983	89.95425	89.907	89.92335	89.8977	89.8971	89.86995	89.90005	89.9335	89.90945	89.91175	89.9224	89.93	89.92915	89.9203	89.9528	89.9533	89.93415	89.8716	99.98825	99.35655	89.9305	89.9238	99.1543	99.3584	99.9559	99.34675	99.3643	100	99.99475	89.89775	99.3607	89.9038	99.34965	89.9245
Rhizobium_sp_QUR0093	90.05755	90.11785	90.07445	90.0496	90.1026	90.086	90.0864	90.09085	90.1318	90.1271	90.07445	90.10465	90.20665	90.13735	90.08565	90.12715	90.0963	90.06615	90.09385	90.0484	90.0445	90.12465	90.11635	90.1217	90.15285	90.06165	90.7445	90.7813	90.7152	90.77745	90.8319	90.79285	90.52115	90.1136	90.10275	90.0556	90.09915	90.027	90.38065	90.1294	90.13705	90.15715	90.1357	90.1019	90.07235	90.0921	90.1531	90.0644	90.0709	90.13605	90.1001	90.14365	90.0681	90.02465	90.09665	90.12335	90.06305	90.1019	90.08	90.06655	90.06985	90.1413	90.0873	90.17105	90.0534	90.0562	90.16485	90.13855	90.09715	90.08285	90.0888	90.0839	90.0362	90.08735	90.01145	90.0766	90.1227	90.0578	90.0593	90.1625	90.1224	90.0399	90.0261	90.10215	90.0668	90.1509	90.07625	90.12085	90.1067	90.17365	90.1709	90.1205	90.1304	90.11515	90.0042	90.09655	90.1134	90.05145	90.18625	90.36875	90.438	90.08635	90.08025	90.0305	90.0917	90.08055	90.00005	90.0884	90.1263	90.11565	90.1284	90.07035	90.0783	90.0864	91.2742	89.89355	89.9228	89.93645	89.9007	89.94385	89.9271	89.93225	89.91725	89.9151	89.91945	89.9198	89.95745	89.94425	89.9275	89.9438	89.94425	89.95545	89.9257	89.91975	89.94615	89.9291	89.91585	89.9478	89.8536	89.8382	89.8725	89.8082	89.8189	89.8104	89.7706	89.91195	89.80205	89.8663	89.8028	89.8393	89.82255	89.82975	89.8404	89.8304	89.80515	89.9495	89.8035	89.8549	89.7664	89.7883	89.8678	89.8084	89.81405	89.7963	89.84	89.81515	81.63255	81.66695	81.6393	81.63255	89.8864	89.8979	89.896	89.86655	89.92805	89.8586	89.88595	89.88425	89.9094	89.90455	89.8864	89.88925	89.87995	89.87375	89.9039	89.8193	89.91285	89.8603	89.84705	89.8934	89.87745	89.8903	89.87345	89.89175	89.8966	89.8749	89.8878	89.8983	89.8772	89.8594	99.9815	99.3663	89.91405	89.9246	99.1879	99.3603	99.9558	99.3602	99.35585	99.99475	100	89.9256	99.3659	89.90505	99.37195	89.86185
Rhizobium_sp_QUR0107	91.62275	91.61155	91.6205	91.60525	91.64065	91.63855	91.6011	91.66945	91.64495	91.6426	91.58855	91.626	91.72635	91.6331	91.6253	91.6432	91.60295	91.65285	91.634	91.6257	91.6316	91.63585	91.6533	91.6534	91.6595	91.61785	90.999	90.9972	90.99675	90.807	91.04035	91.05645	89.0104	88.9556	88.999	88.99755	88.95405	88.9662	89.10495	88.98055	89.00045	89.00705	88.9742	88.98255	88.97735	88.94115	88.98455	89.00235	89.03375	89.01975	88.99215	88.95845	88.9511	88.9517	89.0183	88.9398	88.9813	89.0166	88.9806	89.01625	88.9235	88.9879	89.0609	89.2121	89.0006	88.9803	88.99445	88.98265	88.91075	88.9792	88.9219	88.9296	88.93745	89.0122	88.92145	88.89425	89.0162	88.94395	88.9716	88.95305	88.93905	88.9777	88.95705	89.03435	88.9263	88.98245	88.97025	88.9806	88.89985	89.0082	89.01085	88.92815	89.0116	88.96635	88.94315	88.97565	88.98425	88.97965	89.1241	89.0768	89.1091	88.9921	88.92095	88.9839	88.9814	88.99735	88.9391	88.966	88.99525	88.96695	89.09355	88.94795	88.96835	88.9972	89.4232	93.82785	93.84435	93.82255	93.8466	93.87825	93.8577	93.8661	93.8383	93.83115	93.82555	93.8364	93.8268	93.8384	93.87125	93.86605	93.8173	93.8593	93.8418	93.81725	93.8086	93.8484	93.83475	93.81245	93.62315	93.6147	93.62355	94.159	94.147	94.14505	94.17245	94.30575	94.15955	94.0656	94.1505	94.16915	94.18175	94.1633	94.14315	94.19205	94.1641	94.25055	94.1504	94.1728	94.15125	94.17235	94.1017	94.092	94.14435	94.1437	94.15415	94.1437	81.7968	81.86185	81.82525	81.7579	88.77565	88.75715	88.72275	88.7309	88.74345	88.7255	88.74825	88.73735	88.6827	88.7128	88.7264	88.71735	88.71515	88.70585	88.77635	88.4731	88.73515	88.531	88.70555	88.7216	88.6915	88.71955	88.75245	88.75455	88.73735	88.70605	88.7619	88.71725	88.7476	88.46135	89.9131	89.8993	99.94855	99.99315	90.02735	89.82695	89.8983	89.8261	89.8901	89.89775	89.9256	100	89.82705	99.94025	89.90155	99.26995
Rhizobium_sp_QUR0108	90.22755	90.3377	90.2261	90.18745	90.218	90.2393	90.1895	90.27265	90.29775	90.24175	90.21215	90.21785	90.13615	90.2072	90.21175	90.34995	90.20545	90.1806	90.2011	90.2567	90.2468	90.313	90.2742	90.24745	90.2742	90.1807	90.75095	90.7967	90.7419	90.7307	90.80185	90.81845	90.45965	90.26855	90.29985	90.2936	90.261	90.29525	90.4725	90.0337	90.07465	90.0622	90.07025	90.2468	90.28055	90.238	90.07575	90.27595	90.26095	90.3162	90.31195	90.2814	90.268	90.24215	90.08975	90.09265	90.2899	90.31795	90.3122	90.33005	90.2772	90.10175	90.099	90.05565	90.264	90.2879	90.0817	90.07575	90.28745	90.30115	90.0709	90.28095	90.2821	90.26605	90.2492	90.0693	90.07525	90.25255	90.2918	90.06945	90.0363	90.28055	90.30425	90.275	90.32455	90.0977	90.25365	90.0653	90.29385	90.05705	90.0908	90.0885	90.07625	90.35385	90.25905	90.27145	90.2624	90.2524	90.2363	90.4457	90.4608	90.29995	90.08425	90.26245	90.30455	90.06835	90.2246	90.2451	90.2634	90.31105	90.32405	90.265	90.29105	90.29635	91.3872	90.1013	90.08125	90.1025	90.0776	90.11615	90.0757	90.0902	90.0997	90.0766	90.0806	90.06725	90.0939	90.10415	90.08575	90.11085	90.089	90.0992	90.0964	90.1024	90.09655	90.10195	90.10645	90.1293	90.0295	90.03455	90.01185	90.0278	90.00345	90.16665	90.164	89.9145	90.01055	89.8075	90.0205	90.04335	90.1333	90.14425	90.163	90.00585	90.00015	89.89535	90.157	90.04655	90.0377	90.16815	90.0902	90.02865	90.13645	90.1343	90.14905	90.13775	81.71735	81.7155	81.7255	81.70685	89.81985	89.82325	89.8266	89.82975	89.8611	89.79295	89.82285	89.8258	89.84465	89.83005	89.83395	89.81885	89.84365	89.79805	89.8109	89.77375	89.81535	89.77105	89.78595	89.7894	89.78815	89.7815	89.8019	89.82665	89.8265	89.8034	89.8014	89.8207	89.8272	89.76075	99.3909	99.992	89.906	89.8603	99.25415	99.9932	99.3818	99.9928	99.99015	99.3607	99.3659	89.82705	100	89.9091	99.99245	89.85855
Rhizobium_sp_QUR0188	91.58875	91.6244	91.5899	91.5893	91.6202	91.61895	91.64135	91.64485	91.60795	91.6655	91.6093	91.6137	91.7111	91.58285	91.5959	91.6146	91.6414	91.6161	91.63455	91.6044	91.615	91.63495	91.68475	91.6583	91.65065	91.5904	91.02645	90.9867	91.0177	90.8282	91.05015	91.0687	89.0821	88.9965	89.01835	89.0253	89.01425	89.0181	89.13775	88.9812	89.0142	89.0378	89.00245	89.0295	88.98785	88.9918	89.00035	89.01975	89.0237	89.03095	88.976	89.004	88.9993	89.00975	88.99555	88.97755	89.0373	89.05885	89.0394	89.0811	88.9952	89.02695	89.0196	89.2353	89.07625	89.0365	89.00465	89.01225	88.9655	89.0213	88.9122	88.9899	89.0105	89.05725	88.99935	88.9227	89.0479	89.00025	88.98565	89.02995	88.984	89.04645	89.01445	89.0426	89.0023	89.03215	88.96585	88.9917	88.95445	89.01075	89.0405	88.9692	89.03395	89.00315	88.99345	89.02265	89.04155	89.04995	89.13845	89.13095	89.11235	89.0308	88.9154	89.0475	89.06135	89.0148	89.02145	89.0052	88.9945	89.0214	89.13145	88.98025	89.03025	89.0132	89.4442	93.86245	93.8711	93.8567	93.88745	93.887	93.8928	93.8692	93.868	93.85705	93.8602	93.85775	93.85865	93.84545	93.8782	93.88515	93.8557	93.8765	93.8731	93.8603	93.8588	93.8816	93.8458	93.8456	93.626	93.60955	93.6325	94.1426	94.1211	94.1275	94.1488	94.3254	94.09795	94.09555	94.12905	94.15035	94.1456	94.14555	94.1617	94.1389	94.12105	94.21215	94.1771	94.1526	94.13035	94.10275	94.07545	94.0426	94.1276	94.13625	94.1674	94.12745	81.7751	81.78015	81.81125	81.75005	88.75055	88.76445	88.73935	88.7678	88.7854	88.75385	88.7763	88.72335	88.73245	88.78175	88.71275	88.70805	88.7809	88.7639	88.75225	88.51465	88.7582	88.52725	88.7327	88.76065	88.76085	88.7641	88.77865	88.76935	88.7584	88.76665	88.75615	88.73605	88.76725	88.5227	89.9381	89.9112	99.9736	99.9449	90.026	89.8895	89.8691	89.8812	89.89035	89.9038	89.90505	99.94025	89.9091	100	89.9493	99.30855
Rhizobium_sp_QUR0208	90.2156	90.3644	90.2121	90.2006	90.24015	90.2409	90.2113	90.25565	90.2518	90.2474	90.22415	90.2264	90.13955	90.23575	90.2258	90.3076	90.2468	90.20325	90.2094	90.2237	90.21965	90.2541	90.2964	90.2533	90.2741	90.18245	90.78625	90.8165	90.8057	90.7394	90.7446	90.82305	90.5027	90.28335	90.31315	90.3029	90.2947	90.32555	90.50335	90.08465	90.12935	90.0721	90.0854	90.2652	90.2718	90.2936	90.0949	90.34135	90.29495	90.3029	90.30565	90.3226	90.27895	90.26215	90.14145	90.0713	90.30915	90.31325	90.2991	90.33515	90.29125	90.1189	90.1003	90.0837	90.2956	90.29705	90.08965	90.0947	90.27125	90.3444	90.1016	90.2568	90.2796	90.303	90.2541	90.1158	90.12935	90.28455	90.2899	90.07765	90.10555	90.2828	90.29225	90.3038	90.2958	90.1291	90.2811	90.06895	90.28705	90.0652	90.0803	90.10495	90.11485	90.32185	90.2735	90.3005	90.3287	90.29405	90.26375	90.4674	90.4838	90.3102	90.1096	90.2778	90.3359	90.10835	90.28615	90.31085	90.27085	90.31755	90.36955	90.2883	90.27655	90.2962	91.4675	90.06535	90.0702	90.0709	90.0402	90.1127	90.10395	90.07235	90.05285	90.0523	90.0686	90.06245	90.08195	90.0902	90.0932	90.12345	90.1037	90.1145	90.05755	90.0669	90.1065	90.0346	90.1328	90.1321	89.97695	89.99825	90.02395	89.99555	89.9699	90.1246	90.1416	89.96705	89.99305	89.83565	90.01605	90.00045	90.12335	90.1593	90.10295	90.0097	90.0081	89.9344	90.1103	90.00325	90.0247	90.1265	90.07775	89.98285	90.1091	90.0998	90.1582	90.1576	81.70105	81.70075	81.8014	81.7531	89.8597	89.8401	89.8453	89.8295	89.83305	89.8193	89.83195	89.85155	89.8615	89.8384	89.8364	89.8255	89.8325	89.82875	89.85115	89.79525	89.8501	89.76925	89.8311	89.83505	89.81835	89.8522	89.80445	89.82885	89.85925	89.81405	89.8354	89.8259	89.8582	89.78775	99.3615	99.9908	89.91645	89.88	99.24865	99.99015	99.3487	99.99275	99.99115	99.34965	99.37195	89.90155	99.99245	89.9493	100	89.91185
Rhizobium_sp_QUR0225	91.5332	91.6012	91.53125	91.5757	91.62035	91.58735	91.55995	91.5989	91.58245	91.5962	91.55025	91.54035	91.6776	91.52265	91.5826	91.5873	91.56955	91.612	91.5674	91.5569	91.5916	91.54895	91.6042	91.63625	91.6177	91.5729	90.9064	90.9482	90.91525	90.74625	90.97825	91.0044	89.0126	88.998	89.0239	88.97445	88.9856	89.00795	89.0956	88.97365	88.9845	88.97355	88.93075	88.9858	88.9964	88.9864	89.00885	88.99985	89.03095	88.98705	88.9832	88.97885	89.0117	88.9669	89.03445	88.97545	89.04565	89.02545	89.0341	89.0276	88.9542	88.99015	89.02665	89.1952	89.00415	89.0345	88.95535	88.9205	88.95835	88.99245	88.89675	88.9699	88.9709	89.00795	88.9447	88.8819	89.03665	88.9456	88.9733	88.9927	88.9722	89.02755	88.992	89.031	88.969	89.00795	88.97355	88.94095	88.9802	88.8922	88.9889	88.87095	88.97545	89.03155	88.933	89.019	89.00355	88.95475	89.1352	89.085	89.05805	89.0147	88.9117	89.008	88.99385	89.0313	88.9839	88.9817	89.01965	88.9956	89.1345	89.0066	89.029	88.9691	89.38205	93.80155	93.81225	93.8028	93.8082	93.83365	93.82915	93.8122	93.79405	93.80335	93.79245	93.7926	93.7999	93.7905	93.83275	93.83945	93.7931	93.8254	93.8051	93.79805	93.7947	93.81695	93.7917	93.81865	93.57295	93.5918	93.55135	94.063	94.0333	94.0573	94.0432	94.1268	94.04345	94.0717	94.058	94.0271	94.0589	94.0957	94.09345	94.0475	94.04815	94.1643	94.05635	94.05965	94.0659	94.06405	94.0067	93.9895	94.0682	94.0881	94.0951	94.0939	81.7813	81.80085	81.81955	81.79215	88.69705	88.6716	88.69445	88.6748	88.7408	88.66925	88.6671	88.6757	88.67095	88.71755	88.68175	88.6657	88.6334	88.69865	88.70285	88.5318	88.6894	88.49375	88.66315	88.7112	88.68585	88.69385	88.6919	88.6477	88.6712	88.68985	88.6322	88.67415	88.65615	88.47365	89.8729	89.8919	99.30495	99.25195	90.01835	89.8556	89.8675	89.84705	89.8867	89.9245	89.86185	99.26995	89.85855	99.30855	89.91185	100
